chain_id	precision_at_l
11as_B	0.1437308868501529
16vp_A	0.08360128617363344
1a04_A	0.6341463414634146
1a0e_A	0.43115124153498874
1a0g_B	0.2375886524822695
1a0p_A	0.2878228782287823
1a1s_A	0.5335463258785943
1a2o_A	0.5850144092219021
1a2z_A	0.34545454545454546
1a39_A	0.06218905472636816
1a3a_C	0.1232876712328767
1a3w_A	0.4268292682926829
1a59_A	0.03713527851458886
1a5i_A	0.32075471698113206
1a65_A	0.4642857142857143
1a6c_A	0.08823529411764706
1a6j_B	0.17834394904458598
1a6r_A	0.14596949891067537
1a6x_A	0.3563218390804598
1a78_A	0.3208955223880597
1a7j_A	0.25089605734767023
1a87_A	0.05723905723905724
1a8t_A	0.508695652173913
1abe_A	0.6098360655737705
1ac0_A	0.5462962962962963
1ac5_A	0.36853002070393376
1ady_A	0.2261904761904762
1aei_A	0.1523809523809524
1af7_A	0.46715328467153283
1afp_A	0.21568627450980393
1ag4_A	0.1553398058252427
1agj_A	0.33884297520661155
1ah1_A	0.5581395348837209
1ahs_A	0.15873015873015872
1aj8_A	0.06199460916442048
1ajo_B	0.13145539906103287
1ajz_A	0.44680851063829785
1ak7_A	0.13218390804597702
1akl_A	0.25957446808510637
1akn_A	0.33137254901960783
1ako_A	0.43656716417910446
1akp_A	0.07017543859649122
1al0_G	0.4114285714285714
1am2_A	0.17679558011049723
1am4_C	0.04522613065326633
1ao5_A	0.3516949152542373
1ao8_A	0.30864197530864196
1aox_A	0.5223880597014925
1ap7_A	0.6428571428571429
1apj_A	0.16216216216216217
1aro_L	0.2550335570469799
1asp_A	0.4803921568627451
1atg_A	0.5670995670995671
1au1_A	0.09036144578313253
1aug_A	0.4666666666666667
1auo_A	0.6605504587155964
1aut_C	0.32083333333333336
1aw0_A	0.4722222222222222
1ax3_A	0.16666666666666666
1azz_A	0.33185840707964603
1b02_A	0.15770609318996415
1b06_A	0.10096153846153846
1b0u_A	0.44573643410852715
1b1j_A	0.12195121951219512
1b1y_A	0.38
1b25_D	0.08823529411764706
1b35_C	0.16666666666666666
1b3u_A	0.5352941176470588
1b54_A	0.3782608695652174
1b5s_A	0.13636363636363635
1b63_A	0.24624624624624625
1b65_A	0.15151515151515152
1b76_A	0.2171945701357466
1b87_A	0.569060773480663
1b94_B	0.28688524590163933
1b9h_A	0.4375
1b9l_A	0.42016806722689076
1b9n_A	0.34108527131782945
1b9r_A	0.26666666666666666
1bag_A	0.37176470588235294
1bcj_1	0.22077922077922077
1bcp_A	0.11160714285714286
1bf2_A	0.3784313725490196
1bg6_A	0.44412607449856734
1bgp_A	0.032362459546925564
1bgx_T	0.12549019607843137
1bhe_A	0.7686170212765957
1bhg_A	0.38823529411764707
1bhu_A	0.09803921568627451
1bhy_A	0.3360995850622407
1bih_A	0.6470588235294118
1bik_A	0.22727272727272727
1bla_A	0.11612903225806452
1ble_A	0.3105590062111801
1blx_A	0.33114754098360655
1bmv_2	0.13903743315508021
1bol_A	0.07657657657657657
1boo_A	0.46099290780141844
1bos_L	0.34782608695652173
1bou_D	0.28859060402684567
1boy_A	0.5592417061611374
1bp1_A	0.1206140350877193
1bpv_A	0.7403846153846154
1bqh_K	0.552
1bqs_A	0.5167464114832536
1bqx_A	0.33766233766233766
1bsg_A	0.3308270676691729
1buy_A	0.0963855421686747
1bvp_6	0.12034383954154727
1bw4_A	0.232
1bw9_A	0.32
1bwd_A	0.10919540229885058
1bxn_I	0.17829457364341086
1bxr_A	0.32745098039215687
1by2_A	0.0625
1bys_A	0.6052631578947368
1c0p_A	0.3608815426997245
1c1k_A	0.12903225806451613
1c2y_T	0.6580645161290323
1c3a_A	0.2
1c3g_A	0.17647058823529413
1c3m_A	0.13793103448275862
1c4x_A	0.6263345195729537
1c7d_A	0.03873239436619718
1c7j_A	0.3670103092783505
1c7n_G	0.4010152284263959
1c7s_A	0.2901960784313726
1c89_A	0.03731343283582089
1c8b_A	0.209375
1c8n_C	0.3013698630136986
1c8o_A	0.043333333333333335
1c9k_B	0.4722222222222222
1cb8_A	0.21764705882352942
1cbf_A	0.33472803347280333
1cby_A	0.06167400881057269
1ccw_C	0.6423357664233577
1ccw_D	0.29606625258799174
1cef_A	0.29394812680115273
1cen_A	0.48502994011976047
1cfb_A	0.6585365853658537
1cfr_A	0.04946996466431095
1cfz_D	0.5432098765432098
1cg8_A	0.11347517730496454
1ci0_A	0.2975609756097561
1civ_A	0.43315508021390375
1cja_A	0.1620795107033639
1cjx_A	0.31444759206798867
1cjy_A	0.3333333333333333
1ckn_A	0.13249211356466878
1cne_A	0.5
1coj_A	0.12322274881516587
1cpz_A	0.47058823529411764
1cqx_A	0.38461538461538464
1cr5_A	0.03932584269662921
1cs8_A	0.2088607594936709
1ctt_A	0.3435374149659864
1cuo_A	0.5348837209302325
1cur_A	0.5548387096774193
1cvr_A	0.47453703703703703
1cws_A	0.30726256983240224
1cwv_A	0.5020661157024794
1cx1_A	0.5098039215686274
1cxy_A	0.09876543209876543
1cz3_B	0.3392857142857143
1cz7_D	0.1232876712328767
1czf_A	0.6268656716417911
1d02_B	0.265
1d0i_H	0.6013071895424836
1d0k_A	0.16878980891719744
1d2p_A	0.2064343163538874
1d2z_D	0.0457516339869281
1d3u_B	0.23880597014925373
1d3y_B	0.27241379310344827
1d4c_A	0.2235294117647059
1d4v_B	0.5521472392638037
1d7c_A	0.14736842105263157
1d8u_A	0.10909090909090909
1d8v_A	0.057034220532319393
1dab_A	0.596078431372549
1dam_A	0.5
1dap_A	0.31875
1dbd_A	0.09
1dbf_A	0.11023622047244094
1dbt_A	0.510548523206751
1dce_B	0.3404255319148936
1dcj_A	0.5925925925925926
1dcn_B	0.11961722488038277
1dd1_B	0.14457831325301204
1ddl_A	0.3670212765957447
1ddz_A	0.13305613305613306
1de3_A	0.15333333333333332
1de5_A	0.22302158273381295
1dek_A	0.2987551867219917
1deu_A	0.21818181818181817
1dfd_A	0.40625
1dfm_A	0.2556053811659193
1dfo_B	0.4196642685851319
1dhm_A	0.46987951807228917
1di7_A	0.5621621621621622
1die_A	0.4860050890585242
1diq_A	0.1843137254901961
1dix_A	0.14903846153846154
1djg_B	0.3254901960784314
1dl2_A	0.24901960784313726
1dl5_A	0.4037854889589905
1dlj_A	0.5049751243781094
1dlp_C	0.08974358974358974
1dm1_A	0.0821917808219178
1dmg_A	0.3081395348837209
1dml_E	0.09454545454545454
1dmu_A	0.07692307692307693
1doa_B	0.355
1dof_A	0.11688311688311688
1dq3_A	0.2026431718061674
1dq7_A	0.25
1dqp_A	0.34782608695652173
1dqx_A	0.3146067415730337
1dr9_A	0.585
1dro_A	0.23770491803278687
1drw_A	0.45588235294117646
1ds9_A	0.37373737373737376
1dun_A	0.06666666666666667
1dvj_A	0.48535564853556484
1dw2_A	0.22321428571428573
1dxm_A	0.3282442748091603
1dxt_B	0.12244897959183673
1dys_A	0.4405797101449275
1e03_L	0.05200945626477541
1e0c_A	0.4833948339483395
1e0z_A	0.2421875
1e2k_B	0.20253164556962025
1e2o_A	0.1782608695652174
1e3c_P	0.2765072765072765
1e3d_B	0.025490196078431372
1e3p_A	0.06666666666666667
1e4e_A	0.3343108504398827
1e4y_A	0.40654205607476634
1e51_B	0.5518394648829431
1e5d_A	0.5885286783042394
1e5k_A	0.5159574468085106
1e5p_A	0.18120805369127516
1e5q_D	0.2717149220489978
1e69_F	0.4068441064638783
1e6b_A	0.29381443298969073
1e6c_A	0.5470588235294118
1e6e_A	0.38074398249452956
1e6q_M	0.3627254509018036
1e7z_A	0.21965317919075145
1e8c_B	0.46277665995975853
1e9s_G	0.23185011709601874
1e9x_A	0.15367483296213807
1ec6_A	0.41379310344827586
1edg_A	0.5184210526315789
1ee9_A	0.3627760252365931
1efv_B	0.3492063492063492
1eg3_A	0.08076923076923077
1egg_B	0.1597222222222222
1eh5_A	0.5125448028673835
1eh9_A	0.403921568627451
1ehy_A	0.6524822695035462
1ei5_A	0.23529411764705882
1eiq_A	0.3494809688581315
1eiw_A	0.4594594594594595
1eix_C	0.4870689655172414
1eiy_A	0.0927536231884058
1eje_A	0.234375
1eku_B	0.03543307086614173
1elj_A	0.4368421052631579
1elk_A	0.3137254901960784
1em8_A	0.29931972789115646
1ems_A	0.441747572815534
1eom_A	0.5406360424028268
1ep3_A	0.5080385852090032
1eq1_A	0.10240963855421686
1eq6_A	0.12698412698412698
1eq9_A	0.34234234234234234
1erj_C	0.5154061624649859
1esc_A	0.5
1esg_B	0.330188679245283
1esj_A	0.44014084507042256
1esn_A	0.3215434083601286
1eu3_A	0.10952380952380952
1eu4_A	0.08823529411764706
1eu8_A	0.3882063882063882
1eud_B	0.44050632911392407
1euv_A	0.13122171945701358
1evs_A	0.09815950920245399
1ewq_A	0.14313725490196078
1ex9_A	0.4421052631578947
1exh_A	0.45454545454545453
1exk_A	0.06329113924050633
1ez0_A	0.32142857142857145
1ezw_A	0.43515850144092216
1ezx_C	0.22857142857142856
1f00_I	0.48226950354609927
1f0k_A	0.5698005698005698
1f0x_A	0.16135458167330677
1f13_A	0.20392156862745098
1f15_C	0.3089005235602094
1f1e_A	0.11258278145695365
1f1s_A	0.2196078431372549
1f2d_A	0.4633431085043988
1f56_B	0.46153846153846156
1f5q_D	0.12096774193548387
1f6f_A	0.07650273224043716
1f6o_A	0.061611374407582936
1f7c_A	0.04395604395604396
1f7r_A	0.23308270676691728
1f7s_A	0.20161290322580644
1f7v_A	0.21764705882352942
1f7w_A	0.3541666666666667
1f89_A	0.5129151291512916
1f8g_A	0.5130890052356021
1f8v_A	0.014084507042253521
1f8x_A	0.4551282051282051
1faa_A	0.49586776859504134
1fb1_A	0.09693877551020408
1fcd_A	0.44139650872817954
1fcf_A	0.4263565891472868
1fdd_A	0.2358490566037736
1fdn_A	0.2727272727272727
1fdo_A	0.2411764705882353
1fdt_A	0.6350877192982456
1ffu_C	0.25435540069686413
1fg3_A	0.4406779661016949
1fg9_C	0.49047619047619045
1fgu_A	0.3252032520325203
1fhv_A	0.453416149068323
1fiv_A	0.2920353982300885
1fj2_A	0.6244541484716157
1fjd_A	0.34615384615384615
1fk2_A	0.21505376344086022
1fk8_A	0.6333333333333333
1flc_A	0.1873536299765808
1flg_A	0.43333333333333335
1fm0_D	0.5061728395061729
1fmb_A	0.27884615384615385
1fmd_2	0.22477064220183487
1fmi_A	0.28289473684210525
1fnl_A	0.5722543352601156
1fnn_A	0.45118733509234826
1fnx_H	0.39655172413793105
1fod_1	0.0380952380952381
1foe_A	0.14402173913043478
1foh_C	0.2627450980392157
1fok_A	0.21372549019607842
1fp1_D	0.4647058823529412
1fp3_A	0.31094527363184077
1fp8_A	0.246
1fps_A	0.09195402298850575
1fq1_A	0.41530054644808745
1fq3_A	0.31718061674008813
1fqt_A	0.27522935779816515
1frd_A	0.30612244897959184
1ft5_A	0.04739336492890995
1ft9_A	0.4142857142857143
1fuj_A	0.334841628959276
1fus_A	0.16037735849056603
1fvo_B	0.4735202492211838
1fvp_A	0.06926406926406926
1fx5_A	0.22916666666666666
1fx7_A	0.3
1fxd_A	0.4482758620689655
1fy1_A	0.31555555555555553
1fyb_A	0.13513513513513514
1fyw_A	0.3959731543624161
1fzd_A	0.08629441624365482
1g0c_A	0.4748603351955307
1g0i_A	0.23809523809523808
1g0o_C	0.6263345195729537
1g1c_A	0.7040816326530612
1g2b_A	0.24193548387096775
1g31_A	0.21495327102803738
1g43_A	0.35625
1g4u_S	0.17222222222222222
1g5b_B	0.43891402714932126
1g5c_A	0.40828402366863903
1g5q_A	0.47126436781609193
1g5z_A	0.2073170731707317
1g60_A	0.5546218487394958
1g61_A	0.11555555555555555
1g69_B	0.5307017543859649
1g6a_A	0.2894736842105263
1g6e_A	0.16091954022988506
1g6h_A	0.49606299212598426
1g7u_A	0.4788732394366197
1g9q_A	0.37073170731707317
1ga1_A	0.35135135135135137
1ga3_A	0.11504424778761062
1gak_A	0.021897810218978103
1gcu_A	0.4863013698630137
1gcz_C	0.3474576271186441
1gd9_A	0.4639175257731959
1gdh_A	0.565625
1ge9_A	0.20652173913043478
1gg4_A	0.4419134396355353
1ggp_B	0.15748031496062992
1gh2_A	0.5327102803738317
1gh8_A	0.34831460674157305
1ghe_B	0.5029239766081871
1ghr_A	0.5032679738562091
1gio_A	0.144
1gjx_A	0.32098765432098764
1gk2_A	0.06483300589390963
1gkr_A	0.352549889135255
1gl4_A	0.09157509157509157
1gl4_B	0.7078651685393258
1gl9_B	0.3588235294117647
1glb_F	0.22839506172839505
1gm6_A	0.1949685534591195
1gmm_A	0.6111111111111112
1gmu_C	0.07142857142857142
1gn0_A	0.5185185185185185
1go1_A	0.20588235294117646
1goa_A	0.4230769230769231
1goj_A	0.1440677966101695
1gp6_A	0.20857142857142857
1gp7_C	0.08870967741935484
1gpe_A	0.14901960784313725
1gph_1	0.2967741935483871
1gq7_A	0.4418604651162791
1gq8_A	0.5391849529780565
1gqf_A	0.5509433962264151
1gqi_A	0.32745098039215687
1gqo_B	0.6013986013986014
1gqt_B	0.5439739413680782
1gr0_A	0.3628048780487805
1grt_A	0.3225108225108225
1gsa_A	0.3853503184713376
1gsq_A	0.3316831683168317
1gtd_B	0.38095238095238093
1gtt_A	0.1330166270783848
1gui_A	0.6064516129032258
1gv4_A	0.373469387755102
1gvh_A	0.43434343434343436
1gvn_B	0.4139194139194139
1gwj_A	0.47058823529411764
1gwm_A	0.6143790849673203
1gx3_A	0.2391304347826087
1gxd_A	0.15490196078431373
1gxd_C	0.2708333333333333
1gxm_B	0.26506024096385544
1gxs_A	0.41947565543071164
1gxt_A	0.42045454545454547
1gy8_C	0.5513513513513514
1gyg_A	0.27837837837837837
1gyt_L	0.32007952286282304
1gyw_B	0.453125
1gz2_A	0.18705035971223022
1gzf_B	0.12796208530805686
1h14_A	0.2623762376237624
1h1i_B	0.4797687861271676
1h1o_A	0.3546511627906977
1h21_A	0.10833333333333334
1h2b_B	0.4418604651162791
1h2e_A	0.4492753623188406
1h30_A	0.2506393861892583
1h3e_A	0.18969555035128804
1h3g_A	0.37058823529411766
1h3z_A	0.37037037037037035
1h4p_A	0.39215686274509803
1h54_B	0.2568627450980392
1h5q_A	0.6346153846153846
1h65_A	0.46303501945525294
1h6d_A	0.5065274151436031
1h6x_A	0.6540880503144654
1h70_A	0.25098039215686274
1h7a_A	0.08235294117647059
1h7r_A	0.5292397660818714
1h7x_B	0.3941176470588235
1h8m_A	0.29285714285714287
1h8t_A	0.14482758620689656
1h93_A	0.36082474226804123
1h99_A	0.1590909090909091
1h9j_A	0.30344827586206896
1hcf_A	0.06611570247933884
1hcu_B	0.3047034764826176
1hdc_A	0.6798418972332015
1he1_B	0.08148148148148149
1hfe_L	0.22418136020151133
1hfo_A	0.18584070796460178
1hg8_A	0.6189111747851003
1hgu_A	0.09090909090909091
1hh2_P	0.23837209302325582
1hi9_A	0.4197080291970803
1hiz_A	0.4746666666666667
1hjr_A	0.4810126582278481
1hkg_A	0.05470459518599562
1hkv_A	0.35650224215246634
1hl6_A	0.4957983193277311
1hlq_A	0.18666666666666668
1hm8_A	0.3951965065502183
1hn0_A	0.34901960784313724
1hnf_A	0.6201117318435754
1hng_A	0.5428571428571428
1hp7_A	0.05319148936170213
1hqi_A	0.15555555555555556
1hqz_1	0.2949640287769784
1hr6_D	0.309255079006772
1hss_A	0.07207207207207207
1htn_A	0.22435897435897437
1hwn_A	0.07086614173228346
1hx2_A	0.15
1hxh_A	0.6679841897233202
1hxm_B	0.5478260869565217
1hy5_B	0.08264462809917356
1hyg_A	0.4536741214057508
1hyh_A	0.4208754208754209
1hyl_A	0.33043478260869563
1hz4_A	0.5409836065573771
1hzh_H	0.5010940919037199
1hzm_A	0.33766233766233766
1i01_D	0.6205357142857143
1i0r_B	0.30357142857142855
1i16_A	0.3076923076923077
1i19_A	0.1450980392156863
1i1n_A	0.5
1i1r_B	0.059880239520958084
1i35_A	0.24210526315789474
1i36_A	0.40310077519379844
1i4j_A	0.36363636363636365
1i4n_A	0.545816733067729
1i4v_A	0.25217391304347825
1i5p_A	0.08235294117647059
1i6a_A	0.6179245283018868
1i78_A	0.48484848484848486
1i7l_A	0.2815533980582524
1i7p_A	0.4963235294117647
1i7q_A	0.07647058823529412
1i7s_B	0.5416666666666666
1i8d_A	0.2766990291262136
1i8n_A	0.2696629213483146
1i9g_A	0.5227272727272727
1i9z_A	0.3898809523809524
1iaw_A	0.12171052631578948
1ib1_E	0.5195530726256983
1ici_A	0.3828125
1id0_A	0.5958904109589042
1id2_A	0.5188679245283019
1idk_A	0.5125348189415042
1ig0_B	0.27586206896551724
1ihg_A	0.3076923076923077
1ihj_B	0.35789473684210527
1ihn_A	0.24778761061946902
1ii0_B	0.3941176470588235
1ii5_A	0.5656108597285068
1ii7_A	0.46846846846846846
1iil_G	0.6465116279069767
1iio_A	0.2261904761904762
1ijt_A	0.109375
1ik6_A	0.45422535211267606
1ikn_D	0.6111111111111112
1ilw_A	0.6033519553072626
1im0_A	0.24045801526717558
1im3_D	0.06315789473684211
1imj_A	0.625
1imo_A	0.26136363636363635
1imt_A	0.125
1in0_A	0.24074074074074073
1inp_A	0.135
1iom_A	0.026737967914438502
1ion_A	0.6008230452674898
1ioo_A	0.09693877551020408
1ip9_A	0.29411764705882354
1iq6_B	0.48120300751879697
1iqp_D	0.41411042944785276
1iqq_A	0.125
1ira_Y	0.5498392282958199
1is5_A	0.31343283582089554
1ish_A	0.208
1isu_A	0.16129032258064516
1it2_A	0.0821917808219178
1it8_B	0.2803921568627451
1iti_A	0.12030075187969924
1itw_A	0.12549019607843137
1iue_A	0.336734693877551
1iuh_A	0.28415300546448086
1iuj_B	0.5145631067961165
1iun_B	0.6594202898550725
1iv8_A	0.18823529411764706
1ivy_A	0.38716814159292035
1ivz_A	0.12878787878787878
1iw1_A	0.018867924528301886
1iwp_A	0.12156862745098039
1ix5_A	0.2913907284768212
1ixk_A	0.5540983606557377
1ixl_A	0.46153846153846156
1ixs_B	0.41904761904761906
1iy8_G	0.686046511627907
1iyn_A	0.06545454545454546
1iyu_A	0.3037974683544304
1iyz_A	0.451505016722408
1iz1_B	0.5850340136054422
1izc_A	0.4013377926421405
1izl_O	0.00975609756097561
1izm_A	0.10588235294117647
1j0f_A	0.54
1j0t_A	0.14102564102564102
1j10_B	0.30980392156862746
1j1b_B	0.32142857142857145
1j1i_A	0.689922480620155
1j24_A	0.5413533834586466
1j2a_A	0.2469879518072289
1j2w_A	0.5613207547169812
1j33_A	0.19519519519519518
1j3g_A	0.22994652406417113
1j4b_A	0.06944444444444445
1j4w_A	0.4068965517241379
1j5s_A	0.21729490022172948
1j5u_A	0.2125984251968504
1j5x_A	0.5266457680250783
1j6o_A	0.5115384615384615
1j6p_A	0.44717444717444715
1j6y_A	0.18333333333333332
1j72_A	0.20474777448071216
1j77_A	0.105
1j83_A	0.2722222222222222
1j8d_A	0.45555555555555555
1j93_A	0.4752186588921283
1j9j_A	0.48582995951417
1jal_A	0.32471264367816094
1jax_A	0.5801886792452831
1jbi_A	0.18
1jbj_A	0.478494623655914
1jc5_B	0.35374149659863946
1jc9_A	0.06363636363636363
1jcf_A	0.37202380952380953
1jd1_A	0.5079365079365079
1jdb_F	0.3868421052631579
1jdi_F	0.13004484304932734
1jdl_A	0.2711864406779661
1jdn_A	0.4643734643734644
1je3_A	0.3917525773195876
1je5_B	0.14835164835164835
1jeo_A	0.5028248587570622
1jeq_A	0.29411764705882354
1jer_A	0.5
1jfx_A	0.4608294930875576
1jg1_A	0.4604651162790698
1jgt_B	0.288
1jh3_A	0.1717171717171717
1jh8_A	0.1724137931034483
1jhd_A	0.2297979797979798
1jhh_A	0.27918781725888325
1ji0_A	0.4708333333333333
1ji4_A	0.3194444444444444
1jid_A	0.11403508771929824
1jk9_D	0.3333333333333333
1jke_A	0.07586206896551724
1jkn_A	0.40606060606060607
1jkv_A	0.24060150375939848
1jky_A	0.10784313725490197
1jli_A	0.08928571428571429
1jlj_A	0.5384615384615384
1jln_A	0.2255892255892256
1jm1_A	0.1188118811881188
1jmo_A	0.03044496487119438
1jmv_A	0.6714285714285714
1jmx_A	0.21095334685598377
1jmx_B	0.41002949852507375
1jne_A	0.475
1jnw_A	0.2757009345794392
1jov_A	0.09665427509293681
1jpv_A	0.4297872340425532
1jq4_A	0.29591836734693877
1jqg_A	0.3960880195599022
1jqn_A	0.13137254901960785
1jr2_A	0.55
1jr7_A	0.238562091503268
1jrm_A	0.27884615384615385
1js1_X	0.5123456790123457
1js2_A	0.1797752808988764
1js9_C	0.07936507936507936
1jsx_A	0.5284974093264249
1jt2_A	0.5647058823529412
1jtd_B	0.4139194139194139
1juv_A	0.32124352331606215
1jvb_A	0.43515850144092216
1jvs_A	0.3575
1jw3_A	0.19285714285714287
1jwq_A	0.6703910614525139
1jx2_A	0.058823529411764705
1jxa_A	0.3568627450980392
1jyh_A	0.47096774193548385
1jym_A	0.061452513966480445
1jyt_A	0.09202453987730061
1jzn_B	0.2518518518518518
1jzr_D	0.2548262548262548
1jzt_A	0.522633744855967
1k1a_A	0.7587719298245614
1k1y_A	0.3392156862745098
1k24_A	0.4979919678714859
1k2a_A	0.1323529411764706
1k2e_A	0.34210526315789475
1k2y_X	0.4531590413943355
1k30_A	0.2369146005509642
1k39_B	0.4022140221402214
1k3i_A	0.4294117647058823
1k3r_B	0.20454545454545456
1k3s_A	0.23853211009174313
1k3z_D	0.6515837104072398
1k42_A	0.5595238095238095
1k4m_A	0.5117370892018779
1k4n_A	0.1366120218579235
1k4o_A	0.009259259259259259
1k5c_A	0.5825825825825826
1k5g_C	0.7936046511627907
1k66_A	0.5369127516778524
1k6d_B	0.5388127853881278
1k6w_A	0.4373522458628842
1k82_B	0.16538461538461538
1k85_A	0.7045454545454546
1k8a_R	0.4631578947368421
1k9y_A	0.20056497175141244
1ka2_A	0.11670020120724346
1ka8_F	0.09
1kam_A	0.4777777777777778
1kb5_B	0.46153846153846156
1kbi_A	0.2857142857142857
1kd6_A	0.07262569832402235
1kdg_B	0.14901960784313725
1kdm_A	0.2542372881355932
1kdt_A	0.4260089686098655
1kek_A	0.37450980392156863
1kew_A	0.5650969529085873
1kfw_A	0.4160919540229885
1kgs_A	0.5068493150684932
1kgz_B	0.14545454545454545
1khc_A	0.25547445255474455
1khv_B	0.13682092555331993
1kit_A	0.3176470588235294
1kjn_A	0.5789473684210527
1kk9_A	0.11165048543689321
1kkh_A	0.24290220820189273
1klf_B	0.25806451612903225
1km9_A	0.16216216216216217
1kn6_A	0.0958904109589041
1kng_A	0.5138888888888888
1knr_A	0.2568627450980392
1knv_B	0.08934707903780069
1knw_A	0.3657957244655582
1ko7_A	0.2596491228070175
1koo_C	0.49236641221374045
1kop_A	0.10762331838565023
1kp0_A	0.291044776119403
1kp6_A	0.05063291139240506
1kpl_B	0.1130820399113082
1kpt_A	0.19047619047619047
1kqg_A	0.13725490196078433
1kqg_B	0.10034602076124567
1kqs_C	0.11382113821138211
1kr2_D	0.3905579399141631
1kr4_A	0.4909090909090909
1krh_A	0.49554896142433236
1ksf_X	0.3156862745098039
1ksi_A	0.12156862745098039
1ksk_A	0.32051282051282054
1ksq_A	0.21333333333333335
1kvi_A	0.4810126582278481
1kvz_A	0.14953271028037382
1kw2_A	0.05274725274725275
1kwf_A	0.3168044077134986
1kxj_A	0.4876847290640394
1kyt_A	0.4222222222222222
1kzf_A	0.2828282828282828
1kzq_A	0.13043478260869565
1kzy_C	0.36637931034482757
1l0p_A	0.3950892857142857
1l1l_A	0.12156862745098039
1l1o_C	0.09248554913294797
1l1q_A	0.4530386740331492
1l1s_A	0.4954954954954955
1l2m_A	0.2627118644067797
1l3c_C	0.6505376344086021
1l3g_A	0.04065040650406504
1l3l_A	0.3605150214592275
1l5a_A	0.25
1l5x_B	0.45323741007194246
1l6h_A	0.21739130434782608
1l6z_A	0.6551724137931034
1l7y_A	0.3723404255319149
1l8q_A	0.4205607476635514
1l8w_D	0.08666666666666667
1l9x_B	0.45918367346938777
1lab_A	0.2625
1laf_E	0.5252100840336135
1lbq_A	0.3792134831460674
1lbu_A	0.29577464788732394
1lcs_B	0.1073170731707317
1lda_A	0.08661417322834646
1le7_A	0.06504065040650407
1lf6_A	0.27647058823529413
1lfw_A	0.3269230769230769
1lgf_A	0.11855670103092783
1lh1_A	0.10457516339869281
1lk7_A	0.4759825327510917
1lkn_A	0.48314606741573035
1ll0_B	0.3895131086142322
1llo_A	0.47985347985347987
1lm0_A	0.38613861386138615
1lmi_A	0.20610687022900764
1lml_A	0.2172043010752688
1ln4_A	0.336734693877551
1lns_A	0.37254901960784315
1lpb_B	0.4209354120267261
1lqi_A	0.23076923076923078
1lqs_R	0.46859903381642515
1lqu_B	0.40748898678414097
1lr0_A	0.47619047619047616
1lr5_A	0.51875
1lrz_A	0.335
1ls4_A	0.07317073170731707
1lsh_A	0.3156862745098039
1lsi_A	0.24242424242424243
1lth_R	0.4217252396166134
1ltk_C	0.36556603773584906
1ltl_E	0.2024793388429752
1ltu_A	0.04225352112676056
1lu2_A	0.25691699604743085
1lu4_A	0.6417910447761194
1luz_A	0.4117647058823529
1lvm_A	0.3318777292576419
1lw1_A	0.10285714285714286
1lwh_A	0.2857142857142857
1lwt_A	0.22098214285714285
1lxj_A	0.2980769230769231
1lxn_A	0.47474747474747475
1lxy_A	0.13202933985330073
1ly8_A	0.04129793510324484
1lyq_B	0.5480769230769231
1m0u_A	0.33004926108374383
1m0v_A	0.07692307692307693
1m0w_A	0.24532224532224534
1m1b_A	0.5189003436426117
1m1c_A	0.025490196078431372
1m1y_P	0.43944636678200694
1m2w_A	0.16463414634146342
1m2x_A	0.502283105022831
1m33_A	0.6171875
1m3e_B	0.38266384778012685
1m3u_A	0.5076335877862596
1m4u_A	0.08040201005025126
1m4u_L	0.07142857142857142
1m4v_B	0.09137055837563451
1m56_B	0.33076923076923076
1m58_A	0.11320754716981132
1m5s_A	0.12457912457912458
1m5t_A	0.6178861788617886
1m5y_D	0.2930591259640103
1m5z_A	0.27472527472527475
1m6d_A	0.26635514018691586
1m6e_X	0.4623955431754875
1m70_A	0.38421052631578945
1m8p_A	0.3843137254901961
1m9h_A	0.47653429602888087
1m9i_A	0.10980392156862745
1m9s_A	0.2196078431372549
1m9u_A	0.34439834024896265
1mbm_A	0.1919191919191919
1mcp_H	0.5630630630630631
1mda_H	0.08967391304347826
1me7_A	0.29041095890410956
1mfz_A	0.48394495412844035
1mg2_A	0.38481675392670156
1mg5_A	0.6274509803921569
1mg7_B	0.08522727272727272
1mgt_A	0.1952662721893491
1mio_A	0.3058823529411765
1miu_A	0.056862745098039215
1miv_A	0.23037974683544304
1mk0_A	0.31958762886597936
1mk4_A	0.4840764331210191
1mki_A	0.23397435897435898
1mkm_B	0.32388663967611336
1mky_A	0.5061425061425061
1mkz_B	0.5614035087719298
1ml0_A	0.18059299191374664
1mmf_E	0.10326086956521739
1mog_A	0.5074626865671642
1mok_D	0.2980392156862745
1mow_A	0.28225806451612906
1moz_A	0.5224719101123596
1mpy_A	0.36807817589576547
1mqs_A	0.1784313725490196
1mr6_A	0.2647058823529412
1msv_B	0.10625
1msw_D	0.041176470588235294
1mu0_A	0.6006825938566553
1mu2_B	0.0845771144278607
1mve_A	0.35390946502057613
1mw5_A	0.04938271604938271
1mw7_A	0.12272727272727273
1mwi_A	0.503030303030303
1mwq_A	0.57
1mww_A	0.4166666666666667
1mwy_A	0.5068493150684932
1mx9_D	0.33725490196078434
1mxs_A	0.5185185185185185
1mza_A	0.2916666666666667
1mzj_A	0.4880239520958084
1mzk_A	0.47540983606557374
1mzr_B	0.4528985507246377
1n00_A	0.11949685534591195
1n07_B	0.1032258064516129
1n12_A	0.37681159420289856
1n1d_B	0.5317460317460317
1n1e_A	0.4383954154727794
1n1q_A	0.3624161073825503
1n26_A	0.6187290969899666
1n2m_C	0.0736196319018405
1n31_A	0.42487046632124353
1n3h_A	0.01932367149758454
1n5d_A	0.5729166666666666
1n5q_A	0.44642857142857145
1n62_A	0.17391304347826086
1n63_B	0.24509803921568626
1n67_A	0.1897590361445783
1n6v_A	0.41037735849056606
1n6z_A	0.3142857142857143
1n7e_A	0.3368421052631579
1n7k_A	0.5598290598290598
1n7u_A	0.027450980392156862
1n81_A	0.0913978494623656
1n88_A	0.3958333333333333
1n8p_A	0.45038167938931295
1n93_X	0.03582089552238806
1n97_A	0.12727272727272726
1na6_B	0.15443037974683543
1na8_A	0.3841059602649007
1nar_A	0.4463667820069204
1nba_A	0.5059288537549407
1nbh_A	0.5547945205479452
1nbq_A	0.6985645933014354
1nbu_C	0.3898305084745763
1nbw_B	0.4247787610619469
1nc7_D	0.46153846153846156
1ncu_A	0.6428571428571429
1nd4_A	0.3607843137254902
1ne2_B	0.5543478260869565
1ne7_A	0.4199288256227758
1nf2_A	0.4344569288389513
1nf6_F	0.3333333333333333
1nf8_A	0.5990338164251208
1nfd_E	0.6367924528301887
1ng0_C	0.1926605504587156
1ng9_A	0.11372549019607843
1nho_A	0.43529411764705883
1nhq_A	0.3668903803131991
1ni5_A	0.3163972286374134
1ni7_A	0.06040268456375839
1nj6_A	0.24190064794816415
1njh_A	0.10185185185185185
1njk_A	0.46616541353383456
1njr_A	0.1285140562248996
1nju_A	0.04782608695652174
1nkq_A	0.17813765182186234
1nlf_A	0.452755905511811
1nlq_A	0.3047619047619048
1nlt_A	0.10526315789473684
1nly_A	0.29721362229102166
1nmo_E	0.22672064777327935
1nn4_A	0.5408805031446541
1nnx_A	0.3870967741935484
1no3_A	0.10784313725490197
1no5_B	0.43137254901960786
1nob_D	0.06486486486486487
1nov_C	0.04938271604938271
1nox_A	0.305
1npe_A	0.4866920152091255
1nr0_A	0.5470588235294118
1nrb_A	0.09523809523809523
1nrg_A	0.3004694835680751
1nrj_B	0.4031413612565445
1nrw_A	0.34385964912280703
1nsj_A	0.5121951219512195
1nsl_C	0.5
1nt4_A	0.23273657289002558
1nun_A	0.11510791366906475
1nvm_A	0.5323529411764706
1nvt_A	0.5156794425087108
1nw1_A	0.29041095890410956
1nw8_A	0.5220588235294118
1nwa_A	0.3273809523809524
1nwb_A	0.18811881188118812
1nxi_A	0.06818181818181818
1nxj_A	0.3525641025641026
1nxz_A	0.32113821138211385
1nyo_A	0.25153374233128833
1nyq_B	0.16862745098039217
1nzy_A	0.41263940520446096
1o0x_A	0.2570281124497992
1o12_A	0.2857142857142857
1o1x_A	0.5862068965517241
1o1y_A	0.43043478260869567
1o1z_A	0.49557522123893805
1o20_A	0.2995169082125604
1o4s_B	0.4322916666666667
1o4t_A	0.6173913043478261
1o4u_B	0.3007518796992481
1o4w_A	0.456
1o4y_A	0.28888888888888886
1o51_A	0.4943820224719101
1o54_A	0.5660377358490566
1o5h_A	0.13
1o5i_A	0.6581196581196581
1o5z_A	0.4156769596199525
1o65_A	0.26605504587155965
1o6d_A	0.3401360544217687
1o6e_B	0.06896551724137931
1o70_A	0.21548821548821548
1o75_B	0.20149253731343283
1o78_A	0.2261904761904762
1o7d_C	0.39072847682119205
1o7d_E	0.13761467889908258
1o7m_A	0.0625
1o8c_A	0.4444444444444444
1o95_B	0.4764705882352941
1o96_A	0.41379310344827586
1o9g_A	0.5421686746987951
1o9r_A	0.3148148148148148
1oa1_A	0.22941176470588234
1oay_O	0.532608695652174
1obb_A	0.36325678496868474
1obg_A	0.08196721311475409
1obu_A	0.1270718232044199
1od3_A	0.5909090909090909
1odf_A	0.2892857142857143
1odh_A	0.08860759493670886
1odj_E	0.46153846153846156
1odo_A	0.15656565656565657
1odz_A	0.34564643799472294
1of3_A	0.5397727272727273
1ofd_A	0.06274509803921569
1ogd_A	0.15267175572519084
1ogm_X	0.2725490196078431
1oh2_P	0.387409200968523
1ohb_A	0.35271317829457366
1ohe_A	0.25958702064896755
1ohf_C	0.08235294117647059
1ohg_A	0.18861209964412812
1oht_A	0.21839080459770116
1oi0_A	0.16666666666666666
1oi4_A	0.5677083333333334
1oi8_A	0.4215686274509804
1oio_A	0.12359550561797752
1ois_A	0.07692307692307693
1oiz_A	0.3533834586466165
1oj7_A	0.3641025641025641
1ojq_A	0.12264150943396226
1ok0_A	0.33783783783783783
1okt_A	0.3222748815165877
1olt_A	0.3870967741935484
1olz_A	0.2196078431372549
1om0_A	0.5036496350364964
1on3_E	0.3843137254901961
1on8_A	0.5245283018867924
1oni_A	0.5
1ooh_A	0.07142857142857142
1ook_G	0.5211267605633803
1op4_A	0.25
1oq1_A	0.42152466367713004
1oqf_A	0.5172413793103449
1ord_A	0.28431372549019607
1orr_A	0.591715976331361
1os1_A	0.20784313725490197
1osc_F	0.5315315315315315
1otg_A	0.344
1ou0_B	0.35751295336787564
1ov8_A	0.6546762589928058
1ovq_A	0.3333333333333333
1ovz_A	0.5906735751295337
1owx_A	0.336283185840708
1ox0_A	0.321256038647343
1ox4_A	0.46078431372549017
1oxa_A	0.1141439205955335
1oxw_C	0.26243093922651933
1oy1_A	0.49321266968325794
1oyj_A	0.31140350877192985
1oyw_A	0.403921568627451
1oz9_A	0.40425531914893614
1ozv_B	0.08843537414965986
1p0k_B	0.47896440129449835
1p16_A	0.11025641025641025
1p17_B	0.4852941176470588
1p1d_A	0.25510204081632654
1p35_A	0.05351170568561873
1p3c_A	0.35348837209302325
1p3h_F	0.46464646464646464
1p4e_B	0.14769975786924938
1p4t_A	0.4645161290322581
1p5u_B	0.14093959731543623
1p68_A	0.22549019607843138
1p6f_A	0.6808510638297872
1p6t_A	0.423841059602649
1p6u_A	0.4806201550387597
1p6w_A	0.37376237623762376
1p6x_A	0.03903903903903904
1p74_A	0.449438202247191
1p8g_A	0.410958904109589
1p90_A	0.42276422764227645
1p91_A	0.5298507462686567
1p99_A	0.47058823529411764
1paq_A	0.2360248447204969
1pav_A	0.7051282051282052
1pb0_A	0.5169491525423728
1pbj_A	0.30833333333333335
1pbu_A	0.043209876543209874
1pbw_B	0.05128205128205128
1pby_B	0.4599406528189911
1pe9_A	0.592797783933518
1peg_A	0.16917293233082706
1peu_A	0.12941176470588237
1pfc_A	0.5225225225225225
1pg6_A	0.08796296296296297
1pgl_1	0.3675675675675676
1pgr_D	0.595
1pgu_B	0.4980392156862745
1pgv_A	0.6826347305389222
1ph1_B	0.059907834101382486
1pie_A	0.22422680412371135
1pih_A	0.1780821917808219
1pii_A	0.5265486725663717
1pix_A	0.3431372549019608
1pj6_A	0.3
1pjt_B	0.37362637362637363
1pju_A	0.034782608695652174
1pjz_A	0.472636815920398
1pko_A	0.5725806451612904
1plo_A	0.1557377049180328
1pmj_X	0.4648648648648649
1pmr_A	0.2625
1pn4_D	0.3956043956043956
1pnf_A	0.4840764331210191
1poi_A	0.35962145110410093
1poq_A	0.3305084745762712
1poz_A	0.06918238993710692
1pp0_B	0.12886597938144329
1ppr_M	0.035256410256410256
1pq4_B	0.4090909090909091
1pqz_A	0.27310924369747897
1prs_A	0.28901734104046245
1ps9_A	0.5137254901960784
1psj_A	0.04838709677419355
1psw_A	0.56797583081571
1pu3_A	0.1619047619047619
1pum_A	0.07630522088353414
1pum_B	0.19771863117870722
1pv1_A	0.5310344827586206
1pv5_A	0.16091954022988506
1pv7_A	0.28776978417266186
1pvj_A	0.15634218289085547
1pvt_A	0.125
1pw4_A	0.31105990783410137
1pwh_A	0.41284403669724773
1pxt_B	0.3218390804597701
1pxz_A	0.5173410404624278
1pz4_A	0.23008849557522124
1pzx_B	0.4290657439446367
1q0u_B	0.44285714285714284
1q0y_L	0.5613207547169812
1q0z_A	0.6430976430976431
1q17_C	0.31864406779661014
1q19_A	0.26
1q1l_A	0.09821428571428571
1q1w_A	0.36729857819905215
1q20_A	0.36054421768707484
1q23_B	0.15668202764976957
1q27_A	0.26900584795321636
1q2l_A	0.2725490196078431
1q2y_A	0.5785714285714286
1q35_A	0.4479495268138801
1q3b_A	0.13513513513513514
1q3q_A	0.043137254901960784
1q3t_A	0.4125560538116592
1q40_A	0.15757575757575756
1q40_B	0.12903225806451613
1q4s_A	0.4859154929577465
1q5a_A	0.515686274509804
1q6u_A	0.2863849765258216
1q6w_C	0.45098039215686275
1q77_A	0.463768115942029
1q7f_B	0.5
1q7g_A	0.33519553072625696
1q7h_A	0.11920529801324503
1q7l_A	0.34375
1q7q_A	0.5549019607843138
1q7r_A	0.504950495049505
1q7x_A	0.32407407407407407
1q8b_A	0.4838709677419355
1q8k_A	0.20666666666666667
1q8l_A	0.40476190476190477
1q8m_B	0.5619834710743802
1q90_A	0.17465753424657535
1q99_B	0.28846153846153844
1q9u_A	0.3828125
1qa7_B	0.30414746543778803
1qab_E	0.2
1qaq_A	0.5084745762711864
1qbk_B	0.21176470588235294
1qdb_A	0.06553911205073996
1qdd_A	0.22916666666666666
1qdl_A	0.0625
1qdm_A	0.13163972286374134
1qe0_A	0.20256410256410257
1qfj_A	0.49557522123893805
1qfp_A	0.5210084033613446
1qga_A	0.42857142857142855
1qgn_A	0.44974874371859297
1qh3_A	0.4115384615384615
1qha_A	0.28627450980392155
1qhx_A	0.5337078651685393
1qi5_A	0.38516746411483255
1qiu_D	0.04924242424242424
1qjs_A	0.27941176470588236
1qju_1	0.0456140350877193
1qjz_B	0.39893617021276595
1qlw_A	0.5062893081761006
1qmj_A	0.42424242424242425
1qnd_A	0.1951219512195122
1qnf_A	0.28210526315789475
1qo0_B	0.56951871657754
1qo8_A	0.19411764705882353
1qol_C	0.24277456647398843
1qoy_A	0.07920792079207921
1qp8_A	0.48344370860927155
1qq9_A	0.4548736462093863
1qqk_A	0.08527131782945736
1qr0_A	0.2543859649122807
1qrh_A	0.1417624521072797
1qs0_A	0.25552825552825553
1qs0_B	0.46745562130177515
1qs1_A	0.11940298507462686
1qto_A	0.319672131147541
1qtw_A	0.5368421052631579
1qu5_A	0.21428571428571427
1qvj_A	0.1404109589041096
1qw1_A	0.19834710743801653
1qwj_B	0.5545851528384279
1qwk_A	0.5160256410256411
1qwr_A	0.45396825396825397
1qwt_A	0.12133891213389121
1qwy_A	0.2905982905982906
1qwz_A	0.18723404255319148
1qxn_A	0.5109489051094891
1qxz_A	0.24497991967871485
1qyi_A	0.25
1qz1_A	0.6354166666666666
1qzu_A	0.5375
1qzw_A	0.33564814814814814
1r0d_A	0.11855670103092783
1r1m_A	0.5214285714285715
1r1z_D	0.3360323886639676
1r30_B	0.5399361022364217
1r3d_A	0.5953307392996109
1r3n_A	0.3401826484018265
1r4v_A	0.039735099337748346
1r54_A	0.4077669902912621
1r5m_A	0.5384615384615384
1r5t_A	0.48226950354609927
1r64_A	0.46361746361746364
1r6e_A	0.047619047619047616
1r6h_A	0.36046511627906974
1r75_A	0.15454545454545454
1r76_A	0.2734375
1r88_A	0.4307116104868914
1r8i_A	0.0481283422459893
1r8n_A	0.10810810810810811
1r9q_A	0.37540453074433655
1r9w_A	0.043478260869565216
1rag_B	0.20915032679738563
1rc9_A	0.17194570135746606
1rcq_A	0.40336134453781514
1rcw_B	0.2336448598130841
1rdu_A	0.4224137931034483
1rdx_A	0.17210682492581603
1re5_D	0.09598214285714286
1reo_A	0.2768595041322314
1rfe_A	0.36875
1rfl_A	0.12209302325581395
1rfz_A	0.06707317073170732
1rh1_A	0.03469387755102041
1rh8_A	0.4225352112676056
1rh9_A	0.46216216216216216
1rhc_A	0.4636363636363636
1rhf_A	0.6875
1rhx_A	0.14942528735632185
1ri4_A	0.5992063492063492
1rj1_A	0.08783783783783784
1rje_C	0.47147147147147145
1rjw_A	0.45427728613569324
1rkj_A	0.4342857142857143
1rkq_A	0.3948339483394834
1rkv_A	0.4854368932038835
1rl1_A	0.31521739130434784
1rlh_A	0.026490066225165563
1rli_D	0.5654761904761905
1rlj_A	0.42962962962962964
1rm0_A	0.06470588235294118
1rmg_A	0.5639810426540285
1ro5_A	0.4873096446700508
1rof_A	0.3333333333333333
1row_A	0.4953271028037383
1rp4_A	0.0374331550802139
1rp5_A	0.19019607843137254
1rq8_A	0.4583333333333333
1rqg_A	0.1411764705882353
1rqi_A	0.17333333333333334
1rrv_A	0.5236907730673317
1rtu_A	0.10526315789473684
1rtw_B	0.23923444976076555
1ru4_A	0.7
1rw5_A	0.11055276381909548
1rwr_A	0.19528619528619529
1rwu_A	0.45977011494252873
1rx0_A	0.2682291666666667
1rxq_B	0.36
1rxx_C	0.1383495145631068
1ry7_A	0.15894039735099338
1ryl_A	0.08917197452229299
1rz1_A	0.3333333333333333
1rz2_A	0.1822429906542056
1rzu_B	0.5648535564853556
1rzw_A	0.13821138211382114
1s04_A	0.24545454545454545
1s16_A	0.2026315789473684
1s1d_A	0.38485804416403785
1s20_G	0.1373134328358209
1s21_A	0.06060606060606061
1s2l_B	0.5449101796407185
1s31_A	0.07692307692307693
1s3l_B	0.48484848484848486
1s3s_G	0.3220338983050847
1s40_A	0.06951871657754011
1s4e_I	0.2706552706552707
1s4m_A	0.37906137184115524
1s4n_A	0.4035608308605341
1s55_A	0.5384615384615384
1s5a_B	0.4125874125874126
1s5e_A	0.09913793103448276
1s5j_A	0.22156862745098038
1s5l_o	0.11788617886178862
1s6d_A	0.1941747572815534
1s6y_A	0.36778846153846156
1s7e_A	0.29931972789115646
1s7f_A	0.5082872928176796
1s7i_A	0.4596774193548387
1s8n_A	0.5526315789473685
1sb2_A	0.22727272727272727
1sb3_A	0.2803921568627451
1sb6_A	0.4375
1sb7_B	0.18023255813953487
1sb8_A	0.6422287390029325
1sdi_A	0.018779342723004695
1sdj_A	0.2032258064516129
1se9_A	0.27722772277227725
1seg_A	0.234375
1sej_A	0.13725490196078433
1sek_A	0.05053191489361702
1sez_A	0.24301075268817204
1sfe_A	0.18181818181818182
1sfp_A	0.4864864864864865
1sfr_A	0.4444444444444444
1sfs_A	0.460093896713615
1sg4_B	0.3798449612403101
1sg9_A	0.4927007299270073
1sgl_A	0.15048543689320387
1sgv_B	0.2593984962406015
1sgw_A	0.545
1sh3_B	0.10139165009940358
1sh8_A	0.4117647058823529
1shq_A	0.21218487394957983
1sjg_A	0.23214285714285715
1sk2_A	0.37681159420289856
1sl6_A	0.13690476190476192
1slm_A	0.37168141592920356
1smn_A	0.1825726141078838
1sny_A	0.5846774193548387
1snz_A	0.2180232558139535
1sou_A	0.5103092783505154
1sox_A	0.37365010799136067
1sp0_A	0.45038167938931295
1sp8_D	0.31297709923664124
1spi_A	0.12312312312312312
1spj_A	0.3686440677966102
1spp_B	0.5178571428571429
1sq1_A	0.08333333333333333
1sq4_A	0.5962962962962963
1sqf_A	0.45647058823529413
1sqh_A	0.35353535353535354
1sqj_B	0.3235294117647059
1sql_J	0.3902439024390244
1sqs_A	0.5431034482758621
1sr4_A	0.16167664670658682
1sr8_A	0.2553191489361702
1ssn_A	0.1323529411764706
1st4_A	0.08333333333333333
1stm_A	0.3617021276595745
1stz_A	0.17027863777089783
1su0_B	0.1323529411764706
1su2_A	0.48427672955974843
1su3_B	0.2692307692307692
1sul_B	0.49230769230769234
1sum_B	0.29777777777777775
1suu_A	0.30716723549488056
1svv_B	0.4298245614035088
1sw2_A	0.5185185185185185
1sw6_A	0.4448818897637795
1sxp_A	0.48717948717948717
1sy6_A	0.4880952380952381
1sy7_A	0.09803921568627451
1sz2_B	0.38125
1szi_A	0.21649484536082475
1szn_A	0.4172661870503597
1szs_A	0.35058823529411764
1t0b_G	0.5743801652892562
1t0f_A	0.1893939393939394
1t0g_A	0.1743119266055046
1t0i_A	0.5297297297297298
1t0p_B	0.627906976744186
1t0z_A	0.1111111111111111
1t16_A	0.4028103044496487
1t1e_A	0.3803921568627451
1t27_A	0.040892193308550186
1t2e_A	0.47318611987381703
1t2s_A	0.016260162601626018
1t35_E	0.5434782608695652
1t3k_A	0.4015151515151515
1t3q_C	0.23508771929824562
1t4a_A	0.3625
1t4w_A	0.1377551020408163
1t5j_A	0.21262458471760798
1t5o_A	0.40588235294117647
1t62_B	0.147239263803681
1t6c_A	0.39215686274509803
1t6r_A	0.6818181818181818
1t6t_2	0.39090909090909093
1t70_A	0.4980392156862745
1t71_A	0.45195729537366547
1t72_A	0.32558139534883723
1t77_A	0.04830917874396135
1t7l_A	0.3333333333333333
1t8c_A	0.13286713286713286
1t8h_A	0.23161764705882354
1t8q_B	0.45896656534954405
1t8r_F	0.23326133909287258
1t90_A	0.256198347107438
1t9g_C	0.28350515463917525
1t9h_A	0.3867595818815331
1ta9_B	0.3223350253807107
1tbu_B	0.2653061224489796
1tc5_A	0.18181818181818182
1td6_A	0.1888111888111888
1tdj_A	0.3522267206477733
1tdq_A	0.6715867158671587
1tdq_B	0.1746031746031746
1te2_A	0.5779816513761468
1te5_A	0.17786561264822134
1te7_A	0.21359223300970873
1tec_E	0.4946236559139785
1ted_A	0.44021739130434784
1tf1_A	0.3423913043478261
1thg_A	0.3215686274509804
1tht_A	0.5272108843537415
1thx_A	0.5555555555555556
1tid_B	0.680672268907563
1tig_A	0.4431818181818182
1tiq_A	0.5664739884393064
1tis_A	0.024475524475524476
1tj7_A	0.07692307692307693
1tjf_B	0.12903225806451613
1tkk_C	0.5543175487465181
1tl2_A	0.11914893617021277
1tlb_A	0.08895705521472393
1tlg_A	0.2601626016260163
1tlj_A	0.13227513227513227
1tlk_A	0.5922330097087378
1tlt_B	0.4852459016393443
1tly_A	0.28286852589641437
1tmf_1	0.27898550724637683
1tmf_2	0.14606741573033707
1tml_A	0.5034965034965035
1tmx_A	0.2534246575342466
1tnr_A	0.625
1tnu_J	0.3583815028901734
1to6_A	0.29649595687331537
1toa_A	0.3898916967509025
1tol_A	0.3630573248407643
1tq1_A	0.3025210084033613
1tq5_A	0.5384615384615384
1tqy_B	0.31840796019900497
1tsj_A	0.2905982905982906
1tsz_A	0.0981012658227848
1tt7_B	0.44376899696048633
1tt8_A	0.1951219512195122
1ttn_A	0.325
1tu7_A	0.33653846153846156
1tu9_A	0.16793893129770993
1tua_A	0.2222222222222222
1tuv_A	0.6019417475728155
1tv2_A	0.05470459518599562
1tv8_A	0.4801223241590214
1tvc_A	0.46
1tvd_A	0.6551724137931034
1tvf_A	0.2601626016260163
1tvi_A	0.35333333333333333
1tw2_B	0.49142857142857144
1twi_A	0.37557603686635943
1twq_A	0.26666666666666666
1twu_A	0.34306569343065696
1txb_A	0.2465753424657534
1txk_A	0.22244897959183674
1txo_B	0.461864406779661
1ty0_A	0.14218009478672985
1u00_A	0.17180616740088106
1u02_A	0.37117903930131
1u0k_A	0.21830985915492956
1u0r_D	0.3654485049833887
1u0s_A	0.6627906976744186
1u10_C	0.27385892116182575
1u17_A	0.032432432432432434
1u2e_A	0.6433566433566433
1u2z_C	0.35324675324675325
1u3b_A	0.2864864864864865
1u3g_A	0.4451219512195122
1u3n_A	0.2839506172839506
1u5k_A	0.19008264462809918
1u5r_A	0.37540453074433655
1u5w_C	0.3160919540229885
1u60_A	0.2588996763754045
1u63_A	0.19626168224299065
1u69_A	0.2948717948717949
1u6e_B	0.47904191616766467
1u6m_A	0.5555555555555556
1u6z_B	0.346
1u7h_A	0.41055718475073316
1u7z_C	0.5388127853881278
1u83_A	0.49333333333333335
1u8s_B	0.5174418604651163
1u9c_A	0.583710407239819
1u9d_A	0.32786885245901637
1u9k_A	0.6181818181818182
1uai_A	0.3452914798206278
1uc3_I	0.12080536912751678
1uc7_A	0.5403225806451613
1udm_A	0.09395973154362416
1udq_A	0.11023622047244094
1udx_A	0.33737864077669905
1uea_B	0.30939226519337015
1ued_A	0.10230179028132992
1uep_A	0.3592233009708738
1uex_A	0.192
1uez_A	0.297029702970297
1uf2_E	0.14251781472684086
1uf3_D	0.543859649122807
1uf9_A	0.3507853403141361
1ufb_A	0.41732283464566927
1ufg_A	0.33112582781456956
1ufo_A	0.592436974789916
1ufv_A	0.41304347826086957
1ug3_A	0.24458204334365324
1ugk_A	0.47101449275362317
1uhe_A	0.28865979381443296
1uir_B	0.4792332268370607
1uiy_A	0.40711462450592883
1ujc_A	0.5833333333333334
1ujd_A	0.2564102564102564
1ujn_A	0.2781065088757396
1ujp_A	0.4773662551440329
1ukc_A	0.3352941176470588
1ukf_A	0.1276595744680851
1ukl_A	0.5058823529411764
1ukv_Y	0.5126903553299492
1uky_A	0.4897959183673469
1ul1_Z	0.2664756446991404
1ulv_A	0.29215686274509806
1um1_A	0.35454545454545455
1umd_A	0.3287292817679558
1umf_A	0.11506849315068493
1umr_A	0.21481481481481482
1umr_C	0.28
1umy_D	0.5261780104712042
1un1_A	0.2958801498127341
1un8_B	0.3156862745098039
1uok_A	0.26666666666666666
1uoz_A	0.48
1up7_A	0.37681159420289856
1uqw_A	0.3921971252566735
1urh_A	0.5095057034220533
1urj_B	0.029411764705882353
1urr_A	0.44329896907216493
1us4_A	0.5369127516778524
1usk_A	0.6502890173410405
1usl_C	0.5786163522012578
1usy_A	0.08727272727272728
1usy_G	0.5098039215686274
1ut9_A	0.3588235294117647
1uta_A	0.5714285714285714
1uuf_A	0.4088235294117647
1uun_A	0.09782608695652174
1uus_A	0.24516129032258063
1uwk_A	0.09607843137254903
1uwv_A	0.44258373205741625
1uww_A	0.6086956521739131
1uwy_A	0.37055837563451777
1uxo_A	0.6021505376344086
1uxv_A	0.2545090180360721
1uxz_A	0.6793893129770993
1uyn_X	0.43010752688172044
1uz5_A	0.3452685421994885
1v06_A	0.11594202898550725
1v0d_A	0.15510204081632653
1v1a_A	0.5496688741721855
1v27_A	0.3546099290780142
1v2a_B	0.37320574162679426
1v2e_A	0.4076086956521739
1v30_A	0.1016949152542373
1v34_A	0.12427745664739884
1v3t_A	0.44144144144144143
1v3y_A	0.11176470588235295
1v4p_C	0.11612903225806452
1v5j_A	0.6481481481481481
1v5o_A	0.3627450980392157
1v5v_A	0.2556390977443609
1v5x_A	0.49
1v5y_A	0.2857142857142857
1v62_A	0.3333333333333333
1v6e_A	0.37894736842105264
1v6f_A	0.19205298013245034
1v6o_A	0.33620689655172414
1v6w_A	0.49770642201834864
1v6z_A	0.3964757709251101
1v70_A	0.6761904761904762
1v7p_A	0.22388059701492538
1v7p_B	0.2047244094488189
1v88_A	0.2153846153846154
1v8c_A	0.3151515151515151
1v8d_A	0.23809523809523808
1v8g_A	0.1458966565349544
1v8h_A	0.5943396226415094
1v8p_F	0.3472222222222222
1v9a_B	0.37280701754385964
1v9c_B	0.33980582524271846
1v9h_A	0.12953367875647667
1v9n_A	0.1724137931034483
1v9w_A	0.49230769230769234
1vae_A	0.3153153153153153
1vav_A	0.3738738738738739
1vb5_B	0.5127272727272727
1vb7_A	0.2978723404255319
1vbf_B	0.36283185840707965
1vbl_A	0.5552884615384616
1vc8_B	0.4444444444444444
1vca_B	0.7085427135678392
1vcg_B	0.4528301886792453
1vch_D	0.48554913294797686
1vcv_A	0.5442477876106194
1vd6_A	0.47706422018348627
1vdm_G	0.5394736842105263
1ve3_B	0.5309734513274337
1ve4_A	0.5870646766169154
1vee_A	0.5223880597014925
1vf4_A	0.2907488986784141
1vff_A	0.41843971631205673
1vg9_C	0.16533864541832669
1vgw_B	0.5
1vhd_A	0.37119113573407203
1vhk_C	0.36475409836065575
1vhn_A	0.42950819672131146
1vho_A	0.4106583072100313
1vhs_A	0.5333333333333333
1vhv_B	0.29365079365079366
1vhx_A	0.36428571428571427
1vhz_A	0.3548387096774194
1vi3_A	0.3
1vi4_A	0.3333333333333333
1vi8_B	0.4726027397260274
1via_A	0.5403726708074534
1viv_A	0.47282608695652173
1viw_B	0.08080808080808081
1viy_A	0.44711538461538464
1vj0_A	0.46174863387978143
1vjl_A	0.18181818181818182
1vjn_A	0.39690721649484534
1vju_B	0.06440677966101695
1vjx_A	0.35570469798657717
1vk0_B	0.315
1vk4_A	0.5053003533568905
1vk8_C	0.46808510638297873
1vkf_B	0.43352601156069365
1vkh_A	0.5363984674329502
1vki_B	0.10240963855421686
1vkm_A	0.17123287671232876
1vkw_A	0.22580645161290322
1vkz_A	0.23273657289002558
1vl4_A	0.2400932400932401
1vl5_A	0.6883116883116883
1vli_A	0.4664804469273743
1vlj_B	0.385
1vlm_A	0.6521739130434783
1vlo_A	0.28846153846153844
1vlp_B	0.16945107398568018
1vm6_B	0.42201834862385323
1vm7_A	0.431438127090301
1vm8_A	0.28716904276985744
1vme_A	0.5796019900497512
1vmf_A	0.058823529411764705
1vmj_A	0.1223021582733813
1vmo_A	0.1656441717791411
1vnc_A	0.14705882352941177
1vp4_A	0.4142857142857143
1vp5_A	0.4753521126760563
1vp8_A	0.23157894736842105
1vpa_A	0.5520361990950227
1vpb_A	0.2745995423340961
1vpd_A	0.4965986394557823
1vpk_A	0.23160762942779292
1vpq_A	0.4307692307692308
1vpr_A	0.03133903133903134
1vpv_A	0.48936170212765956
1vq0_A	0.10344827586206896
1vq3_C	0.41379310344827586
1vql_W	0.14935064935064934
1vqr_A	0.15140845070422534
1vqt_A	0.39267015706806285
1vr0_C	0.09282700421940929
1vr6_A	0.5276967930029155
1vr8_A	0.2814814814814815
1vr9_A	0.33884297520661155
1vra_A	0.17277486910994763
1vrf_A	0.10204081632653061
1vrr_A	0.15763546798029557
1vrs_B	0.36
1vsq_A	0.40601503759398494
1vyh_J	0.6146788990825688
1vz4_D	0.2702702702702703
1vz8_B	0.16094986807387862
1vzo_A	0.322884012539185
1vzy_A	0.10689655172413794
1w07_B	0.17254901960784313
1w0c_A	0.6159420289855072
1w0i_A	0.33642691415313225
1w0m_A	0.6061946902654868
1w15_A	0.5075757575757576
1w1b_1	0.5084745762711864
1w1p_B	0.41566265060240964
1w1w_A	0.34306569343065696
1w2b_A	0.19747899159663865
1w2t_A	0.32407407407407407
1w2w_A	0.08530805687203792
1w2y_A	0.1504424778761062
1w36_C	0.1803921568627451
1w37_A	0.45733788395904434
1w39_B	0.06349206349206349
1w3f_A	0.09904153354632587
1w3h_A	0.5660919540229885
1w45_A	0.159375
1w4t_A	0.22661870503597123
1w55_A	0.44715447154471544
1w59_A	0.4714285714285714
1w5c_O	0.0223463687150838
1w5d_A	0.15065502183406113
1w5t_B	0.44584382871536526
1w63_A	0.4392156862745098
1w66_A	0.3394495412844037
1w6j_A	0.1784313725490196
1w78_A	0.46618357487922707
1w7c_A	0.08823529411764706
1w7d_A	0.22627737226277372
1w89_A	0.5727272727272728
1w8a_A	0.6349206349206349
1w8i_A	0.47096774193548385
1w9s_A	0.5895522388059702
1wa4_A	0.37073170731707317
1wa9_B	0.27899686520376177
1war_A	0.4935483870967742
1wb5_A	0.5795053003533569
1wba_A	0.14619883040935672
1wc2_A	0.20555555555555555
1wcg_A	0.43073593073593075
1wcu_A	0.5369127516778524
1wd4_A	0.1078838174273859
1wd5_A	0.47115384615384615
1wd7_B	0.47843137254901963
1wdi_A	0.030612244897959183
1wdj_A	0.3924731182795699
1wdl_C	0.34615384615384615
1wdt_A	0.3196078431372549
1wdu_B	0.4885844748858447
1wdv_A	0.09333333333333334
1wdw_E	0.5362903225806451
1we8_A	0.33653846153846156
1weh_A	0.5906432748538012
1wek_D	0.5288461538461539
1wel_A	0.4435483870967742
1wer_A	0.06172839506172839
1wf3_A	0.44594594594594594
1wf5_A	0.6198347107438017
1wf6_A	0.44696969696969696
1wf9_A	0.308411214953271
1wfg_A	0.2900763358778626
1wfi_A	0.19083969465648856
1wfj_A	0.45588235294117646
1wfm_A	0.42028985507246375
1wfn_A	0.6386554621848739
1wfo_A	0.5538461538461539
1wfr_A	0.22377622377622378
1wg0_A	0.6790123456790124
1wgd_A	0.3978494623655914
1wgk_A	0.38596491228070173
1wgp_A	0.44525547445255476
1wh0_A	0.1865671641791045
1whb_A	0.4394904458598726
1whd_A	0.34
1whw_A	0.5252525252525253
1wi4_A	0.3119266055045872
1wi8_A	0.5
1wic_A	0.35526315789473684
1win_A	0.2867132867132867
1wis_A	0.6290322580645161
1wiu_A	0.6451612903225806
1wiw_B	0.13074204946996468
1wj1_A	0.12179487179487179
1wj6_A	0.3564356435643564
1wjj_A	0.36551724137931035
1wjm_A	0.1951219512195122
1wk0_A	0.5255474452554745
1wk1_A	0.22666666666666666
1wk4_A	0.5344827586206896
1wkc_A	0.4583333333333333
1wkr_A	0.22941176470588234
1wkt_A	0.14772727272727273
1wl0_A	0.15357142857142858
1wlf_A	0.10365853658536585
1wlh_A	0.4383116883116883
1wlk_D	0.36065573770491804
1wlo_A	0.11764705882352941
1wls_A	0.5304878048780488
1wme_A	0.5161290322580645
1wmj_A	0.45901639344262296
1wmx_B	0.5076923076923077
1wn3_H	0.4700854700854701
1wnh_A	0.16818181818181818
1woh_A	0.44554455445544555
1wol_A	0.4098360655737705
1wom_A	0.5904059040590406
1woo_A	0.3149171270718232
1woq_A	0.42292490118577075
1wot_A	0.42857142857142855
1woy_A	0.158
1wp5_A	0.3065015479876161
1wpu_A	0.07482993197278912
1wpx_A	0.42755344418052255
1wqa_A	0.4593406593406593
1wr2_A	0.1829787234042553
1ws6_A	0.5321637426900585
1ws7_A	0.5514018691588785
1wtb_A	0.569620253164557
1wte_A	0.28308823529411764
1wu2_A	0.26631853785900783
1wu7_A	0.2169811320754717
1wuf_A	0.4582210242587601
1wui_S	0.3857677902621723
1wv9_A	0.5057471264367817
1wvc_A	0.5078740157480315
1wvn_A	0.43243243243243246
1wvo_A	0.08860759493670886
1wvt_A	0.16216216216216217
1wvv_B	0.21739130434782608
1wwm_A	0.06666666666666667
1wws_C	0.05405405405405406
1wwy_A	0.5087719298245614
1wwz_A	0.5159235668789809
1wxq_A	0.29941860465116277
1wxr_A	0.1568627450980392
1wxu_A	0.3333333333333333
1wxx_A	0.47643979057591623
1wy0_A	0.13761467889908258
1wyu_A	0.41876430205949655
1wyu_B	0.34460887949260044
1wyz_B	0.19383259911894274
1wz2_A	0.11764705882352941
1wzc_B	0.36065573770491804
1wzn_A	0.5860655737704918
1wzz_A	0.34169278996865204
1x09_A	0.24675324675324675
1x0a_A	0.15988372093023256
1x0g_C	0.25225225225225223
1x1s_A	0.48466257668711654
1x25_B	0.5078125
1x35_C	0.17777777777777778
1x3d_A	0.5847457627118644
1x3x_A	0.10975609756097561
1x44_A	0.5048543689320388
1x4d_A	0.37254901960784315
1x4f_A	0.41964285714285715
1x4h_A	0.42342342342342343
1x4x_A	0.6792452830188679
1x4y_A	0.7280701754385965
1x4z_A	0.6446280991735537
1x50_A	0.17073170731707318
1x54_A	0.17511520737327188
1x5a_A	0.5514018691588785
1x5d_A	0.48872180451127817
1x5e_A	0.49206349206349204
1x5f_A	0.6166666666666667
1x5g_A	0.6896551724137931
1x5h_A	0.6363636363636364
1x5l_A	0.7027027027027027
1x5m_A	0.16535433070866143
1x5p_A	0.4020618556701031
1x5x_A	0.6055045871559633
1x60_A	0.5189873417721519
1x67_A	0.19863013698630136
1x6d_A	0.3277310924369748
1x6m_A	0.10204081632653061
1x77_A	0.6436781609195402
1x7f_A	0.3227665706051873
1x7o_A	0.50187265917603
1x8c_B	0.6050420168067226
1x92_B	0.5736040609137056
1x99_A	0.15172413793103448
1x9h_A	0.4418604651162791
1x9l_A	0.4161073825503356
1x9q_A	0.5497835497835498
1x9z_A	0.12087912087912088
1xag_A	0.3314447592067989
1xau_A	0.6153846153846154
1xb2_B	0.14492753623188406
1xb9_A	0.06481481481481481
1xc3_A	0.43389830508474575
1xcr_B	0.019169329073482427
1xdi_A	0.38344226579520696
1xdn_A	0.1320754716981132
1xdo_A	0.24901960784313726
1xdq_C	0.10606060606060606
1xdw_A	0.56797583081571
1xdz_A	0.5756302521008403
1xe1_A	0.4725274725274725
1xe8_B	0.43005181347150256
1xea_A	0.47266881028938906
1xeb_A	0.4899328859060403
1xer_A	0.2815533980582524
1xfj_A	0.1875
1xfk_A	0.3765432098765432
1xg2_B	0.271523178807947
1xg5_C	0.6809338521400778
1xg8_A	0.4166666666666667
1xgk_A	0.5692307692307692
1xgv_A	0.16279069767441862
1xhc_A	0.3988439306358382
1xhk_B	0.29411764705882354
1xhl_A	0.6678832116788321
1xhn_A	0.3372093023255814
1xho_C	0.23893805309734514
1xhs_A	0.1504424778761062
1xiy_B	0.42696629213483145
1xj7_A	0.07421875
1xja_C	0.4319526627218935
1xjs_A	0.14965986394557823
1xkg_A	0.2214765100671141
1xkn_A	0.31728045325779036
1xku_A	0.6327868852459017
1xkw_A	0.403921568627451
1xl8_B	0.052941176470588235
1xm5_A	0.39473684210526316
1xm7_A	0.489247311827957
1xm8_A	0.41732283464566927
1xm9_A	0.6571428571428571
1xmb_A	0.4053333333333333
1xmx_A	0.4
1xne_A	0.2743362831858407
1xng_B	0.42366412213740456
1xnj_B	0.3941176470588235
1xo8_A	0.4966887417218543
1xov_A	0.3333333333333333
1xoy_A	0.515527950310559
1xpi_A	0.2663755458515284
1xpm_A	0.39588688946015427
1xpq_A	0.2250996015936255
1xpv_A	0.5897435897435898
1xpw_A	0.5874125874125874
1xq4_A	0.5121951219512195
1xqi_A	0.02197802197802198
1xqo_A	0.05928853754940711
1xqr_A	0.5559701492537313
1xrh_C	0.15406976744186046
1xrs_A	0.22941176470588234
1xrs_B	0.37264150943396224
1xru_A	0.4199288256227758
1xs4_F	0.10880829015544041
1xs5_A	0.43333333333333335
1xsa_A	0.45751633986928103
1xt8_B	0.50199203187251
1xtd_A	0.19463087248322147
1xtp_A	0.540650406504065
1xts_A	0.5730994152046783
1xty_A	0.175
1xtz_A	0.34552845528455284
1xu4_A	0.449685534591195
1xv2_C	0.034334763948497854
1xvs_A	0.5
1xvw_B	0.44375
1xvx_A	0.4919614147909968
1xw8_A	0.3652173913043478
1xwa_A	0.5135135135135135
1xwi_A	0.37577639751552794
1xwm_A	0.2688679245283019
1xxi_A	0.39349112426035504
1xxp_A	0.17073170731707318
1xxq_A	0.06493506493506493
1xyn_A	0.03932584269662921
1y07_C	0.1693548387096774
1y0g_A	0.31952662721893493
1y0h_A	0.5247524752475248
1y0k_A	0.18888888888888888
1y0v_C	0.06274509803921569
1y0z_B	0.18012422360248448
1y1l_A	0.3709677419354839
1y1p_B	0.5701754385964912
1y2i_A	0.3853211009174312
1y56_B	0.3422459893048128
1y5e_C	0.5217391304347826
1y5i_B	0.08055009823182711
1y67_D	0.1542056074766355
1y6i_A	0.1630901287553648
1y6z_B	0.13821138211382114
1y71_B	0.19642857142857142
1y7i_B	0.5343511450381679
1y7p_B	0.5668202764976958
1y7w_A	0.072992700729927
1y80_A	0.672
1y89_A	0.3949579831932773
1y8a_A	0.3610223642172524
1y8c_A	0.6178861788617886
1y8r_A	0.4426751592356688
1y9j_A	0.29285714285714287
1y9k_B	0.5584415584415584
1y9o_A	0.4077669902912621
1y9q_A	0.5786516853932584
1y9z_B	0.4426605504587156
1ya0_B	0.20689655172413793
1yac_A	0.5735294117647058
1yax_A	0.09803921568627451
1yb2_A	0.5173913043478261
1yb3_A	0.10240963855421686
1yb5_A	0.5
1ybe_A	0.10817307692307693
1ybf_A	0.44166666666666665
1ybj_A	0.0449438202247191
1yc9_A	0.44282238442822386
1ycd_B	0.5840336134453782
1ych_A	0.5728643216080402
1yco_B	0.352059925093633
1yd5_A	0.3888888888888889
1yd6_D	0.3645833333333333
1ydg_E	0.5392156862745098
1ydx_A	0.3850267379679144
1ye5_B	0.46938775510204084
1ye8_A	0.45348837209302323
1yem_B	0.10240963855421686
1yf2_A	0.31529411764705884
1yfj_A	0.3861003861003861
1yfq_A	0.47953216374269003
1yfs_A	0.109375
1yg0_A	0.45454545454545453
1ygy_A	0.45294117647058824
1yht_A	0.45058139534883723
1yhu_O	0.02702702702702703
1yia_A	0.09365558912386707
1yir_A	0.04871794871794872
1yix_A	0.5018867924528302
1yj5_B	0.412532637075718
1yj8_A	0.4061624649859944
1yk3_F	0.3910891089108911
1yka_A	0.4608695652173913
1yle_A	0.20909090909090908
1yll_D	0.6256410256410256
1ylo_A	0.3265895953757225
1ylq_A	0.45161290322580644
1ym0_A	0.3067226890756303
1ym5_A	0.2108843537414966
1yni_A	0.17272727272727273
1ynq_B	0.5134228187919463
1yns_A	0.3543307086614173
1ynx_A	0.2894736842105263
1yo4_A	0.20689655172413793
1yo6_C	0.6375
1yoa_A	0.32075471698113206
1yoc_B	0.46938775510204084
1yox_D	0.11004784688995216
1yoz_B	0.15517241379310345
1yp1_A	0.22110552763819097
1yp3_C	0.3724137931034483
1ypx_A	0.41823899371069184
1ypy_A	0.09340659340659341
1ypz_E	0.4975845410628019
1yq8_A	0.36649214659685864
1yqe_A	0.21631205673758866
1yqh_A	0.4326923076923077
1yra_B	0.41762452107279696
1ys3_B	0.6231884057971014
1ys6_B	0.5550660792951542
1ysj_A	0.4178272980501393
1ysp_A	0.3719512195121951
1ysq_A	0.2983425414364641
1yt3_A	0.264
1yt8_A	0.4803921568627451
1ytl_A	0.5126582278481012
1yu2_A	0.1989389920424403
1yub_A	0.39183673469387753
1yud_E	0.43670886075949367
1yum_A	0.4716981132075472
1yv1_A	0.3613861386138614
1yvl_B	0.13529411764705881
1yvo_B	0.5087719298245614
1yvp_B	0.37058823529411766
1yw5_A	0.23163841807909605
1yw6_A	0.3639240506329114
1ywu_A	0.336
1yx0_A	0.5298013245033113
1yxk_B	0.1925925925925926
1yxm_A	0.6430976430976431
1yy3_A	0.044444444444444446
1yy7_A	0.30097087378640774
1yz6_A	0.29118773946360155
1yzf_A	0.6256410256410256
1yzv_A	0.517948717948718
1z02_A	0.07728337236533958
1z05_A	0.41414141414141414
1z08_C	0.5329341317365269
1z0z_A	0.3815261044176707
1z11_A	0.13704496788008566
1z1s_A	0.4411764705882353
1z24_A	0.12169312169312169
1z2a_A	0.5548780487804879
1z2i_A	0.14285714285714285
1z2k_A	0.5833333333333334
1z2z_A	0.13729977116704806
1z45_A	0.47058823529411764
1z47_A	0.4318840579710145
1z5h_A	0.27058823529411763
1z6a_A	0.45416666666666666
1z6m_A	0.3942857142857143
1z6n_A	0.4036144578313253
1z7e_D	0.4588235294117647
1z7n_B	0.05345911949685535
1z7q_F	0.06837606837606838
1z7z_I	0.6382488479262672
1z82_A	0.34294871794871795
1z85_B	0.30092592592592593
1z8f_A	0.46195652173913043
1z8g_A	0.24863387978142076
1z9d_A	0.5042016806722689
1z9f_A	0.4606741573033708
1z9v_A	0.12745098039215685
1zak_A	0.40454545454545454
1zb1_A	0.19346049046321526
1zbm_A	0.44696969696969696
1zbo_B	0.275
1zbp_A	0.11654135338345864
1zbr_A	0.24778761061946902
1zc1_A	0.11057692307692307
1zca_A	0.29559748427672955
1zcc_A	0.42083333333333334
1zce_A	0.15753424657534246
1zch_A	0.3092369477911647
1zcz_B	0.2841409691629956
1zd0_A	0.07092198581560284
1zd1_A	0.3745019920318725
1ze1_C	0.20454545454545456
1zej_A	0.4326241134751773
1zel_B	0.2033898305084746
1zem_A	0.676923076923077
1zeq_X	0.4166666666666667
1zet_A	0.15721649484536082
1zfl_A	0.14925373134328357
1zg3_A	0.4441340782122905
1zgs_A	0.07239819004524888
1zh1_A	0.06748466257668712
1zh8_A	0.5415384615384615
1zhi_B	0.112
1zhs_A	0.168141592920354
1zhv_A	0.29850746268656714
1zhz_A	0.05733944954128441
1zj6_A	0.5144508670520231
1zjj_B	0.467680608365019
1zjk_A	0.22564102564102564
1zjr_A	0.4873096446700508
1zki_A	0.42857142857142855
1zku_K	0.3402777777777778
1zl0_A	0.4803921568627451
1zle_B	0.27522935779816515
1zma_A	0.5169491525423728
1znp_A	0.5071428571428571
1zo2_B	0.4112903225806452
1zot_A	0.03418803418803419
1zp6_A	0.4715909090909091
1zpu_A	0.4803921568627451
1zpv_C	0.4772727272727273
1zpw_X	0.18292682926829268
1zq1_A	0.47368421052631576
1zq7_B	0.22549019607843138
1zs7_A	0.0962566844919786
1zso_B	0.050314465408805034
1zsw_A	0.2804878048780488
1ztc_A	0.4784688995215311
1ztd_A	0.088
1ztp_B	0.11063829787234042
1ztv_A	0.45878136200716846
1zu5_B	0.41935483870967744
1zun_A	0.3872549019607843
1zuo_A	0.08024691358024691
1zup_A	0.07849829351535836
1zvp_D	0.3816793893129771
1zvr_A	0.2235294117647059
1zwt_A	0.0759493670886076
1zwx_A	0.5347222222222222
1zwy_B	0.3055555555555556
1zx5_A	0.4533333333333333
1zxe_C	0.3563636363636364
1zxi_C	0.2508710801393728
1zxj_D	0.03626943005181347
1zxq_A	0.640625
1zyb_A	0.43478260869565216
1zyl_A	0.3169230769230769
1zyw_A	0.13636363636363635
1zyz_A	0.10784313725490197
1zzg_A	0.29397590361445786
2a0u_A	0.339572192513369
2a1u_A	0.4222222222222222
2a1x_A	0.3794466403162055
2a22_B	0.4236453201970443
2a2d_A	0.22767857142857142
2a2j_A	0.2413793103448276
2a2l_A	0.4
2a2p_A	0.03875968992248062
2a35_A	0.5961538461538461
2a3j_A	0.53125
2a4a_A	0.492
2a4k_A	0.6286919831223629
2a4v_A	0.4807692307692308
2a5e_A	0.6153846153846154
2a5h_B	0.4560975609756098
2a5l_B	0.5714285714285714
2a5v_A	0.3142857142857143
2a5z_C	0.4262295081967213
2a62_A	0.554858934169279
2a67_B	0.5568862275449101
2a6b_A	0.0547945205479452
2a6p_A	0.44559585492227977
2a6y_A	0.4329004329004329
2a7k_C	0.41596638655462187
2a7s_A	0.36666666666666664
2a7y_A	0.3125
2a8e_A	0.06666666666666667
2a8i_A	0.10557184750733138
2a9v_D	0.5024875621890548
2a9y_A	0.41595441595441596
2aag_B	0.46153846153846156
2aam_B	0.4564459930313589
2ab1_A	0.5163934426229508
2ab5_A	0.23371647509578544
2abq_A	0.4803921568627451
2abw_B	0.504424778761062
2aby_A	0.07377049180327869
2ac3_A	0.33574007220216606
2acf_D	0.3128491620111732
2adb_A	0.33858267716535434
2adc_A	0.4375
2ae6_A	0.527027027027027
2aev_A	0.4344262295081967
2aex_A	0.11904761904761904
2afb_A	0.5379939209726444
2afj_A	0.19469026548672566
2afv_A	0.31336405529953915
2ag5_A	0.6178861788617886
2aga_A	0.21052631578947367
2agj_H	0.6106194690265486
2agk_A	0.4248927038626609
2ags_A	0.3411764705882353
2ah5_A	0.5428571428571428
2ahx_B	0.30392156862745096
2aiz_P	0.47761194029850745
2aj1_A	0.4507042253521127
2akk_A	0.35135135135135137
2ako_A	0.3983402489626556
2akw_B	0.1
2al3_A	0.3026315789473684
2ale_A	0.3787878787878788
2am2_A	0.43832599118942733
2am5_A	0.4502923976608187
2amh_A	0.2205128205128205
2aml_A	0.5027322404371585
2amx_A	0.43956043956043955
2an3_B	0.5055762081784386
2anu_A	0.4107142857142857
2aou_B	0.5501730103806228
2apn_A	0.21929824561403508
2apo_A	0.23684210526315788
2aqs_A	0.325
2aqx_A	0.22145328719723184
2ark_A	0.6256684491978609
2arz_A	0.3025210084033613
2as9_A	0.37681159420289856
2ash_A	0.40166204986149584
2ask_A	0.1485148514851485
2asy_A	0.39603960396039606
2atm_A	0.30246913580246915
2atv_A	0.6011904761904762
2atz_A	0.16477272727272727
2au3_A	0.2803970223325062
2avd_A	0.5981735159817352
2avg_A	0.6545454545454545
2avn_A	0.562753036437247
2aw2_A	0.6454545454545455
2awa_B	0.2328042328042328
2axn_A	0.35033259423503327
2axo_A	0.4099099099099099
2axp_A	0.5290697674418605
2axr_A	0.2359081419624217
2ayt_A	0.45652173913043476
2ayx_A	0.5
2azk_A	0.21014492753623187
2azn_D	0.3926940639269406
2azo_B	0.07929515418502203
2azp_A	0.20125786163522014
2b06_A	0.38666666666666666
2b0a_A	0.24731182795698925
2b0c_A	0.48743718592964824
2b0v_A	0.4797297297297297
2b1x_A	0.08163265306122448
2b1x_B	0.2694610778443114
2b25_A	0.5236220472440944
2b34_A	0.6197916666666666
2b3b_E	0.38010204081632654
2b3t_A	0.532608695652174
2b3y_A	0.1627450980392157
2b4a_A	0.5344827586206896
2b4l_A	0.3880597014925373
2b4q_A	0.67578125
2b56_A	0.12162162162162163
2b5d_X	0.2784313725490196
2b5u_B	0.17857142857142858
2b5x_A	0.5405405405405406
2b67_A	0.3482587064676617
2b69_A	0.5769230769230769
2b6e_D	0.4246575342465753
2b7j_B	0.4696132596685083
2b7q_A	0.25274725274725274
2b7u_A	0.08366533864541832
2b81_C	0.425
2b8f_A	0.3472222222222222
2b9b_B	0.03734439834024896
2b9e_A	0.6
2b9k_A	0.23404255319148937
2b9l_A	0.2661290322580645
2ba0_B	0.32882882882882886
2ba9_A	0.20094562647754138
2bas_A	0.3706467661691542
2bb3_A	0.36597938144329895
2bb6_A	0.3164251207729469
2bbe_A	0.4563106796116505
2bc0_A	0.4080338266384778
2bc4_C	0.41025641025641024
2bcg_G	0.16968325791855204
2bcm_A	0.09420289855072464
2bd0_A	0.65
2bdr_A	0.3674698795180723
2bdt_A	0.5988372093023255
2bdv_A	0.11737089201877934
2be1_A	0.016611295681063124
2be3_A	0.11822660098522167
2be9_B	0.1554054054054054
2bek_A	0.5183673469387755
2bf4_A	0.3215686274509804
2bff_A	0.3137755102040816
2bgk_A	0.664179104477612
2bgo_A	0.646551724137931
2bgw_A	0.365296803652968
2bhv_B	0.1875
2bi0_A	0.38181818181818183
2bib_A	0.43529411764705883
2bih_A	0.24724061810154527
2bji_A	0.20363636363636364
2bjj_X	0.1411764705882353
2bka_A	0.5603448275862069
2bkp_A	0.3865979381443299
2bkr_A	0.16981132075471697
2bkv_B	0.45041322314049587
2bkw_A	0.42670157068062825
2bma_A	0.30620985010706636
2bmb_A	0.3764705882352941
2bmu_B	0.42920353982300885
2bo8_A	0.47506561679790027
2boa_A	0.4282178217821782
2bol_A	0.19933554817275748
2boy_A	0.2845849802371542
2bt1_A	0.07480314960629922
2bte_A	0.11764705882352941
2btq_A	0.38672768878718533
2bue_A	0.49162011173184356
2buj_A	0.4054982817869416
2buz_A	0.29207920792079206
2bv2_A	0.21686746987951808
2bv9_A	0.5176056338028169
2bvb_A	0.0948905109489051
2bw2_A	0.11428571428571428
2bwf_A	0.2987012987012987
2byc_A	0.24817518248175183
2byd_A	0.14487632508833923
2byf_A	0.10344827586206896
2byo_A	0.32786885245901637
2bz0_B	0.15517241379310345
2bzu_A	0.06918238993710692
2c0c_A	0.45609065155807366
2c0n_A	0.4869109947643979
2c0z_A	0.37185929648241206
2c1c_A	0.4230769230769231
2c1d_A	0.1590909090909091
2c1d_B	0.21897810218978103
2c1g_A	0.3958333333333333
2c1l_A	0.32122905027932963
2c1v_A	0.191044776119403
2c1y_A	0.4069264069264069
2c27_A	0.4271523178807947
2c2f_A	0.14606741573033707
2c2i_A	0.4563758389261745
2c2j_A	0.1566265060240964
2c2y_A	0.5392857142857143
2c34_A	0.4396551724137931
2c36_A	0.05474452554744526
2c3b_A	0.07801418439716312
2c3e_A	0.09556313993174062
2c3g_A	0.40816326530612246
2c3w_A	0.49473684210526314
2c40_A	0.5562913907284768
2c41_C	0.34394904458598724
2c44_C	0.36752136752136755
2c45_A	0.37719298245614036
2c4e_A	0.5016722408026756
2c4n_A	0.428
2c4w_A	0.5297619047619048
2c59_A	0.5714285714285714
2c5d_C	0.6458333333333334
2c5s_A	0.3844086021505376
2c5w_B	0.23116883116883116
2c6x_C	0.04132231404958678
2c7h_A	0.45348837209302323
2c7s_A	0.2560553633217993
2c82_A	0.3403693931398417
2c8j_A	0.3762057877813505
2c91_A	0.47692307692307695
2c9e_A	0.015772870662460567
2cai_B	0.3062200956937799
2car_A	0.32653061224489793
2cb0_B	0.4144144144144144
2cb1_A	0.44938271604938274
2cb3_C	0.22413793103448276
2cb9_A	0.6132075471698113
2cbn_A	0.5032679738562091
2cbp_A	0.4583333333333333
2cc0_A	0.5572916666666666
2cdn_A	0.46236559139784944
2cdo_A	0.6811594202898551
2cdq_A	0.33617021276595743
2cdu_A	0.35698447893569846
2ce9_A	0.5370919881305638
2cf4_A	0.3575757575757576
2cfc_A	0.664
2cff_B	0.5560165975103735
2cfh_D	0.07894736842105263
2cfi_A	0.4
2cfm_A	0.08431372549019608
2cg8_C	0.285140562248996
2cg9_X	0.11304347826086956
2cga_A	0.2693877551020408
2cgj_A	0.2860125260960334
2ch1_A	0.4742268041237113
2ch5_A	0.40988372093023256
2ch9_A	0.05555555555555555
2chc_A	0.3609467455621302
2chr_A	0.4702702702702703
2cir_A	0.2604166666666667
2civ_A	0.033444816053511704
2cjb_B	0.12727272727272726
2cjh_A	0.36551724137931035
2cjs_A	0.18404907975460122
2cjw_A	0.5224719101123596
2ckd_A	0.46204620462046203
2cks_B	0.5326797385620915
2cl8_A	0.1937984496124031
2cmh_A	0.36259541984732824
2cn3_A	0.34901960784313724
2coe_A	0.4166666666666667
2cok_A	0.504424778761062
2cpc_A	0.5752212389380531
2cpe_A	0.45132743362831856
2cpf_A	0.5
2cq0_A	0.4368932038834951
2cqv_A	0.6754385964912281
2cr6_A	0.6260869565217392
2cri_A	0.3945578231292517
2crm_A	0.6583333333333333
2crz_A	0.5909090909090909
2csg_A	0.23501199040767387
2cso_A	0.06299212598425197
2csp_A	0.36153846153846153
2cu0_A	0.3715083798882682
2cu2_A	0.3582089552238806
2cu5_A	0.06201550387596899
2cui_A	0.6696428571428571
2cul_A	0.39555555555555555
2cuw_A	0.3132530120481928
2cv9_A	0.5198412698412699
2cve_A	0.17894736842105263
2cvl_E	0.5403225806451613
2cvo_A	0.28448275862068967
2cvz_C	0.4290657439446367
2cw5_C	0.20168067226890757
2cw9_A	0.23626373626373626
2cwz_A	0.47101449275362317
2cxf_A	0.0658682634730539
2cxh_A	0.32222222222222224
2cxi_A	0.09798270893371758
2cxk_A	0.6666666666666666
2cxx_A	0.5543478260869565
2cy5_A	0.17692307692307693
2cyb_A	0.22884012539184953
2cyc_A	0.1752021563342318
2cz4_A	0.52
2cz5_B	0.5048076923076923
2czl_A	0.45185185185185184
2czq_A	0.5707317073170731
2czv_D	0.12605042016806722
2d0i_A	0.4864864864864865
2d0o_A	0.22156862745098038
2d0p_B	0.37272727272727274
2d0w_A	0.19642857142857142
2d1c_A	0.24848484848484848
2d1g_A	0.16216216216216217
2d1i_A	0.0855457227138643
2d1p_B	0.5126050420168067
2d29_A	0.24611398963730569
2d2z_B	0.29583333333333334
2d32_A	0.0392156862745098
2d40_A	0.5570934256055363
2d42_A	0.0642570281124498
2d4e_C	0.2529411764705882
2d4g_A	0.2857142857142857
2d4l_A	0.08771929824561403
2d4x_A	0.1542056074766355
2d4y_A	0.1258741258741259
2d4z_B	0.2222222222222222
2d51_A	0.4024691358024691
2d5g_B	0.07058823529411765
2d5w_A	0.3215686274509804
2d6f_D	0.07647058823529412
2d73_A	0.3058823529411765
2d7d_A	0.2529411764705882
2d7p_A	0.5267857142857143
2d80_A	0.4088050314465409
2d90_A	0.3333333333333333
2d92_A	0.3148148148148148
2d9o_A	0.36
2d9q_B	0.6120401337792643
2d9r_A	0.29411764705882354
2dad_A	0.23655913978494625
2dav_A	0.6111111111111112
2daz_A	0.31451612903225806
2db0_B	0.45
2dbc_A	0.4222222222222222
2dbj_A	0.5564516129032258
2dby_A	0.3183098591549296
2dc0_A	0.2857142857142857
2dc1_A	0.4025423728813559
2dc2_A	0.3103448275862069
2dch_X	0.3284313725490196
2dd7_A	0.06511627906976744
2ddg_A	0.3972602739726027
2ddi_A	0.17142857142857143
2ddm_B	0.3726937269372694
2dds_A	0.4816053511705686
2ddu_A	0.521594684385382
2ddx_A	0.3765432098765432
2ddz_E	0.22105263157894736
2de4_B	0.20461095100864554
2de6_B	0.07948717948717948
2det_A	0.3315068493150685
2df4_A	0.27010309278350514
2dfh_A	0.3212669683257919
2dfi_A	0.24916943521594684
2dfj_A	0.3970037453183521
2dfu_A	0.17131474103585656
2dgd_A	0.5630630630630631
2dgj_A	0.22764227642276422
2dgt_A	0.391304347826087
2dgv_A	0.45652173913043476
2dgw_A	0.4835164835164835
2dgx_A	0.53125
2dh4_A	0.11349693251533742
2dha_A	0.4878048780487805
2dhg_A	0.5192307692307693
2dhs_A	0.4385026737967914
2di3_A	0.30303030303030304
2dia_A	0.6460176991150443
2dib_A	0.46875
2dic_A	0.6476190476190476
2dis_A	0.47706422018348627
2diu_A	0.59375
2dj0_A	0.44525547445255476
2dj4_A	0.5462962962962963
2dji_A	0.4568627450980392
2djw_A	0.6125
2dki_A	0.26666666666666666
2dkm_A	0.6153846153846154
2dkn_A	0.6062992125984252
2dkq_A	0.175
2dks_A	0.6076923076923076
2dku_A	0.6699029126213593
2dl9_A	0.6407766990291263
2dlc_X	0.23893805309734514
2dld_A	0.5727002967359051
2dle_A	0.5865384615384616
2dlt_A	0.49056603773584906
2dlu_A	0.2972972972972973
2dm2_A	0.6454545454545455
2dm4_A	0.6944444444444444
2dmg_A	0.4295774647887324
2dmh_A	0.40714285714285714
2dmk_A	0.5905511811023622
2dnc_A	0.336734693877551
2dne_A	0.2777777777777778
2dnh_A	0.41904761904761906
2dnn_A	0.4074074074074074
2do4_A	0.49
2do8_A	0.06382978723404255
2dok_A	0.35294117647058826
2dou_A	0.4543010752688172
2dp9_A	0.07258064516129033
2dph_A	0.4371859296482412
2dpl_A	0.3588850174216028
2dpm_A	0.41472868217054265
2dpn_A	0.2804878048780488
2dpt_A	0.22844827586206898
2dpw_A	0.5454545454545454
2dq4_A	0.46355685131195334
2dqb_C	0.14285714285714285
2dr1_A	0.4566929133858268
2dr3_D	0.47107438016528924
2dre_C	0.12429378531073447
2drh_A	0.12994350282485875
2dru_A	0.6
2drv_B	0.12626262626262627
2ds4_A	0.5752212389380531
2dsb_A	0.2669902912621359
2dsj_A	0.1773049645390071
2dso_C	0.48606811145510836
2dst_A	0.5819672131147541
2dt4_A	0.07692307692307693
2dt8_A	0.475
2dtc_A	0.22413793103448276
2dtd_A	0.6745098039215687
2dtt_B	0.45217391304347826
2du2_A	0.36363636363636365
2duw_A	0.5182481751824818
2dvm_A	0.4611872146118721
2dvn_A	0.1827956989247312
2dvy_A	0.053811659192825115
2dvz_A	0.48
2dwc_B	0.2616136919315403
2dx7_A	0.6096491228070176
2dxa_A	0.04430379746835443
2dy3_D	0.4331395348837209
2dyo_A	0.13382899628252787
2dyq_A	0.04838709677419355
2dyt_A	0.11267605633802817
2dza_B	0.40077821011673154
2dzk_A	0.3486238532110092
2e0i_B	0.28074245939675174
2e0k_B	0.36475409836065575
2e0w_B	0.098
2e0z_A	0.21610169491525424
2e11_A	0.5320754716981132
2e12_A	0.3763440860215054
2e18_A	0.43359375
2e1b_A	0.18055555555555555
2e1q_A	0.21372549019607842
2e21_A	0.35646687697160884
2e2r_A	0.06140350877192982
2e3m_A	0.38396624472573837
2e3x_B	0.2248062015503876
2e3x_C	0.19166666666666668
2e46_A	0.4140127388535032
2e55_A	0.4567307692307692
2e59_A	0.3263888888888889
2e5h_A	0.5425531914893617
2e5i_A	0.41935483870967744
2e5m_A	0.24317617866004962
2e5v_A	0.2245762711864407
2e63_A	0.31176470588235294
2e67_A	0.3231939163498099
2e6c_A	0.48148148148148145
2e6p_A	0.625
2e6q_A	0.17857142857142858
2e7b_A	0.5631067961165048
2e7c_A	0.6440677966101694
2e7i_A	0.4127906976744186
2e7k_A	0.2967032967032967
2e7m_A	0.5752212389380531
2e7v_A	0.12173913043478261
2e7y_A	0.48161764705882354
2e7z_A	0.20392156862745098
2e87_A	0.38764044943820225
2e8b_A	0.5297297297297298
2e8e_A	0.3787878787878788
2e8g_A	0.225
2e8z_A	0.403921568627451
2e9g_A	0.48091603053435117
2e9w_B	0.6353944562899787
2e9y_A	0.33865814696485624
2eab_A	0.11372549019607843
2eaq_A	0.3595505617977528
2eb6_A	0.19850187265917604
2ebe_A	0.29245283018867924
2ebf_X	0.08823529411764706
2ebj_A	0.5052083333333334
2ebu_A	0.45535714285714285
2ece_A	0.42857142857142855
2ecu_A	0.40268456375838924
2ed6_A	0.3235294117647059
2edc_A	0.5548387096774193
2edf_A	0.6116504854368932
2edg_A	0.2692307692307692
2edh_A	0.5486725663716814
2edk_A	0.6039603960396039
2edm_A	0.34782608695652173
2edp_A	0.25
2edy_A	0.6699029126213593
2ee0_A	0.4473684210526316
2ee3_A	0.75
2eec_A	0.328
2eed_A	0.5742574257425742
2eeg_A	0.2872340425531915
2eej_A	0.3020833333333333
2een_A	0.0847457627118644
2eey_A	0.21875
2eez_A	0.3848396501457726
2ef0_A	0.5296167247386759
2efj_A	0.514367816091954
2efv_A	0.14634146341463414
2efx_A	0.3011049723756906
2egg_A	0.5539568345323741
2egv_B	0.36681222707423583
2ehd_B	0.6525821596244131
2ehg_A	0.4899328859060403
2ei2_A	0.2909698996655518
2eif_A	0.37593984962406013
2eig_A	0.3695652173913043
2eih_A	0.4897959183673469
2eiu_E	0.176
2ej9_A	0.38396624472573837
2eja_A	0.456973293768546
2ejb_A	0.5056818181818182
2ejn_A	0.0547945205479452
2eju_A	0.38005390835579517
2ek0_A	0.3
2ek9_A	0.5024271844660194
2ekd_F	0.16666666666666666
2ekl_A	0.5256410256410257
2ekn_A	0.21379310344827587
2eky_B	0.44
2ela_B	0.06382978723404255
2enj_A	0.10869565217391304
2eno_A	0.25
2enp_A	0.42857142857142855
2enx_A	0.27741935483870966
2eny_A	0.6538461538461539
2eo0_A	0.3153846153846154
2eo4_A	0.31543624161073824
2eo9_A	0.6186440677966102
2ep5_C	0.335243553008596
2eq5_A	0.5674418604651162
2eqn_A	0.1553398058252427
2erf_A	0.33014354066985646
2erp_A	0.30985915492957744
2erv_A	0.38
2esn_B	0.49666666666666665
2et7_A	0.4925373134328358
2etw_A	0.06397306397306397
2euf_A	0.13934426229508196
2ev9_B	0.5209125475285171
2evb_A	0.3783783783783784
2evr_A	0.26126126126126126
2evv_B	0.27472527472527475
2ew0_A	0.10857142857142857
2ew2_B	0.44904458598726116
2ewc_B	0.39344262295081966
2ewf_A	0.18823529411764706
2ewg_A	0.07629427792915532
2ewm_B	0.6153846153846154
2ewn_A	0.33962264150943394
2ewo_H	0.3333333333333333
2exn_A	0.07692307692307693
2exu_A	0.265625
2exx_A	0.5901639344262295
2ezv_B	0.10408921933085502
2f00_B	0.45962732919254656
2f06_A	0.4097222222222222
2f17_A	0.37254901960784315
2f1e_A	0.5172413793103449
2f1z_B	0.1683991683991684
2f20_A	0.11158798283261803
2f25_A	0.3485254691689008
2f2f_B	0.36398467432950193
2f2f_C	0.22077922077922077
2f2h_A	0.30392156862745096
2f2l_A	0.18562874251497005
2f2t_A	0.5126582278481012
2f33_A	0.17624521072796934
2f3o_A	0.08823529411764706
2f3x_A	0.3706293706293706
2f40_A	0.25675675675675674
2f46_A	0.5104895104895105
2f48_B	0.2627450980392157
2f4i_B	0.056179775280898875
2f4m_A	0.11864406779661017
2f4n_B	0.21338912133891214
2f4p_A	0.5149253731343284
2f4w_B	0.05921052631578947
2f51_A	0.5225225225225225
2f59_D	0.5578231292517006
2f5s_A	0.18315018315018314
2f5u_A	0.03414634146341464
2f5x_B	0.45666666666666667
2f6a_A	0.3465346534653465
2f6i_C	0.4371584699453552
2f6k_A	0.46078431372549017
2f6l_A	0.04216867469879518
2f6r_A	0.43043478260869567
2f6u_A	0.47186147186147187
2f7k_B	0.38080495356037153
2f8h_A	0.31666666666666665
2f8j_C	0.34626865671641793
2f8m_A	0.3628691983122363
2f8s_A	0.21764705882352942
2f9f_A	0.5963855421686747
2f9h_A	0.12396694214876033
2f9i_A	0.37216828478964403
2f9i_B	0.39615384615384613
2f9r_A	0.4
2f9w_A	0.43373493975903615
2f9z_C	0.3181818181818182
2fa1_A	0.22641509433962265
2fa8_B	0.6091954022988506
2fao_B	0.15254237288135594
2fb0_A	0.5212765957446809
2fba_A	0.22357723577235772
2fbo_J	0.6
2fby_A	0.29591836734693877
2fc8_A	0.46078431372549017
2fcb_A	0.6127167630057804
2fck_A	0.5229885057471264
2fcr_A	0.6473988439306358
2fcu_A	0.32362459546925565
2fd4_A	0.1523809523809524
2fdb_M	0.174496644295302
2fdj_A	0.28846153846153844
2fdr_A	0.5315315315315315
2fe0_A	0.13740458015267176
2fe1_A	0.4461538461538462
2fef_B	0.15140845070422534
2fen_D	0.09620991253644315
2fex_C	0.5159574468085106
2ff4_A	0.40105540897097625
2ffi_A	0.45054945054945056
2ffj_B	0.30996309963099633
2ffz_A	0.11020408163265306
2fgc_A	0.4968944099378882
2fgr_A	0.32831325301204817
2fgt_A	0.06166219839142091
2fgx_A	0.6235294117647059
2fgy_A	0.17197452229299362
2fhp_A	0.6284153005464481
2fhq_A	0.4
2fhz_A	0.018867924528301886
2fi1_A	0.49732620320855614
2fi9_A	0.3728813559322034
2fia_B	0.5408805031446541
2fin_A	0.09504132231404959
2fiq_A	0.22195121951219512
2fiu_A	0.65625
2fiw_A	0.525
2fiy_A	0.1543859649122807
2fj0_A	0.3
2fj8_A	0.058333333333333334
2fjt_A	0.08426966292134831
2fkb_C	0.3473053892215569
2flz_A	0.3673469387755102
2fm1_D	0.47246376811594204
2fmc_A	0.1951219512195122
2fn8_A	0.6815068493150684
2fna_A	0.40625
2fnc_A	0.38258575197889183
2fne_C	0.2980769230769231
2fni_B	0.4144385026737968
2fnj_A	0.2764976958525346
2fo0_A	0.3133047210300429
2fo1_E	0.6464646464646465
2fp3_A	0.42913385826771655
2fph_X	0.048484848484848485
2fpo_C	0.569060773480663
2fpw_B	0.5153374233128835
2fq1_A	0.4910394265232975
2fqh_A	0.10091743119266056
2fqw_A	0.5727848101265823
2fre_A	0.375
2frg_P	0.6132075471698113
2frx_A	0.46813186813186813
2fs2_B	0.4420289855072464
2fsd_A	0.12727272727272726
2fsk_B	0.3425925925925926
2fsq_A	0.15948275862068967
2fsr_A	0.4678362573099415
2fsx_A	0.5151515151515151
2ftk_B	0.31868131868131866
2ftr_A	0.5825242718446602
2ftw_A	0.38636363636363635
2ftz_A	0.18490566037735848
2fur_A	0.3160621761658031
2fvg_A	0.3633440514469453
2fvk_A	0.2803921568627451
2fw2_F	0.4076923076923077
2fy1_A	0.5462962962962963
2fyh_A	0.2631578947368421
2fyk_A	0.3276595744680851
2fyw_A	0.2247191011235955
2fz0_A	0.11409395973154363
2fzf_A	0.34177215189873417
2fzv_B	0.5506072874493927
2g02_A	0.2995049504950495
2g08_B	0.37800687285223367
2g0b_B	0.4497354497354497
2g0t_B	0.5486725663716814
2g17_A	0.32344213649851633
2g18_D	0.036290322580645164
2g1e_A	0.37777777777777777
2g29_A	0.43116883116883115
2g2c_A	0.5263157894736842
2g2q_B	0.2231404958677686
2g36_A	0.11801242236024845
2g37_B	0.4
2g39_A	0.30505050505050507
2g3f_A	0.4227053140096618
2g3m_F	0.22156862745098038
2g3o_C	0.08333333333333333
2g3p_A	0.09950248756218906
2g3w_A	0.18994413407821228
2g40_A	0.25
2g46_A	0.24369747899159663
2g49_A	0.23921568627450981
2g5g_X	0.2980392156862745
2g5x_A	0.05982905982905983
2g64_A	0.32142857142857145
2g6t_A	0.2973856209150327
2g6w_A	0.4595300261096606
2g6z_A	0.41496598639455784
2g7j_A	0.24107142857142858
2g7u_A	0.3187250996015936
2g8l_B	0.3146853146853147
2g8s_A	0.41954022988505746
2g8y_A	0.14763231197771587
2g9d_A	0.29705882352941176
2g9g_A	0.09523809523809523
2g9o_A	0.4935064935064935
2g9z_A	0.2558922558922559
2gaa_A	0.18541033434650456
2gah_A	0.31176470588235294
2gai_A	0.1607843137254902
2gak_A	0.42780748663101603
2gau_A	0.4954128440366973
2gax_A	0.08888888888888889
2gb3_B	0.4289340101522843
2gb5_A	0.2943396226415094
2gbb_A	0.05128205128205128
2gbs_A	0.25517241379310346
2gbw_A	0.066815144766147
2gbw_B	0.3058823529411765
2gc9_A	0.06741573033707865
2gca_A	0.3853658536585366
2gcf_A	0.4246575342465753
2gdz_A	0.6353383458646616
2gef_B	0.15763546798029557
2gep_A	0.17584745762711865
2gf0_B	0.5804597701149425
2gf2_A	0.4527027027027027
2gf6_A	0.34328358208955223
2gff_B	0.5
2gfg_A	0.06806282722513089
2gfn_B	0.46632124352331605
2gfp_A	0.050666666666666665
2gfq_A	0.28125
2gfu_A	0.23880597014925373
2ggp_A	0.4383561643835616
2ggq_A	0.3566084788029925
2gh0_A	0.055
2gh1_A	0.44483985765124556
2gh4_A	0.4049586776859504
2gh8_A	0.17450980392156862
2gh9_A	0.43915343915343913
2ghs_A	0.43728813559322033
2gie_A	0.13229571984435798
2giy_A	0.26256983240223464
2gji_A	0.32926829268292684
2gjt_B	0.23826714801444043
2gju_A	0.4722222222222222
2gjv_A	0.4411764705882353
2gjx_E	0.3902439024390244
2gk4_A	0.5589519650655022
2gkd_A	0.432258064516129
2gks_B	0.3843137254901961
2gl0_A	0.07975460122699386
2glf_A	0.14444444444444443
2glj_R	0.09868421052631579
2glu_A	0.7051282051282052
2glz_A	0.1342281879194631
2gm2_A	0.4090909090909091
2gm3_A	0.6274509803921569
2gm8_D	0.07834101382488479
2gmf_A	0.09090909090909091
2gmh_A	0.35294117647058826
2gms_A	0.35384615384615387
2gn0_C	0.42378048780487804
2gnp_A	0.3549618320610687
2go8_A	0.29213483146067415
2gow_A	0.3620689655172414
2gpq_A	0.16589861751152074
2gpr_A	0.18181818181818182
2gqf_A	0.2967581047381546
2gqk_A	0.4682080924855491
2gqs_A	0.10126582278481013
2gre_A	0.2364217252396166
2grj_A	0.5195530726256983
2gru_A	0.35149863760217986
2grv_A	0.34901960784313724
2gs5_A	0.02072538860103627
2gs9_A	0.5213270142180095
2gsc_B	0.3076923076923077
2gsk_A	0.3862745098039216
2gt4_A	0.34375
2gtt_M	0.07857142857142857
2gu0_A	0.10631229235880399
2guj_B	0.13138686131386862
2gup_A	0.40484429065743943
2gux_A	0.12698412698412698
2gvc_A	0.29411764705882354
2gvq_D	0.043478260869565216
2gwh_B	0.3854166666666667
2gwr_A	0.5288888888888889
2gx5_C	0.4658385093167702
2gz4_A	0.145
2gza_C	0.25297619047619047
2gzq_A	0.225130890052356
2gzs_A	0.5180722891566265
2h0h_B	0.4043478260869565
2h0j_B	0.49122807017543857
2h0v_A	0.43582089552238806
2h1n_A	0.12941176470588237
2h1y_B	0.22364217252396165
2h2a_A	0.544973544973545
2h2w_A	0.43252595155709345
2h30_A	0.4370860927152318
2h34_A	0.38271604938271603
2h39_B	0.22044728434504793
2h3h_A	0.6677316293929713
2h56_A	0.16055045871559634
2h5y_B	0.5493562231759657
2h6b_A	0.5104602510460251
2h6l_A	0.06428571428571428
2h6o_A	0.10909090909090909
2h6r_B	0.5454545454545454
2h7y_A	0.5821428571428572
2h7z_B	0.22077922077922077
2h84_A	0.44077134986225897
2h8e_A	0.49166666666666664
2h9f_A	0.11764705882352941
2h9l_A	0.5669781931464174
2h9u_A	0.36633663366336633
2ha1_A	0.5671641791044776
2hag_A	0.08794788273615635
2hbo_A	0.3732394366197183
2hc9_A	0.3537832310838446
2hcf_A	0.4888888888888889
2hcm_A	0.42138364779874216
2hcz_X	0.11983471074380166
2hde_A	0.3581081081081081
2hdi_A	0.3941176470588235
2hdo_A	0.5314009661835749
2hdw_A	0.5887850467289719
2heg_B	0.3744075829383886
2hek_A	0.12466124661246612
2hes_X	0.5551948051948052
2hey_F	0.26666666666666666
2hf2_B	0.3814814814814815
2hf6_A	0.2483221476510067
2hfo_A	0.34
2hfq_A	0.24705882352941178
2hfu_A	0.25766871165644173
2hg6_A	0.03773584905660377
2hga_A	0.21359223300970873
2hgs_A	0.2309322033898305
2hhg_A	0.42424242424242425
2hhl_C	0.43478260869565216
2hhx_A	0.1411764705882353
2hhz_A	0.302158273381295
2hi0_A	0.48333333333333334
2hih_A	0.3178294573643411
2hiy_D	0.33879781420765026
2hj0_A	0.3784313725490196
2hje_A	0.1380952380952381
2hjn_A	0.10194174757281553
2hjs_A	0.37425149700598803
2hk2_A	0.21450151057401812
2hk7_A	0.44981412639405205
2hkv_A	0.3108108108108108
2hkx_A	0.41743119266055045
2hky_A	0.08527131782945736
2hlj_A	0.4025974025974026
2hls_A	0.45689655172413796
2hly_A	0.1951219512195122
2hnb_A	0.5850340136054422
2hnk_B	0.6336206896551724
2ho9_A	0.1497005988023952
2hoe_A	0.384180790960452
2hoq_A	0.5232067510548524
2hox_D	0.3091334894613583
2hp0_A	0.27069351230425054
2hpv_A	0.5603864734299517
2hpw_A	0.09606986899563319
2hq3_A	0.2777777777777778
2hq7_B	0.3380281690140845
2hq9_B	0.38405797101449274
2hqb_A	0.5229681978798587
2hqi_A	0.5555555555555556
2hqs_A	0.5097087378640777
2hqy_A	0.34563758389261745
2hr9_A	0.13218390804597702
2hra_A	0.14444444444444443
2hs5_A	0.3961352657004831
2hsb_A	0.38095238095238093
2hsi_B	0.43859649122807015
2hsj_D	0.5654205607476636
2hsz_A	0.5911111111111111
2hta_A	0.19865319865319866
2htd_B	0.45161290322580644
2hth_B	0.21705426356589147
2hti_A	0.3968253968253968
2htm_E	0.390625
2hu9_A	0.25384615384615383
2huh_A	0.3197278911564626
2hv2_B	0.4198473282442748
2hva_A	0.3157894736842105
2hvr_A	0.15673981191222572
2hvw_A	0.3877551020408163
2hvz_A	0.40594059405940597
2hw2_A	0.17391304347826086
2hwj_A	0.28061224489795916
2hwy_A	0.27586206896551724
2hx0_A	0.050724637681159424
2hx1_A	0.45422535211267606
2hx5_A	0.3194444444444444
2hxs_A	0.5280898876404494
2hy7_A	0.5040214477211796
2hyb_B	0.49242424242424243
2hyb_C	0.38613861386138615
2hyd_A	0.29411764705882354
2hyi_C	0.41581632653061223
2hzq_A	0.13855421686746988
2i00_C	0.36683417085427134
2i02_A	0.44285714285714284
2i0m_A	0.3188405797101449
2i0o_A	0.29965156794425085
2i0q_A	0.2885032537960954
2i0x_A	0.5119047619047619
2i0z_A	0.31490384615384615
2i10_B	0.3901098901098901
2i1k_A	0.14313725490196078
2i1n_B	0.3235294117647059
2i1o_A	0.2236503856041131
2i1s_B	0.2596685082872928
2i1y_B	0.2482758620689655
2i2a_A	0.36363636363636365
2i2x_J	0.49224806201550386
2i33_A	0.3949579831932773
2i3a_D	0.30547550432276654
2i3b_A	0.30158730158730157
2i3e_A	0.18468468468468469
2i3f_A	0.043689320388349516
2i45_D	0.6767676767676768
2i4c_A	0.39900249376558605
2i4n_B	0.19004524886877827
2i50_A	0.20491803278688525
2i51_A	0.26288659793814434
2i53_A	0.18503937007874016
2i5e_A	0.49523809523809526
2i5h_A	0.1348314606741573
2i5i_A	0.4329501915708812
2i5r_B	0.4067796610169492
2i61_A	0.20967741935483872
2i6a_A	0.4227405247813411
2i6d_A	0.49800796812749004
2i6e_A	0.40441176470588236
2i6j_A	0.43478260869565216
2i6q_A	0.4572564612326044
2i6x_A	0.47804878048780486
2i71_B	0.19680851063829788
2i79_A	0.6140350877192983
2i7g_B	0.5014492753623189
2i7h_A	0.3315508021390374
2i7r_A	0.33043478260869563
2i7t_A	0.30445544554455445
2i82_A	0.3271889400921659
2i85_A	0.2535211267605634
2i88_A	0.028089887640449437
2i99_A	0.40064102564102566
2i9d_A	0.16355140186915887
2i9u_A	0.42482100238663484
2ia2_A	0.348
2ia4_B	0.5827338129496403
2ia5_H	0.4584717607973422
2iab_A	0.42483660130718953
2iag_A	0.15074309978768577
2ib0_A	0.34507042253521125
2ibg_A	0.6635514018691588
2ibo_A	0.45555555555555555
2ibp_A	0.036855036855036855
2ic8_A	0.24175824175824176
2icg_A	0.13836477987421383
2ich_B	0.1393188854489164
2ics_A	0.39945652173913043
2ida_A	0.09803921568627451
2idb_A	0.12658227848101267
2idq_A	0.49523809523809526
2idu_A	0.5238095238095238
2iee_A	0.5298804780876494
2iel_A	0.5681818181818182
2iep_A	0.7219251336898396
2iew_A	0.06976744186046512
2if6_A	0.2857142857142857
2if7_D	0.5833333333333334
2ifa_B	0.31343283582089554
2ifs_A	0.08284023668639054
2ifw_A	0.21844660194174756
2ig6_A	0.3916083916083916
2igt_A	0.4728434504792332
2ihv_A	0.4745098039215686
2ii2_A	0.10526315789473684
2ii6_A	0.29770992366412213
2ii7_B	0.3130434782608696
2iie_A	0.10784313725490197
2iii_A	0.25833333333333336
2ija_A	0.2191780821917808
2ijd_1	0.09215686274509804
2ije_S	0.06751054852320675
2ijq_A	0.35172413793103446
2ijr_A	0.024822695035460994
2ik0_B	0.017482517482517484
2ikk_A	0.2054794520547945
2im9_A	0.12374581939799331
2imh_A	0.14601769911504425
2iml_D	0.233502538071066
2imr_A	0.3763157894736842
2imz_A	0.0625
2in3_A	0.36764705882352944
2inf_A	0.4418604651162791
2inn_A	0.19959677419354838
2inw_A	0.05128205128205128
2io9_B	0.20588235294117646
2iop_D	0.1588235294117647
2ip2_A	0.48484848484848486
2ipa_B	0.4244604316546763
2ipc_A	0.20784313725490197
2ipq_X	0.06611570247933884
2iq1_A	0.4396887159533074
2iqi_F	0.4514285714285714
2iqt_A	0.29152542372881357
2iqy_A	0.33157894736842103
2irm_A	0.36283185840707965
2irp_A	0.10194174757281553
2iry_A	0.1701388888888889
2is6_A	0.27647058823529413
2isb_A	0.09782608695652174
2isn_A	0.3474320241691843
2it1_A	0.4281767955801105
2iu1_A	0.24581005586592178
2iu6_B	0.35514018691588783
2iue_A	0.5566037735849056
2ium_A	0.14218009478672985
2iut_A	0.20048899755501223
2iv9_A	0.3601694915254237
2ive_A	0.25277161862527714
2ivf_A	0.13725490196078433
2ivf_C	0.19626168224299065
2iw0_A	0.4646017699115044
2iw1_A	0.5972972972972973
2iwc_A	0.27450980392156865
2iwg_B	0.287292817679558
2iwp_B	0.3018867924528302
2iwq_A	0.32608695652173914
2ix1_A	0.18627450980392157
2ix6_F	0.2422062350119904
2ixd_A	0.5836909871244635
2ixl_C	0.4619289340101523
2ixn_A	0.06164383561643835
2ixp_B	0.060126582278481014
2ixs_A	0.15673981191222572
2izw_C	0.24519230769230768
2j04_A	0.29215686274509806
2j09_A	0.26014319809069214
2j0b_A	0.3950617283950617
2j0o_A	0.14788732394366197
2j0w_A	0.3422818791946309
2j17_B	0.3835616438356164
2j23_A	0.5478260869565217
2j2z_B	0.28
2j3g_E	0.05963302752293578
2j3l_B	0.06470588235294118
2j3s_A	0.4870848708487085
2j3t_B	0.05228758169934641
2j3v_A	0.10232558139534884
2j43_A	0.3972602739726027
2j4k_D	0.46017699115044247
2j4n_A	0.19
2j4x_A	0.116751269035533
2j5b_A	0.19875776397515527
2j5s_A	0.40239043824701193
2j5t_D	0.336986301369863
2j5u_A	0.24170616113744076
2j63_A	0.3633633633633634
2j68_A	0.21568627450980393
2j6a_A	0.07352941176470588
2j6p_A	0.5310344827586206
2j6v_A	0.4412811387900356
2j72_B	0.33980582524271846
2j74_B	0.5670103092783505
2j7q_A	0.07327586206896551
2j7t_A	0.3719298245614035
2j85_A	0.09322033898305085
2j89_A	0.3333333333333333
2j8a_A	0.2807017543859649
2j8f_A	0.4349112426035503
2j9i_A	0.04275534441805225
2j9o_D	0.3381818181818182
2ja1_A	0.40932642487046633
2ja3_C	0.18604651162790697
2ja4_A	0.1188118811881188
2jas_C	0.4205128205128205
2jb2_A	0.2546972860125261
2jbs_C	0.2675
2jbw_B	0.556786703601108
2jbz_A	0.3064516129032258
2jc3_C	0.43197278911564624
2jcb_A	0.4381443298969072
2jcd_A	0.2
2jda_B	0.5211267605633803
2jdd_A	0.5793103448275863
2jdj_B	0.3619047619047619
2je9_A	0.11764705882352941
2jen_A	0.06866952789699571
2jep_A	0.5261707988980716
2jfq_A	0.5263157894736842
2jfr_A	0.39316239316239315
2jg2_A	0.41854636591478694
2jg5_A	0.47058823529411764
2jgp_A	0.2627450980392157
2jgq_A	0.38362068965517243
2jh3_A	0.30501089324618735
2jhn_A	0.19795221843003413
2ji2_A	0.20634920634920634
2ji6_A	0.4745098039215686
2jig_A	0.4074074074074074
2jii_B	0.3128834355828221
2jj6_A	0.43283582089552236
2jjp_A	0.14105793450881612
2jk1_A	0.6086956521739131
2jkr_L	0.49411764705882355
2jks_A	0.2887323943661972
2jkv_A	0.31742738589211617
2jky_A	0.463768115942029
2jl1_A	0.5818815331010453
2jlb_A	0.49607843137254903
2jll_A	0.6518324607329843
2jlm_D	0.5659340659340659
2jlp_D	0.33727810650887574
2jmc_A	0.12987012987012986
2jmu_A	0.06696428571428571
2jn9_A	0.19047619047619047
2jnk_A	0.2571428571428571
2jnq_A	0.053763440860215055
2jnz_A	0.39814814814814814
2jol_A	0.04891304347826087
2jon_A	0.10891089108910891
2jop_A	0.045454545454545456
2joq_A	0.3956043956043956
2jpe_A	0.42424242424242425
2jqn_A	0.2672413793103448
2jqo_A	0.46296296296296297
2jqv_A	0.06666666666666667
2jr0_A	0.28378378378378377
2js7_A	0.36875
2jso_A	0.10227272727272728
2jtr_A	0.6352941176470588
2jty_A	0.10869565217391304
2ju5_A	0.4930555555555556
2juo_A	0.2696629213483146
2jvi_A	0.6287878787878788
2jwy_A	0.2857142857142857
2jxr_A	0.22188449848024316
2jxu_A	0.0784313725490196
2jyb_A	0.3765432098765432
2jz4_A	0.13043478260869565
2jzc_A	0.40298507462686567
2jzh_A	0.3333333333333333
2jzj_A	0.11206896551724138
2jzk_A	0.08737864077669903
2jzv_A	0.26126126126126126
2jzx_A	0.3625
2k0a_A	0.11009174311926606
2k0l_A	0.34285714285714286
2k0r_A	0.4453125
2k0z_A	0.41818181818181815
2k13_X	0.0970873786407767
2k2b_A	0.09009009009009009
2k2e_A	0.35443037974683544
2k2o_A	0.024390243902439025
2k32_A	0.35344827586206895
2k36_A	0.03355704697986577
2k3n_A	0.13125
2k4m_A	0.5686274509803921
2k4y_A	0.4186046511627907
2k50_A	0.44545454545454544
2k51_A	0.07792207792207792
2k52_A	0.4594594594594595
2k5d_A	0.12727272727272726
2k5g_A	0.3612565445026178
2k5i_A	0.32098765432098764
2k5n_A	0.40540540540540543
2k5v_A	0.4489795918367347
2k6v_A	0.5232558139534884
2k78_A	0.2222222222222222
2k7q_A	0.46596858638743455
2k87_A	0.1206896551724138
2k8o_A	0.06666666666666667
2k8s_A	0.525
2k8v_A	0.4012738853503185
2k8y_A	0.04
2k9k_A	0.4528301886792453
2k9x_A	0.3235294117647059
2ka3_A	0.3435114503816794
2ka5_A	0.616
2kaa_A	0.2
2kbj_A	0.2878787878787879
2kbn_A	0.41284403669724773
2kc5_A	0.15432098765432098
2kcq_A	0.26143790849673204
2kcu_A	0.35542168674698793
2kcw_A	0.4897959183673469
2kdv_A	0.38414634146341464
2kdx_A	0.3865546218487395
2ker_A	0.5769230769230769
2kew_A	0.40131578947368424
2kfb_A	0.13218390804597702
2kfs_A	0.1506849315068493
2kfw_A	0.20408163265306123
2kg1_A	0.3904761904761905
2kgj_A	0.3235294117647059
2kgl_A	0.13846153846153847
2kgy_A	0.08695652173913043
2khc_A	0.3474576271186441
2khj_A	0.2808988764044944
2khp_A	0.4673913043478261
2khq_A	0.3090909090909091
2khz_A	0.49079754601226994
2ki2_A	0.4025974025974026
2ki7_A	0.27927927927927926
2ki8_A	0.2534246575342466
2kj3_A	0.20253164556962025
2kjr_A	0.3263157894736842
2kkn_A	0.4267515923566879
2kkq_A	0.6810344827586207
2kks_A	0.363013698630137
2kkx_A	0.17647058823529413
2kl2_A	0.14093959731543623
2kll_A	0.06832298136645963
2kln_A	0.29838709677419356
2km1_A	0.358974358974359
2kmg_A	0.09859154929577464
2kmt_A	0.18095238095238095
2kmx_A	0.12432432432432433
2kn4_A	0.43670886075949367
2knq_A	0.13380281690140844
2knr_A	0.1440677966101695
2koj_A	0.3333333333333333
2kp5_A	0.08791208791208792
2kpl_A	0.23255813953488372
2kpn_A	0.6185567010309279
2kpo_A	0.4818181818181818
2kpt_A	0.3108108108108108
2kpu_A	0.3125
2kqa_A	0.18333333333333332
2kr2_A	0.3631578947368421
2kr7_A	0.25165562913907286
2kt8_A	0.34210526315789475
2ktb_B	0.049586776859504134
2kua_A	0.1411764705882353
2kuc_A	0.45454545454545453
2kui_A	0.4375
2kut_A	0.5081967213114754
2kv8_A	0.3253012048192771
2kvk_A	0.19444444444444445
2kw4_A	0.29931972789115646
2kw5_A	0.46534653465346537
2kw7_A	0.42038216560509556
2kwi_A	0.5112359550561798
2kx9_A	0.3568627450980392
2kxs_A	0.14383561643835616
2kxy_A	0.3
2ky6_A	0.20481927710843373
2kyr_A	0.5740740740740741
2kyw_A	0.22988505747126436
2kyy_A	0.26143790849673204
2kyz_A	0.44776119402985076
2kzb_A	0.5263157894736842
2kzk_A	0.44660194174757284
2kzr_A	0.4069767441860465
2l03_A	0.12162162162162163
2l1a_A	0.17757009345794392
2l1g_A	0.2413793103448276
2l1t_A	0.26605504587155965
2l2f_A	0.07407407407407407
2l2q_A	0.5688073394495413
2l3m_A	0.5070422535211268
2l48_A	0.23529411764705882
2l4s_A	0.3387096774193548
2l4v_A	0.11851851851851852
2l52_A	0.47474747474747475
2l5o_A	0.48
2l5p_A	0.08571428571428572
2l69_A	0.35074626865671643
2l6d_A	0.5865384615384616
2l6f_A	0.18181818181818182
2l7r_A	0.33783783783783783
2l81_A	0.18181818181818182
2l82_A	0.42592592592592593
2l8a_A	0.24161073825503357
2l8k_A	0.16260162601626016
2l8y_A	0.42857142857142855
2l90_A	0.32075471698113206
2l9d_A	0.09259259259259259
2l9l_A	0.4695121951219512
2l9y_A	0.20359281437125748
2la3_A	0.17277486910994763
2la7_A	0.33793103448275863
2lbo_A	0.07317073170731707
2lc0_A	0.22727272727272727
2lc6_A	0.3203125
2lcj_A	0.14054054054054055
2lcr_A	0.17525773195876287
2lfc_A	0.09375
2lfe_A	0.5188679245283019
2lfi_A	0.09836065573770492
2lfp_A	0.381294964028777
2lge_A	0.26356589147286824
2lgh_A	0.4513888888888889
2lgn_A	0.10606060606060606
2lgo_A	0.4307692307692308
2lgr_A	0.3815789473684211
2lie_A	0.12418300653594772
2lj4_A	0.2956521739130435
2lja_A	0.4342105263157895
2ljk_A	0.48717948717948717
2ljp_A	0.36134453781512604
2lkm_B	0.11046511627906977
2ll3_A	0.2
2lll_A	0.36363636363636365
2llz_A	0.35
2lm3_A	0.22439024390243903
2ln7_A	0.36054421768707484
2ln8_A	0.09333333333333334
2lnc_A	0.25
2lnd_A	0.36607142857142855
2lok_A	0.14659685863874344
2loy_A	0.07103825136612021
2lp6_A	0.38461538461538464
2lqj_A	0.4787234042553192
2lqm_A	0.08620689655172414
2lr4_A	0.328125
2lrc_A	0.5092592592592593
2lrh_A	0.373134328358209
2lrn_A	0.5394736842105263
2lrt_A	0.5526315789473685
2ls0_1	0.0859375
2ls5_A	0.5345911949685535
2ls6_A	0.5426829268292683
2lsh_A	0.2966101694915254
2lss_A	0.5714285714285714
2lst_A	0.5846153846153846
2lt5_A	0.125
2ltl_A	0.10084033613445378
2ltm_A	0.2803738317757009
2lu2_A	0.25925925925925924
2lu7_A	0.7317073170731707
2luo_A	0.42073170731707316
2luw_A	0.6039603960396039
2luz_A	0.33516483516483514
2lv4_A	0.2602739726027397
2lv5_A	0.12037037037037036
2lvc_A	0.6
2lvf_A	0.10526315789473684
2lw3_A	0.23333333333333334
2lw6_A	0.0875
2lwf_A	0.31932773109243695
2lwy_A	0.057971014492753624
2lxf_A	0.4049586776859504
2lxr_A	0.5394736842105263
2lyv_A	0.5051020408163265
2m05_A	0.16923076923076924
2m19_A	0.4811320754716981
2m1w_A	0.3674698795180723
2m1x_A	0.46875
2m2b_A	0.3893129770992366
2m2j_A	0.19718309859154928
2m38_A	0.14814814814814814
2m3k_A	0.21008403361344538
2m3t_A	0.1797752808988764
2m5c_A	0.4889867841409692
2m5j_A	0.2523364485981308
2m5t_A	0.19718309859154928
2m72_A	0.43790849673202614
2m7b_A	0.2077922077922078
2m83_A	0.4676258992805755
2m9p_A	0.2
2m9u_A	0.2808988764044944
2m9v_A	0.11764705882352941
2mah_A	0.0625
2mas_A	0.4728434504792332
2mbg_A	0.12452830188679245
2mca_A	0.4368932038834951
2mcf_A	0.16216216216216217
2mcm_A	0.36607142857142855
2mdt_A	0.3025210084033613
2mem_A	0.1092436974789916
2mf7_A	0.031496062992125984
2mf9_A	0.3885350318471338
2mgr_A	0.08080808080808081
2mhc_A	0.45
2mhj_A	0.42105263157894735
2mhk_A	0.356
2mii_A	0.4873096446700508
2mim_A	0.4044943820224719
2mj6_A	0.12222222222222222
2mjn_A	0.5268817204301075
2mjp_A	0.29891304347826086
2mk5_A	0.04580152671755725
2mki_A	0.3891625615763547
2mkk_A	0.36619718309859156
2mkl_C	0.5619047619047619
2mou_A	0.18181818181818182
2mp4_A	0.1696969696969697
2mpb_A	0.3448275862068966
2mpe_A	0.06153846153846154
2mph_A	0.33482142857142855
2mpl_A	0.08661417322834646
2mpr_C	0.38954869358669836
2mq8_A	0.32142857142857145
2mqa_A	0.136
2mqb_A	0.16447368421052633
2mqc_A	0.06666666666666667
2mql_A	0.41904761904761906
2mqn_A	0.39351851851851855
2mr5_A	0.4117647058823529
2mra_A	0.3076923076923077
2mry_A	0.5510204081632653
2msw_A	0.752
2mt9_A	0.653179190751445
2mtg_A	0.3017241379310345
2mti_A	0.2158273381294964
2mu3_A	0.06030150753768844
2mui_A	0.05291005291005291
2mvz_A	0.2054794520547945
2mw1_A	0.11864406779661017
2mwc_A	0.5784313725490197
2mwi_A	0.040983606557377046
2mx0_A	0.17073170731707318
2mx1_A	0.010582010582010581
2mx2_A	0.37037037037037035
2mx9_A	0.15789473684210525
2myf_A	0.4606741573033708
2myp_A	0.5267175572519084
2mzb_A	0.49489795918367346
2mzq_A	0.5247524752475248
2mzr_A	0.49473684210526314
2n03_A	0.046511627906976744
2n1k_A	0.7358490566037735
2n2m_A	0.4358974358974359
2n2t_A	0.5
2n2u_A	0.45454545454545453
2n3e_A	0.16058394160583941
2n3l_A	0.33707865168539325
2n3o_A	0.34959349593495936
2n48_A	0.4563758389261745
2n4o_A	0.16842105263157894
2n51_A	0.2781954887218045
2n56_A	0.4807692307692308
2n59_A	0.33663366336633666
2n6e_A	0.09090909090909091
2n6p_A	0.4095238095238095
2n7p_A	0.23809523809523808
2n7s_A	0.5978260869565217
2n7y_A	0.4605263157894737
2n8l_A	0.3298429319371728
2n8n_A	0.4166666666666667
2n8q_A	0.24390243902439024
2n93_A	0.24615384615384617
2nan_A	0.25
2nba_A	0.15966386554621848
2nbh_A	0.14953271028037382
2nbs_A	0.47413793103448276
2nbu_A	0.3717948717948718
2nc8_A	0.21052631578947367
2ncl_A	0.43209876543209874
2nda_A	0.168141592920354
2nlr_A	0.14414414414414414
2nly_A	0.5648148148148148
2nlz_D	0.07254901960784314
2nn6_A	0.08235294117647059
2nnc_B	0.6086956521739131
2nnr_A	0.6454545454545455
2nnz_A	0.09923664122137404
2no4_B	0.5221238938053098
2np6_A	0.4949238578680203
2npb_A	0.5568181818181818
2npn_A	0.36134453781512604
2nq2_C	0.4701195219123506
2nq3_A	0.4198473282442748
2nq5_A	0.34901960784313724
2nr9_A	0.2708333333333333
2nra_C	0.27380952380952384
2nrj_A	0.07988165680473373
2nrk_A	0.24242424242424243
2nrp_B	0.39753086419753086
2ns1_B	0.5575221238938053
2ns5_A	0.35294117647058826
2ns6_A	0.22404371584699453
2ns9_A	0.46710526315789475
2nsg_A	0.2833333333333333
2nsm_A	0.4461538461538462
2nt2_A	0.4154929577464789
2nt4_A	0.6349206349206349
2nti_H	0.14227642276422764
2ntq_B	0.5146198830409356
2ntt_A	0.0967741935483871
2nuh_A	0.5192307692307693
2nuj_A	0.34591194968553457
2nuu_D	0.12682926829268293
2nvo_A	0.35080645161290325
2nvu_A	0.296078431372549
2nvu_B	0.403921568627451
2nvv_A	0.3004032258064516
2nvw_A	0.48184019370460046
2nwa_D	0.1375
2nwb_A	0.13192612137203166
2nwh_A	0.498371335504886
2nwi_A	0.31875
2nwu_B	0.05263157894736842
2nxf_A	0.5031847133757962
2nxv_A	0.5180722891566265
2nyg_A	0.2740740740740741
2nyi_A	0.5497076023391813
2nz6_A	0.2195945945945946
2nzc_D	0.5975609756097561
2nzi_A	0.6575342465753424
2nzo_A	0.3333333333333333
2nzy_C	0.3646723646723647
2o06_A	0.4713804713804714
2o0i_1	0.2111111111111111
2o0y_C	0.3215686274509804
2o14_A	0.6412429378531074
2o16_B	0.2740740740740741
2o1e_A	0.38345864661654133
2o2a_B	0.07142857142857142
2o2k_B	0.06906906906906907
2o2o_A	0.4533333333333333
2o2s_A	0.5973597359735974
2o2t_A	0.24324324324324326
2o2x_A	0.5550239234449761
2o30_A	0.15853658536585366
2o34_A	0.13654618473895583
2o3b_A	0.21161825726141079
2o3i_A	0.14095744680851063
2o3o_I	0.20491803278688525
2o4c_A	0.4105263157894737
2o55_A	0.4921259842519685
2o57_A	0.6453900709219859
2o5e_A	0.14901960784313725
2o5n_B	0.051094890510948905
2o5r_A	0.14102564102564102
2o5v_A	0.276536312849162
2o61_A	0.25301204819277107
2o61_B	0.2898089171974522
2o62_A	0.09293680297397769
2o6d_A	0.23417721518987342
2o6q_A	0.674074074074074
2o6t_A	0.3972602739726027
2o7f_A	0.09411764705882353
2o8q_A	0.5163934426229508
2o8r_A	0.2647058823529412
2oa6_D	0.10130718954248366
2oaf_B	0.375
2oaj_A	0.34705882352941175
2oaq_2	0.24652087475149106
2ob0_C	0.5120481927710844
2ob5_A	0.052980132450331126
2obb_A	0.512396694214876
2obk_F	0.5697674418604651
2obn_D	0.5057803468208093
2ocl_A	0.7401574803149606
2ocx_A	0.4178082191780822
2od4_A	0.37623762376237624
2od6_A	0.5
2oda_B	0.48205128205128206
2odf_A	0.43253968253968256
2odj_B	0.30927835051546393
2odl_A	0.48118279569892475
2odr_A	0.06720977596741344
2oeb_A	0.05263157894736842
2oek_A	0.39563106796116504
2of3_A	0.46616541353383456
2ofn_A	0.3851851851851852
2og6_A	0.2476780185758514
2oga_A	0.40161725067385445
2ogf_B	0.09016393442622951
2ogj_A	0.38522427440633245
2ogk_D	0.19718309859154928
2oho_A	0.47761194029850745
2oi0_A	0.2932330827067669
2oi2_A	0.20350877192982456
2oik_C	0.2765957446808511
2okj_B	0.35714285714285715
2okq_A	0.4881889763779528
2okt_A	0.3830409356725146
2okv_B	0.08
2okx_A	0.46862745098039216
2ols_A	0.0784313725490196
2olt_C	0.271889400921659
2om6_A	0.4721030042918455
2oml_A	0.32044198895027626
2omo_A	0.5238095238095238
2ong_A	0.10588235294117647
2oo0_A	0.3532219570405728
2oo3_A	0.50187265917603
2oof_A	0.41687344913151364
2ook_B	0.5081967213114754
2ooy_E	0.17417417417417416
2op5_C	0.40869565217391307
2opc_A	0.08695652173913043
2opi_B	0.08133971291866028
2oqm_A	0.2222222222222222
2oqt_D	0.1282051282051282
2or0_B	0.22493887530562348
2or8_A	0.5775862068965517
2orw_B	0.5433526011560693
2ory_B	0.3372093023255814
2os5_A	0.4152542372881356
2ost_A	0.22297297297297297
2osx_A	0.47884187082405344
2ot9_A	0.08379888268156424
2otd_A	0.49795918367346936
2otm_B	0.39215686274509803
2otn_A	0.20477815699658702
2ou5_A	0.35428571428571426
2ou6_A	0.2896174863387978
2ouc_A	0.3787878787878788
2oud_A	0.384180790960452
2oux_A	0.24124513618677043
2ov9_C	0.2961165048543689
2owt_A	0.42857142857142855
2owy_A	0.08169934640522876
2ox1_A	0.35714285714285715
2ox4_C	0.46851385390428213
2oxg_Z	0.6111111111111112
2oxt_A	0.4339622641509434
2oyp_A	0.5688073394495413
2oz5_A	0.28679245283018867
2oz8_A	0.4636118598382749
2oze_A	0.43309859154929575
2ozg_A	0.4587628865979381
2ozj_A	0.5909090909090909
2ozt_A	0.4517133956386293
2ozv_B	0.5619047619047619
2ozz_A	0.45652173913043476
2p0e_A	0.4631578947368421
2p0f_A	0.21008403361344538
2p0m_A	0.1980392156862745
2p0o_A	0.38526912181303113
2p0y_A	0.4083333333333333
2p10_C	0.4925925925925926
2p11_A	0.4155251141552511
2p19_A	0.22297297297297297
2p1p_B	0.7215686274509804
2p1r_A	0.4482758620689655
2p2c_A	0.6172839506172839
2p35_A	0.5306122448979592
2p38_A	0.2129032258064516
2p3n_A	0.20703125
2p4g_A	0.46774193548387094
2p4z_B	0.5072463768115942
2p5c_A	0.3283018867924528
2p5d_A	0.21379310344827587
2p5t_D	0.38866396761133604
2p5z_X	0.23268698060941828
2p62_A	0.2074688796680498
2p67_A	0.304635761589404
2p6e_C	0.34977578475336324
2p6h_A	0.11940298507462686
2p6n_A	0.44375
2p6r_A	0.3980392156862745
2p6y_A	0.04580152671755725
2p6z_A	0.17857142857142858
2p7h_A	0.6331877729257642
2p7n_A	0.08358208955223881
2p7q_E	0.32061068702290074
2p8c_A	0.5121951219512195
2p8i_A	0.3076923076923077
2p8t_A	0.2391304347826087
2p97_A	0.40298507462686567
2p9b_A	0.44226044226044225
2p9e_C	0.541871921182266
2p9m_B	0.27906976744186046
2p9w_A	0.44744744744744747
2pa4_B	0.431438127090301
2paj_A	0.3491686460807601
2pb9_A	0.08695652173913043
2pbe_A	0.10266159695817491
2pbf_A	0.44954128440366975
2pbh_A	0.17665615141955837
2pbj_A	0.28832116788321166
2pbk_A	0.07456140350877193
2pbl_D	0.5954198473282443
2pbz_A	0.14675767918088736
2pc1_A	0.5549132947976878
2pcn_A	0.32919254658385094
2pcr_B	0.16597510373443983
2pcs_A	0.42105263157894735
2pd1_A	0.49514563106796117
2pd3_A	0.656934306569343
2pe4_A	0.27577937649880097
2pee_B	0.04909560723514212
2pet_A	0.5800865800865801
2pff_A	0.06862745098039216
2pff_B	0.06470588235294118
2pfi_B	0.22972972972972974
2pft_A	0.13333333333333333
2pfw_A	0.5625
2pfx_A	0.28272251308900526
2pfy_A	0.45182724252491696
2pg0_A	0.25526315789473686
2pg3_A	0.45701357466063347
2pgc_A	0.4396135265700483
2pge_A	0.44662921348314605
2pgs_A	0.13740458015267176
2pgw_C	0.488
2ph7_A	0.2409090909090909
2phn_B	0.05220883534136546
2pi2_A	0.34108527131782945
2pi2_F	0.31092436974789917
2pia_A	0.3987538940809969
2pic_A	0.17261904761904762
2pif_B	0.06324110671936758
2pim_A	0.44696969696969696
2pjd_A	0.5419161676646707
2pjz_A	0.45977011494252873
2pk0_A	0.41700404858299595
2pk3_A	0.6601941747572816
2pk8_A	0.18085106382978725
2pk9_D	0.0547945205479452
2pkd_E	0.6605504587155964
2pke_A	0.39914163090128757
2pkh_B	0.18309859154929578
2pko_A	0.41414141414141414
2pkw_A	0.515748031496063
2pl6_A	0.18309859154929578
2plc_A	0.34306569343065696
2plj_A	0.3776595744680851
2plq_A	0.5088235294117647
2plr_A	0.44339622641509435
2pma_A	0.17054263565891473
2pml_X	0.3088235294117647
2pmp_A	0.40625
2pmq_B	0.41711229946524064
2pn5_A	0.5
2pnt_B	0.30526315789473685
2pnw_A	0.18361581920903955
2pny_A	0.2703862660944206
2pnz_B	0.10112359550561797
2po3_A	0.3944020356234097
2pod_B	0.4131578947368421
2pof_A	0.18181818181818182
2pok_A	0.32532751091703055
2pp1_A	0.46835443037974683
2ppq_A	0.36129032258064514
2ppv_A	0.3415384615384615
2pq6_A	0.43792325056433407
2pqf_E	0.07027027027027027
2pqg_A	0.058365758754863814
2pqy_A	0.09387755102040816
2prd_A	0.1724137931034483
2prv_A	0.13071895424836602
2prx_A	0.2894736842105263
2ps1_A	0.4955357142857143
2psg_A	0.21621621621621623
2pso_B	0.35858585858585856
2psy_A	0.29955947136563876
2pt5_B	0.6071428571428571
2ptf_A	0.235
2ptt_A	0.5922330097087378
2pul_A	0.30446194225721784
2pvp_A	0.24924012158054712
2pvq_A	0.34328358208955223
2pw6_A	0.3319672131147541
2pww_A	0.1391304347826087
2pwy_A	0.6294820717131474
2pxx_A	0.6009389671361502
2pxy_A	0.6842105263157895
2py2_A	0.1968503937007874
2py6_A	0.504
2pyt_A	0.5078125
2pyu_A	0.2980769230769231
2pyw_A	0.2805755395683453
2pyx_A	0.3333333333333333
2pyy_B	0.4930875576036866
2pz0_B	0.448559670781893
2pz1_A	0.18627450980392157
2pzh_A	0.40298507462686567
2pzi_B	0.32941176470588235
2pzx_A	0.05319148936170213
2pzz_A	0.2857142857142857
2q01_B	0.23333333333333334
2q02_A	0.5808823529411765
2q03_A	0.22556390977443608
2q04_A	0.2796208530805687
2q05_A	0.30939226519337015
2q07_A	0.28888888888888886
2q0e_A	0.1691842900302115
2q0x_A	0.5272108843537415
2q0y_A	0.48366013071895425
2q1c_X	0.13402061855670103
2q1f_A	0.2784313725490196
2q1u_A	0.5922619047619048
2q1z_B	0.41081081081081083
2q22_A	0.25384615384615383
2q2e_A	0.1746031746031746
2q2e_B	0.18235294117647058
2q2g_A	0.09659090909090909
2q2h_A	0.3135593220338983
2q2t_A	0.24232081911262798
2q30_A	0.6981132075471698
2q3h_A	0.5555555555555556
2q3l_A	0.5873015873015873
2q3m_A	0.35563380281690143
2q3q_A	0.45
2q3x_B	0.4513888888888889
2q40_A	0.23323615160349853
2q46_A	0.6482213438735178
2q4e_B	0.5028571428571429
2q4g_W	0.8260869565217391
2q4i_A	0.15517241379310345
2q4x_A	0.06976744186046512
2q58_A	0.07164179104477612
2q5c_A	0.47593582887700536
2q5l_A	0.4725490196078431
2q5r_A	0.4276729559748428
2q5w_E	0.2846715328467153
2q6d_B	0.12052117263843648
2q6h_A	0.06666666666666667
2q6o_A	0.20446096654275092
2q74_A	0.18775510204081633
2q78_F	0.47794117647058826
2q7a_A	0.125
2q82_A	0.06140350877192982
2q83_A	0.35240963855421686
2q85_A	0.18181818181818182
2q87_A	0.6635514018691588
2q89_A	0.5447470817120622
2q8n_B	0.2688888888888889
2q8p_A	0.5
2q9k_A	0.30612244897959184
2q9r_A	0.08163265306122448
2q9u_A	0.5990220048899756
2qa5_B	0.32905982905982906
2qag_C	0.29464285714285715
2qb5_A	0.3136094674556213
2qb7_A	0.27735368956743
2qbu_A	0.36403508771929827
2qby_B	0.4266304347826087
2qc1_A	0.22972972972972974
2qck_A	0.31446540880503143
2qcq_B	0.12962962962962962
2qcu_B	0.2954091816367265
2qcx_B	0.07048458149779736
2qdd_A	0.45652173913043476
2qdl_A	0.13636363636363635
2qdr_A	0.4421052631578947
2qe7_H	0.28888888888888886
2qea_A	0.44375
2qec_A	0.5248618784530387
2qed_A	0.45634920634920634
2qf9_A	0.3333333333333333
2qfe_A	0.5035971223021583
2qfi_A	0.14335664335664336
2qg3_A	0.09743589743589744
2qg7_E	0.3170731707317073
2qg8_A	0.15328467153284672
2qgm_A	0.29846938775510207
2qgo_A	0.06140350877192982
2qgy_A	0.44680851063829785
2qh1_B	0.34594594594594597
2qh5_B	0.5
2qh9_A	0.3539325842696629
2qhp_A	0.4479166666666667
2qhq_B	0.09836065573770492
2qi2_A	0.1891025641025641
2qik_A	0.1449814126394052
2qip_A	0.48148148148148145
2qiw_A	0.5529411764705883
2qiy_A	0.3208955223880597
2qj3_B	0.271875
2qj8_A	0.4012738853503185
2qjc_A	0.45495495495495497
2qjo_B	0.39880952380952384
2qjv_A	0.39923954372623577
2qjw_B	0.5795454545454546
2qk2_A	0.5767634854771784
2qk4_B	0.3490566037735849
2qkd_A	0.1171875
2qke_B	0.3333333333333333
2qkk_A	0.44155844155844154
2qkm_B	0.3082706766917293
2qkw_B	0.3253424657534247
2ql3_A	0.6926829268292682
2qlc_A	0.47619047619047616
2qlt_A	0.4342629482071713
2qlx_A	0.3148148148148148
2qm1_B	0.4276923076923077
2qmi_A	0.2595078299776286
2qml_A	0.5077720207253886
2qmm_A	0.29743589743589743
2qmw_A	0.4659090909090909
2qmx_A	0.4172661870503597
2qn4_A	0.13836477987421383
2qnd_B	0.42657342657342656
2qng_A	0.08235294117647059
2qni_A	0.4536082474226804
2qnk_A	0.5559440559440559
2qor_A	0.47959183673469385
2qp2_A	0.11044176706827309
2qpd_A	0.22156862745098038
2qpq_A	0.48986486486486486
2qpz_A	0.33980582524271846
2qq5_A	0.6008403361344538
2qq6_B	0.4494949494949495
2qq8_A	0.020833333333333332
2qql_A	0.45294117647058824
2qqp_G	0.08627450980392157
2qqv_A	0.27058823529411763
2qqz_A	0.3008130081300813
2qr3_A	0.6115702479338843
2qr4_A	0.052941176470588235
2qr6_A	0.3045822102425876
2qrr_B	0.4387755102040816
2qrt_A	0.36432160804020103
2qru_A	0.5551470588235294
2qry_C	0.4937106918238994
2qs7_A	0.43478260869565216
2qs8_A	0.45073891625615764
2qsj_B	0.5409836065573771
2qsr_A	0.14906832298136646
2qsv_A	0.5318181818181819
2qsx_B	0.5783783783783784
2qt5_A	0.2268041237113402
2qt7_B	0.1978021978021978
2qtp_A	0.16326530612244897
2qtt_A	0.3870967741935484
2qu7_A	0.6094890510948905
2qv0_A	0.6311475409836066
2qv2_A	0.10163934426229508
2qv5_A	0.3983739837398374
2qv6_A	0.3675889328063241
2qv7_A	0.44224422442244227
2qvh_A	0.4437299035369775
2qvp_C	0.4275092936802974
2qvw_A	0.09803921568627451
2qw5_A	0.4954128440366973
2qwu_A	0.057971014492753624
2qwv_B	0.17766497461928935
2qwz_A	0.4791666666666667
2qx2_A	0.2169811320754717
2qx3_A	0.5363636363636364
2qxy_A	0.6050420168067226
2qya_A	0.1826086956521739
2qyc_A	0.6078431372549019
2qyg_A	0.28205128205128205
2qyh_B	0.3953488372093023
2qyt_A	0.4355400696864111
2qz5_B	0.36363636363636365
2qz7_A	0.3372093023255814
2qzc_A	0.023923444976076555
2qzj_A	0.6859504132231405
2qzu_A	0.31827956989247314
2qzx_A	0.19005847953216373
2r01_A	0.3333333333333333
2r0b_A	0.39072847682119205
2r0f_A	0.03680981595092025
2r0g_A	0.3352941176470588
2r0m_A	0.23333333333333334
2r0x_A	0.3333333333333333
2r10_B	0.05704697986577181
2r11_D	0.6458333333333334
2r1f_A	0.06153846153846154
2r1h_B	0.12244897959183673
2r25_B	0.6616541353383458
2r2a_A	0.5130890052356021
2r2d_A	0.4528985507246377
2r39_A	0.5596330275229358
2r3b_B	0.4507042253521127
2r3s_A	0.5484848484848485
2r3v_A	0.2230769230769231
2r41_C	0.16981132075471697
2r44_A	0.29393939393939394
2r4q_A	0.6470588235294118
2r55_A	0.39903846153846156
2r5f_A	0.06880733944954129
2r5o_A	0.5508982035928144
2r5v_A	0.3092485549132948
2r5w_B	0.4405797101449275
2r5x_B	0.13559322033898305
2r6d_A	0.3530864197530864
2r6i_A	0.0708955223880597
2r6q_A	0.6304347826086957
2r6u_D	0.37404580152671757
2r6z_B	0.4834710743801653
2r75_1	0.4891640866873065
2r76_A	0.44696969696969696
2r79_A	0.5161290322580645
2r7a_B	0.49609375
2r7d_A	0.13232104121475055
2r7h_B	0.5723270440251572
2r7k_A	0.2346368715083799
2r8b_A	0.6078431372549019
2r8q_A	0.208955223880597
2r8r_A	0.44019138755980863
2r91_A	0.5104895104895105
2r9q_B	0.1286549707602339
2r9y_A	0.049315068493150684
2ra5_A	0.21333333333333335
2ra8_A	0.5698005698005698
2raa_A	0.30337078651685395
2raf_B	0.4782608695652174
2rag_A	0.3821138211382114
2raj_A	0.05759162303664921
2raq_B	0.425531914893617
2rau_A	0.4828571428571429
2rav_A	0.39846743295019155
2rb7_A	0.37222222222222223
2rb8_A	0.7634408602150538
2rbc_A	0.5
2rbg_A	0.2661290322580645
2rc6_B	0.41830065359477125
2rcc_A	0.19808306709265175
2rd3_A	0.09502262443438914
2rdd_A	0.24313725490196078
2rdm_A	0.6048387096774194
2rdn_A	0.33090909090909093
2rdx_H	0.43902439024390244
2re2_B	0.4
2re3_B	0.043478260869565216
2re7_A	0.49242424242424243
2re9_A	0.5487804878048781
2rek_B	0.4228571428571429
2rf1_A	0.3724137931034483
2rf8_B	0.10030395136778116
2rfb_A	0.11538461538461539
2rff_A	0.42342342342342343
2rfl_H	0.4551282051282051
2rfm_B	0.6467391304347826
2rgo_A	0.24509803921568626
2rgy_A	0.6181818181818182
2rh3_A	0.024793388429752067
2rh4_B	0.6417910447761194
2rhm_C	0.5368421052631579
2rhq_B	0.1568627450980392
2rhs_C	0.07380073800738007
2rhx_A	0.07692307692307693
2rih_A	0.26717557251908397
2ril_A	0.42105263157894735
2rjb_D	0.03225806451612903
2rjn_A	0.6296296296296297
2rjo_A	0.6180124223602484
2rjs_B	0.09607843137254903
2rjz_A	0.4888888888888889
2rlt_A	0.1717171717171717
2rm5_A	0.49700598802395207
2rmn_A	0.04291845493562232
2rmp_A	0.19273743016759776
2rng_A	0.25316455696202533
2ro1_A	0.14285714285714285
2ron_A	0.25206611570247933
2rpb_A	0.2831858407079646
2rpi_A	0.46226415094339623
2rpz_A	0.390625
2rq6_A	0.2318840579710145
2rqf_A	0.1145374449339207
2rr6_A	0.6190476190476191
2rra_A	0.5050505050505051
2rrk_A	0.42857142857142855
2rst_A	0.23484848484848486
2rsx_A	0.20125786163522014
2rt3_A	0.41237113402061853
2rtt_A	0.45714285714285713
2sim_A	0.3858267716535433
2sqc_A	0.2725490196078431
2taa_A	0.3410041841004184
2tbv_C	0.11214953271028037
2uuu_A	0.1980392156862745
2uvf_A	0.6509803921568628
2uvk_B	0.5186246418338109
2uvn_A	0.13283208020050125
2uwq_A	0.3488372093023256
2uwr_A	0.12658227848101267
2uxt_A	0.523696682464455
2uyy_A	0.4657534246575342
2uz3_B	0.42028985507246375
2uz9_A	0.42567567567567566
2uzh_C	0.4064516129032258
2uzz_B	0.3225806451612903
2v0f_A	0.20689655172413793
2v0n_A	0.5729847494553377
2v1u_A	0.45287958115183247
2v25_A	0.5411255411255411
2v27_B	0.022058823529411766
2v29_B	0.11313868613138686
2v2k_A	0.23809523809523808
2v30_A	0.29389312977099236
2v33_A	0.26373626373626374
2v34_B	0.2740740740740741
2v3b_A	0.4225721784776903
2v3e_A	0.44779116465863456
2v3m_C	0.3069306930693069
2v3y_A	0.27954545454545454
2v42_A	0.1896551724137931
2v45_A	0.23137254901960785
2v4v_A	0.5813953488372093
2v54_A	0.39705882352941174
2v55_D	0.521978021978022
2v5h_B	0.3044982698961938
2v5j_A	0.40148698884758366
2v5y_A	0.6254901960784314
2v6b_B	0.5035460992907801
2v6u_A	0.2524271844660194
2v70_A	0.6523809523809524
2v73_A	0.3879781420765027
2v7s_A	0.10059171597633136
2v84_A	0.3887147335423197
2v8k_A	0.27647058823529413
2v90_E	0.3368421052631579
2v9k_A	0.06423982869379015
2v9t_B	0.7047619047619048
2v9y_A	0.28343949044585987
2va1_B	0.4808510638297872
2vak_A	0.036585365853658534
2vav_B	0.49142857142857144
2vbg_A	0.44313725490196076
2vca_A	0.396078431372549
2vd3_A	0.5259515570934256
2vd8_A	0.40568475452196384
2vdu_D	0.3696808510638298
2ve3_A	0.16091954022988506
2vec_A	0.6651982378854625
2ved_B	0.484251968503937
2vef_A	0.44086021505376344
2ver_A	0.22377622377622378
2vfr_A	0.24641148325358853
2vg1_A	0.18859649122807018
2vge_A	0.5721153846153846
2vgr_C	0.13145539906103287
2vhh_C	0.4790575916230366
2vhl_B	0.361323155216285
2vht_A	0.2983606557377049
2vi7_C	0.5272727272727272
2vj4_A	0.11301369863013698
2vk6_A	0.3363028953229399
2vk9_A	0.14313725490196078
2vkc_A	0.3238095238095238
2vkn_A	0.4090909090909091
2vl7_A	0.3115468409586057
2vla_A	0.08571428571428572
2vlc_A	0.12549019607843137
2vmh_A	0.5374149659863946
2vn0_A	0.13793103448275862
2vn6_A	0.5629139072847682
2vn7_A	0.21176470588235294
2vn8_A	0.4106145251396648
2vnh_A	0.5115384615384615
2vnt_B	0.3088803088803089
2vnv_B	0.4140625
2vo5_B	0.44509803921568625
2vo8_A	0.25
2voa_A	0.5214007782101168
2vos_A	0.43080357142857145
2vow_A	0.03103448275862069
2vpj_A	0.5605536332179931
2vpo_B	0.3633440514469453
2vps_A	0.18823529411764706
2vpt_A	0.6517412935323383
2vpv_A	0.6914893617021277
2vpx_B	0.07216494845360824
2vpx_C	0.17928286852589642
2vq1_F	0.5497630331753555
2vq3_A	0.5248618784530387
2vq8_A	0.1640625
2vqj_A	0.3805970149253731
2vqx_A	0.15217391304347827
2vqz_F	0.09375
2vr5_A	0.3431372549019608
2vra_A	0.5960591133004927
2vri_A	0.31213872832369943
2vrn_A	0.6108108108108108
2vs1_A	0.3768844221105528
2vsd_A	0.6451612903225806
2vsg_A	0.07541899441340782
2vtb_A	0.166
2vtc_A	0.3508771929824561
2vtu_J	0.08560311284046693
2vtw_A	0.09268292682926829
2vtx_I	0.5833333333333334
2vun_A	0.4649350649350649
2vuz_A	0.26356589147286824
2vvf_E	0.30111524163568776
2vvm_A	0.2806652806652807
2vvx_A	0.08496732026143791
2vw9_A	0.48623853211009177
2vwh_A	0.44537815126050423
2vx5_A	0.40599455040871935
2vxa_A	0.5074626865671642
2vxc_B	0.4458874458874459
2vxo_B	0.4117647058823529
2vxr_A	0.23598130841121495
2vy7_A	0.05128205128205128
2vyo_A	0.5436893203883495
2vyt_A	0.17289719626168223
2vz9_B	0.2901960784313726
2vzb_A	0.35714285714285715
2vzz_A	0.4976303317535545
2w07_B	0.2231404958677686
2w0c_L	0.17313432835820897
2w0r_A	0.26229508196721313
2w13_A	0.28217821782178215
2w16_A	0.4235294117647059
2w1k_A	0.27751196172248804
2w1n_A	0.6447368421052632
2w1t_A	0.46285714285714286
2w1v_A	0.5583941605839416
2w1z_B	0.2430167597765363
2w2h_A	0.17490494296577946
2w2j_A	0.10074626865671642
2w2l_A	0.5606936416184971
2w2s_A	0.09202453987730061
2w3j_A	0.6642335766423357
2w3p_B	0.22745098039215686
2w3r_A	0.19333333333333333
2w3y_A	0.056179775280898875
2w3z_A	0.5210084033613446
2w47_A	0.7407407407407407
2w48_B	0.3546325878594249
2w4b_A	0.09649122807017543
2w4e_A	0.3795620437956204
2w4l_E	0.4567901234567901
2w4m_A	0.504
2w59_A	0.4930232558139535
2w5b_A	0.3726937269372694
2w5e_A	0.36419753086419754
2w5n_A	0.4383561643835616
2w5s_A	0.3490566037735849
2w5w_A	0.34971098265895956
2w5z_A	0.2388888888888889
2w61_A	0.4021276595744681
2w6k_A	0.4014084507042254
2w7v_A	0.36585365853658536
2w7y_A	0.36503856041131105
2w87_A	0.6906474820143885
2w8c_A	0.5377358490566038
2w8h_H	0.3695652173913043
2w92_A	0.3862745098039216
2w94_A	0.452755905511811
2w98_B	0.43661971830985913
2w9m_B	0.33725490196078434
2w9x_B	0.3860182370820669
2wa1_B	0.4541984732824427
2wab_A	0.5871559633027523
2wac_A	0.16589861751152074
2wag_A	0.45161290322580644
2wam_A	0.3197278911564626
2wan_A	0.3176470588235294
2waw_A	0.5151515151515151
2waz_X	0.05714285714285714
2wb7_A	0.18627450980392157
2wb8_A	0.2621082621082621
2wbc_A	0.07650273224043716
2wbn_A	0.25280898876404495
2wbv_B	0.12903225806451613
2wc1_A	0.5384615384615384
2wcl_A	0.07801418439716312
2wcs_A	0.3798767967145791
2wcv_B	0.17142857142857143
2wdu_A	0.3238095238095238
2we4_A	0.3656957928802589
2we6_A	0.07211538461538461
2we8_A	0.3710144927536232
2wef_A	0.2607260726072607
2wew_A	0.047058823529411764
2wfb_A	0.4166666666666667
2wff_2	0.0502283105022831
2wfh_A	0.5193370165745856
2wfk_A	0.13671875
2wfl_A	0.592156862745098
2wgq_B	0.12745098039215685
2why_A	0.44876325088339225
2wim_A	0.6304347826086957
2wiw_B	0.3492063492063492
2wiy_A	0.1319796954314721
2wj9_B	0.07586206896551724
2wjd_A	0.5
2wjq_A	0.32195121951219513
2wjy_A	0.25098039215686274
2wk5_A	0.17817371937639198
2wkn_A	0.1053921568627451
2wkp_A	0.465625
2wl9_A	0.32
2wlb_A	0.30097087378640774
2wlk_A	0.20618556701030927
2wm2_C	0.5667870036101083
2wm8_A	0.4235294117647059
2wml_A	0.2572463768115942
2wnh_B	0.2175
2wnk_A	0.2600896860986547
2wnm_A	0.5084745762711864
2wno_A	0.5462184873949579
2wnr_B	0.05405405405405406
2wns_B	0.49246231155778897
2wnw_A	0.437219730941704
2wny_A	0.24817518248175183
2wnz_A	0.5728476821192053
2wo3_B	0.30985915492957744
2wo4_A	0.27672955974842767
2wop_A	0.3333333333333333
2woz_A	0.4820846905537459
2wp7_A	0.27044025157232704
2wpg_A	0.29411764705882354
2wpw_A	0.4481707317073171
2wr8_A	0.16666666666666666
2ws9_3	0.13716814159292035
2wsb_A	0.7007874015748031
2wsh_A	0.22388059701492538
2wsm_A	0.5123152709359606
2wst_A	0.09659090909090909
2wsu_B	0.20915032679738563
2wsw_A	0.03543307086614173
2wta_A	0.5518867924528302
2wtb_A	0.4215686274509804
2wtk_B	0.38263665594855306
2wtk_C	0.34035087719298246
2wtn_B	0.652
2wto_A	0.10752688172043011
2wtz_B	0.4744094488188976
2wu9_A	0.34739454094292804
2wuh_A	0.49390243902439024
2wuq_B	0.2826855123674912
2wux_A	0.004694835680751174
2wv3_A	0.6542553191489362
2wvk_A	0.38618925831202044
2wvo_A	0.02702702702702703
2wwa_A	0.026530612244897958
2wwb_A	0.04201680672268908
2wwf_C	0.4056603773584906
2wwm_D	0.77
2wxw_A	0.03881278538812785
2wyo_A	0.1784313725490196
2wys_B	0.5372549019607843
2wz8_A	0.6666666666666666
2wzp_A	0.09022556390977443
2x0f_B	0.45549738219895286
2x0k_A	0.40828402366863903
2x0s_A	0.10196078431372549
2x12_A	0.245
2x1c_B	0.10112359550561797
2x1g_F	0.34705882352941175
2x1x_R	0.6567164179104478
2x23_B	0.6380597014925373
2x26_A	0.461038961038961
2x29_A	0.5576923076923077
2x2i_A	0.15490196078431373
2x2s_B	0.15789473684210525
2x2z_A	0.085995085995086
2x31_A	0.4095744680851064
2x32_B	0.3522727272727273
2x3b_A	0.25084745762711863
2x3g_A	0.4396551724137931
2x3h_A	0.5963855421686747
2x3j_A	0.12352941176470589
2x3l_B	0.2978723404255319
2x3y_A	0.5594059405940595
2x46_A	0.10416666666666667
2x49_A	0.2012012012012012
2x4d_A	0.3814814814814815
2x4g_A	0.5927152317880795
2x4j_A	0.25688073394495414
2x4l_A	0.4798657718120805
2x53_S	0.2181208053691275
2x5d_D	0.4473684210526316
2x5k_P	0.3165680473372781
2x5q_A	0.11475409836065574
2x5r_A	0.21774193548387097
2x64_B	0.32367149758454106
2x65_A	0.37425149700598803
2x68_A	0.13428571428571429
2x79_A	0.06451612903225806
2x7i_A	0.29152542372881357
2x7j_A	0.47843137254901963
2x7m_A	0.5111111111111111
2x7o_A	0.3303030303030303
2x7v_A	0.534965034965035
2x7x_A	0.6411960132890365
2x8c_B	0.34509803921568627
2x8j_D	0.4512987012987013
2x8k_C	0.2222222222222222
2x8r_B	0.4714285714285714
2x98_A	0.30465116279069765
2x9b_A	0.20967741935483872
2x9o_A	0.09871244635193133
2x9q_A	0.2554112554112554
2xb3_A	0.3032258064516129
2xbo_1	0.12955465587044535
2xbt_A	0.18354430379746836
2xc8_B	0.18110236220472442
2xcm_C	0.2826086956521739
2xcz_A	0.4473684210526316
2xdh_A	0.5507246376811594
2xdq_A	0.4164705882352941
2xdq_B	0.4068181818181818
2xem_D	0.4589041095890411
2xeq_C	0.23651452282157676
2xf1_A	0.13114754098360656
2xf2_A	0.08431372549019608
2xf3_B	0.21728971962616822
2xf4_A	0.5095238095238095
2xfa_A	0.11888111888111888
2xfg_B	0.20348837209302326
2xgr_A	0.116751269035533
2xhc_A	0.12903225806451613
2xhf_A	0.40384615384615385
2xhk_B	0.4700460829493088
2xhs_A	0.028688524590163935
2xid_B	0.3372093023255814
2xit_B	0.36917562724014336
2xjv_A	0.2868217054263566
2xka_F	0.3164251207729469
2xkj_E	0.1607843137254902
2xlq_A	0.1518987341772152
2xlr_C	0.336283185840708
2xmo_A	0.4889975550122249
2xmx_B	0.06666666666666667
2xmz_A	0.6390977443609023
2xna_C	0.05581395348837209
2xnj_A	0.4470588235294118
2xnk_A	0.4054982817869416
2xot_B	0.6846846846846847
2xpy_A	0.2372549019607843
2xq2_A	0.1607843137254902
2xqo_A	0.21904761904761905
2xqy_A	0.09913793103448276
2xr1_B	0.3
2xr4_A	0.3706896551724138
2xrc_B	0.16907216494845362
2xri_A	0.45145631067961167
2xs1_A	0.16470588235294117
2xs2_A	0.42045454545454547
2xs6_A	0.12048192771084337
2xsg_A	0.17058823529411765
2xsj_A	0.12844036697247707
2xst_A	0.19463087248322147
2xsw_A	0.36176470588235293
2xtl_B	0.3495575221238938
2xtz_A	0.2594752186588921
2xu2_A	0.3817427385892116
2xv7_A	0.14423076923076922
2xvz_A	0.4714828897338403
2xw7_A	0.44
2xwb_F	0.39019607843137255
2xwp_A	0.5330739299610895
2xy1_A	0.6510416666666666
2xy4_A	0.3857677902621723
2xya_A	0.3131868131868132
2xz1_A	0.16147308781869688
2xz4_A	0.2
2xz8_A	0.17777777777777778
2xzj_A	0.37305699481865284
2xzz_A	0.6391752577319587
2y0e_A	0.561822125813449
2y0n_A	0.07878787878787878
2y1r_J	0.23157894736842105
2y1v_A	0.36470588235294116
2y23_A	0.48184818481848185
2y25_D	0.6019108280254777
2y2l_B	0.23949579831932774
2y2w_E	0.43137254901960786
2y2x_B	0.3386243386243386
2y35_A	0.21372549019607842
2y38_A	0.1871345029239766
2y3a_A	0.17450980392156862
2y3c_A	0.26258992805755393
2y3m_B	0.1956521739130435
2y3n_A	0.3352601156069364
2y3u_A	0.21176470588235294
2y4g_A	0.19
2y4o_A	0.42494226327944573
2y4r_A	0.22592592592592592
2y5b_E	0.1723076923076923
2y5c_A	0.29906542056074764
2y5p_C	0.3698630136986301
2y5s_B	0.41637010676156583
2y6p_B	0.575107296137339
2y7d_D	0.45323741007194246
2y7h_A	0.25646551724137934
2y7h_B	0.36666666666666664
2y7i_A	0.4780701754385965
2y8l_E	0.19672131147540983
2y8p_A	0.38421052631578945
2y8w_A	0.05581395348837209
2y96_A	0.42857142857142855
2y9p_B	0.20161290322580644
2y9x_A	0.023017902813299233
2y9z_B	0.058823529411764705
2ya1_A	0.3215686274509804
2yaj_C	0.09803921568627451
2yb0_E	0.07575757575757576
2yb7_A	0.6357142857142857
2ycd_A	0.29107981220657275
2yce_E	0.5176470588235295
2ych_A	0.4226190476190476
2yck_X	0.49264705882352944
2ycl_A	0.327313769751693
2yeq_A	0.45294117647058824
2yev_A	0.18823529411764706
2yev_B	0.3824451410658307
2yfr_A	0.3176470588235294
2ygk_A	0.11598746081504702
2ygq_A	0.34024896265560167
2yhb_A	0.29891304347826086
2yhe_A	0.38235294117647056
2yhf_B	0.1864406779661017
2yhg_A	0.48418491484184917
2yhw_A	0.45307443365695793
2yia_A	0.054901960784313725
2yik_A	0.2631578947368421
2yil_A	0.1984732824427481
2yim_A	0.29014084507042254
2yj4_B	0.2222222222222222
2yjj_G	0.21019108280254778
2yjl_B	0.49557522123893805
2yjt_D	0.4176470588235294
2yk0_A	0.08627450980392157
2yk4_A	0.34049079754601225
2ykd_A	0.06666666666666667
2ykh_A	0.3283018867924528
2yle_A	0.16374269005847952
2yln_A	0.4791666666666667
2ymb_D	0.4458874458874459
2ymu_A	0.2725490196078431
2ymv_A	0.2996941896024465
2ymw_B	0.029411764705882353
2ymz_A	0.4307692307692308
2yn5_B	0.4894366197183099
2yn7_A	0.102803738317757
2ynk_A	0.30385487528344673
2ynm_D	0.36475409836065575
2yop_C	0.30939226519337015
2yox_A	0.4550561797752809
2yq1_C	0.19083969465648856
2yq4_C	0.56797583081571
2yqr_A	0.25210084033613445
2yqy_A	0.31496062992125984
2yr1_A	0.5252918287937743
2yr3_A	0.7373737373737373
2yr5_A	0.12941176470588237
2yrb_A	0.1858974358974359
2yri_A	0.44886363636363635
2yrl_A	0.5980392156862745
2yrp_A	0.5263157894736842
2yst_A	0.4957983193277311
2ysw_A	0.4931506849315068
2ytw_A	0.3135593220338983
2yub_A	0.2457627118644068
2yue_A	0.16071428571428573
2yug_A	0.16129032258064516
2yut_A	0.5792079207920792
2yuy_A	0.2222222222222222
2yv1_A	0.6604477611940298
2yv5_A	0.3515358361774744
2yv7_A	0.1148936170212766
2yv9_A	0.11228070175438597
2yvl_A	0.6477732793522267
2yvn_A	0.3626373626373626
2yvs_A	0.0502283105022831
2yvx_A	0.26244343891402716
2ywc_A	0.43157894736842106
2ywd_A	0.5079365079365079
2ywi_A	0.48947368421052634
2ywv_A	0.10970464135021098
2yww_B	0.1267605633802817
2yx0_A	0.43209876543209874
2yx6_C	0.39285714285714285
2yxb_A	0.6618705035971223
2yxd_A	0.5888888888888889
2yxe_A	0.48598130841121495
2yxo_B	0.5283018867924528
2yxz_A	0.35737704918032787
2yy3_A	0.4175824175824176
2yy5_B	0.16184971098265896
2yy8_A	0.45977011494252873
2yyh_A	0.39855072463768115
2yyj_A	0.1722689075630252
2yys_A	0.5633802816901409
2yyy_A	0.27485380116959063
2yz2_A	0.45864661654135336
2yzi_B	0.3161764705882353
2yzj_A	0.10759493670886076
2yzk_A	0.4293785310734463
2yzo_B	0.10714285714285714
2yzq_A	0.17857142857142858
2yzv_A	0.17832167832167833
2z00_A	0.38967136150234744
2z02_A	0.19421487603305784
2z04_B	0.30153846153846153
2z0b_C	0.46551724137931033
2z0j_A	0.1308016877637131
2z0l_A	0.10367892976588629
2z0r_I	0.12871287128712872
2z0x_A	0.05732484076433121
2z0z_A	0.4845360824742268
2z15_B	0.15833333333333333
2z1a_A	0.3865877712031558
2z1n_B	0.7242798353909465
2z1p_A	0.2730496453900709
2z1u_A	0.2835820895522388
2z2o_C	0.5618729096989966
2z2w_A	0.39846743295019155
2z36_B	0.1311881188118812
2z3b_A	0.16111111111111112
2z3r_E	0.058823529411764705
2z3u_A	0.12895377128953772
2z3v_A	0.7153284671532847
2z4t_A	0.24949290060851928
2z5b_A	0.2204724409448819
2z5b_B	0.06060606060606061
2z5e_A	0.11475409836065574
2z5l_A	0.5518763796909493
2z5x_A	0.2725490196078431
2z67_A	0.4147465437788018
2z6g_A	0.6980392156862745
2z6i_B	0.40498442367601245
2z6v_A	0.29846938775510207
2z72_A	0.3816568047337278
2z7b_A	0.11814345991561181
2z84_A	0.2619047619047619
2z86_C	0.615686274509804
2z8d_A	0.40399002493765584
2z8g_A	0.30392156862745096
2z8q_A	0.5151515151515151
2z8u_B	0.13142857142857142
2z93_B	0.4375
2z9h_E	0.41237113402061853
2zad_A	0.5116279069767442
2zah_C	0.3021148036253776
2zay_A	0.6829268292682927
2zbb_A	0.3411764705882353
2zbc_A	0.49382716049382713
2zbk_B	0.16403162055335968
2zbk_C	0.21613832853025935
2zbp_A	0.6456692913385826
2zbu_A	0.33840304182509506
2zc0_A	0.4271604938271605
2zc1_A	0.4954954954954955
2zca_B	0.0440251572327044
2zcf_A	0.06565656565656566
2zci_A	0.056862745098039215
2zcw_A	0.5154639175257731
2zdo_D	0.4036697247706422
2zds_B	0.5372670807453416
2ze3_A	0.5127272727272727
2ze5_A	0.3392070484581498
2ze9_A	0.42658730158730157
2zex_A	0.6326530612244898
2zf8_A	0.22764227642276422
2zf9_A	0.5271739130434783
2zfu_A	0.4669811320754717
2zg6_B	0.4433497536945813
2zgi_D	0.23577235772357724
2zi8_A	0.32441471571906355
2zi9_A	0.34710743801652894
2zib_A	0.16153846153846155
2zif_B	0.5761316872427984
2zii_D	0.0636042402826855
2ziy_A	0.20270270270270271
2zj8_A	0.396078431372549
2zkd_A	0.11904761904761904
2zkt_B	0.2572178477690289
2zm5_A	0.369281045751634
2zo4_A	0.4883720930232558
2zo7_A	0.10454545454545454
2zom_C	0.5779816513761468
2zop_A	0.168141592920354
2zpo_A	0.17647058823529413
2zq5_A	0.26301369863013696
2zqr_A	0.3458646616541353
2zr8_A	0.4670846394984326
2zrx_A	0.4945054945054945
2zsg_A	0.29775280898876405
2zsk_A	0.5619469026548672
2ztb_B	0.11290322580645161
2ztm_C	0.652
2ztm_D	0.680161943319838
2ztv_D	0.6719367588932806
2zu0_A	0.6033653846153846
2zu0_C	0.5141700404858299
2zu6_B	0.18309859154929578
2zu8_A	0.4262734584450402
2zuc_B	0.48172757475083056
2zuf_A	0.21764705882352942
2zus_A	0.3137254901960784
2zuy_A	0.41568627450980394
2zvb_A	0.3204633204633205
2zvy_A	0.4808743169398907
2zw6_A	0.47474747474747475
2zwa_B	0.44313725490196076
2zwi_B	0.2386058981233244
2zwv_A	0.5630026809651475
2zxl_A	0.04659498207885305
2zxo_A	0.3176470588235294
2zy4_F	0.30196078431372547
2zyo_A	0.4051948051948052
2zyr_A	0.4353448275862069
2zzd_F	0.13302752293577982
2zzj_A	0.35714285714285715
2zzn_A	0.46726190476190477
2zzq_A	0.15527950310559005
2zzr_A	0.3904282115869018
3a05_A	0.17983651226158037
3a06_B	0.3485254691689008
3a07_B	0.11864406779661017
3a0f_A	0.30392156862745096
3a10_A	0.6724137931034483
3a15_B	0.19337016574585636
3a1j_A	0.14339622641509434
3a1k_A	0.2874015748031496
3a22_A	0.4764705882352941
3a26_A	0.5189393939393939
3a2e_A	0.09259259259259259
3a2k_A	0.3333333333333333
3a2p_A	0.2732919254658385
3a35_A	0.33152173913043476
3a3k_B	0.48484848484848486
3a3t_A	0.40414507772020725
3a43_A	0.3597122302158273
3a4a_A	0.27647058823529413
3a4t_A	0.5775193798449613
3a52_A	0.305
3a56_A	0.1950354609929078
3a5i_A	0.10982658959537572
3a5v_A	0.4534005037783375
3a5x_A	0.1214574898785425
3a61_A	0.35826771653543305
3a79_A	0.6529411764705882
3a79_B	0.6235294117647059
3a7n_A	0.22746781115879827
3a8g_B	0.3160377358490566
3a8t_A	0.356401384083045
3a9b_A	0.2967914438502674
3a9c_B	0.4461538461538462
3a9h_A	0.40236686390532544
3a9l_A	0.10144927536231885
3aal_A	0.5268456375838926
3aam_A	0.5464684014869888
3ab1_B	0.4583333333333333
3ab8_A	0.7701149425287356
3abi_A	0.3638968481375358
3acf_A	0.5284974093264249
3acp_A	0.36930455635491605
3ad7_B	0.39851485148514854
3ad9_C	0.2717948717948718
3add_A	0.3904382470119522
3adr_A	0.4362934362934363
3aex_A	0.4358974358974359
3af5_A	0.28823529411764703
3afe_A	0.2421875
3afg_B	0.5542406311637081
3afl_A	0.32941176470588235
3afm_A	0.7248062015503876
3afo_A	0.3388888888888889
3agz_A	0.13513513513513514
3ah1_B	0.13541666666666666
3ah5_A	0.04186046511627907
3ah7_A	0.25688073394495414
3ahp_B	0.5514018691588785
3ahr_A	0.06077348066298342
3ai3_A	0.6806083650190115
3ai7_A	0.2235294117647059
3ai9_X	0.22274881516587677
3aii_A	0.14065934065934066
3aix_B	0.15725806451612903
3aj3_A	0.4981684981684982
3aja_B	0.5113636363636364
3ajb_A	0.04778156996587031
3ajx_A	0.6038647342995169
3ak4_A	0.627906976744186
3aki_A	0.33482142857142855
3akk_A	0.12837837837837837
3al0_C	0.12352941176470589
3al2_A	0.35454545454545455
3al5_B	0.3665594855305466
3aln_C	0.20765027322404372
3alp_B	0.5625
3alu_D	0.1592356687898089
3alx_B	0.08235294117647059
3ami_A	0.3033175355450237
3amj_B	0.3333333333333333
3anv_A	0.3646112600536193
3anz_b	0.061016949152542375
3aoe_B	0.19811320754716982
3aou_D	0.1858974358974359
3ap2_A	0.37666666666666665
3aq0_C	0.12844036697247707
3aq1_B	0.13681592039800994
3aq2_A	0.03664921465968586
3aqg_B	0.050724637681159424
3aqk_A	0.18974358974358974
3aqq_A	0.37373737373737376
3asv_A	0.5887096774193549
3ath_A	0.452970297029703
3ats_A	0.32670454545454547
3aty_A	0.37994722955145116
3au0_A	0.1710914454277286
3au4_A	0.15490196078431373
3auf_A	0.5424528301886793
3auy_A	0.30327868852459017
3av0_A	0.4281842818428184
3aw5_A	0.5502283105022832
3aw9_A	0.6085526315789473
3axb_A	0.3411214953271028
3axg_J	0.10174418604651163
3axt_A	0.49612403100775193
3axx_B	0.5224274406332454
3ay5_A	0.2181208053691275
3ay6_B	0.6816479400749064
3ayf_A	0.09215686274509804
3ayh_B	0.07103825136612021
3az9_G	0.41496598639455784
3azo_A	0.44509803921568625
3b0v_C	0.46984126984126984
3b0y_A	0.396078431372549
3b12_A	0.6428571428571429
3b18_A	0.05389221556886228
3b1b_B	0.0641025641025641
3b1e_A	0.4418604651162791
3b1n_B	0.459375
3b2r_B	0.20905923344947736
3b2s_A	0.17410714285714285
3b2z_F	0.36860068259385664
3b38_A	0.5445026178010471
3b3c_A	0.5120274914089347
3b3r_A	0.1550695825049702
3b43_A	0.6627450980392157
3b46_B	0.4117647058823529
3b48_F	0.48148148148148145
3b4p_B	0.41139240506329117
3b4u_B	0.4895833333333333
3b55_A	0.3088235294117647
3b59_A	0.3488372093023256
3b5m_B	0.2358974358974359
3b5o_A	0.030434782608695653
3b5q_B	0.291220556745182
3b74_A	0.2996742671009772
3b76_B	0.3333333333333333
3b79_A	0.328
3b7f_A	0.453804347826087
3b7g_A	0.43414634146341463
3b7w_A	0.4823529411764706
3b7x_A	0.37606837606837606
3b7y_B	0.4931506849315068
3b83_C	0.6666666666666666
3b8b_A	0.24723247232472326
3b8f_B	0.4295774647887324
3b8k_A	0.11715481171548117
3b8l_A	0.46938775510204084
3ba3_B	0.3333333333333333
3bb5_D	0.5185185185185185
3bb6_C	0.4778761061946903
3bb7_A	0.12101910828025478
3bbh_A	0.058823529411764705
3bbj_A	0.3694029850746269
3bcf_A	0.40980392156862744
3bci_A	0.49696969696969695
3bcw_B	0.5714285714285714
3bde_A	0.4
3bdi_A	0.6135265700483091
3bdl_A	0.22156862745098038
3bdw_A	0.16260162601626016
3be6_A	0.43197278911564624
3bed_A	0.42424242424242425
3bem_B	0.26666666666666666
3ber_A	0.4090909090909091
3bes_R	0.252
3bev_B	0.5757575757575758
3bez_D	0.42379958246346555
3bf4_A	0.5217391304347826
3bfm_A	0.27391304347826084
3bga_A	0.4411764705882353
3bgh_A	0.17647058823529413
3bgk_A	0.4855072463768116
3bgw_A	0.3532219570405728
3bgy_A	0.0752212389380531
3bh1_D	0.16632443531827515
3bh2_C	0.05327868852459016
3bh3_D	0.08163265306122448
3bhn_A	0.49065420560747663
3bhw_B	0.1
3bij_A	0.5094339622641509
3bik_C	0.6186440677966102
3bit_A	0.24161073825503357
3bj9_1	0.6120689655172413
3bje_A	0.21100917431192662
3bjq_E	0.18032786885245902
3bjr_A	0.6229508196721312
3bjx_A	0.03215434083601286
3bk5_A	0.13191489361702127
3bkp_A	0.22346368715083798
3bli_A	0.5016077170418006
3bln_A	0.5492957746478874
3bm3_A	0.2857142857142857
3bm7_A	0.41509433962264153
3bma_C	0.3477157360406091
3bmb_A	0.16296296296296298
3bmz_B	0.14210526315789473
3bn7_A	0.6078431372549019
3bnk_B	0.27807486631016043
3bnv_D	0.3916083916083916
3bo0_A	0.08144796380090498
3bo5_A	0.17100371747211895
3bos_B	0.5021645021645021
3bp3_A	0.18518518518518517
3bpl_B	0.4900990099009901
3bpm_A	0.2674897119341564
3bpt_A	0.30386740331491713
3bqw_A	0.09510086455331412
3bqx_A	0.3381294964028777
3bre_B	0.573170731707317
3brs_A	0.6309963099630996
3brw_B	0.08011869436201781
3bs2_A	0.06164383561643835
3bs4_A	0.07346938775510205
3bt5_A	0.3708609271523179
3bt7_B	0.37669376693766937
3btp_A	0.09585492227979274
3bu2_B	0.1794871794871795
3buj_A	0.15113350125944586
3but_A	0.56
3bv6_B	0.4152542372881356
3bvi_F	0.32947976878612717
3bvp_A	0.5441176470588235
3bw2_A	0.39481268011527376
3bwg_B	0.3026315789473684
3bwn_B	0.34417344173441733
3bws_A	0.5085995085995086
3bwt_A	0.48348348348348347
3bww_A	0.48221343873517786
3bwx_A	0.5684210526315789
3bxe_B	0.30039525691699603
3bxj_B	0.08100558659217877
3bxw_A	0.4888888888888889
3by5_A	0.4715447154471545
3byw_C	0.13125
3bzc_A	0.25882352941176473
3bzn_A	0.030232558139534883
3bzr_A	0.25688073394495414
3bzw_A	0.6491935483870968
3c02_A	0.09504132231404959
3c0f_B	0.17647058823529413
3c0k_A	0.4911392405063291
3c18_A	0.2206896551724138
3c19_A	0.2598870056497175
3c1m_C	0.405982905982906
3c1o_A	0.6019108280254777
3c24_A	0.4151624548736462
3c25_A	0.15254237288135594
3c2h_B	0.4
3c2u_A	0.3607843137254902
3c2v_A	0.1259259259259259
3c37_A	0.27802690582959644
3c3d_A	0.3464052287581699
3c3k_B	0.6691176470588235
3c3w_A	0.3933649289099526
3c4n_A	0.37047353760445684
3c5h_A	0.3793103448275862
3c5k_A	0.2037037037037037
3c5m_B	0.4497354497354497
3c5p_A	0.13402061855670103
3c5y_E	0.3395348837209302
3c66_A	0.13725490196078433
3c6c_A	0.4897959183673469
3c6k_D	0.4482758620689655
3c6v_B	0.35374149659863946
3c7g_A	0.514344262295082
3c7n_A	0.3333333333333333
3c7t_A	0.44015444015444016
3c8i_B	0.08527131782945736
3c8m_A	0.4104938271604938
3c8v_C	0.053763440860215055
3c96_A	0.4199475065616798
3c9a_A	0.18269230769230768
3c9f_B	0.3352941176470588
3c9g_A	0.24615384615384617
3c9h_B	0.46017699115044247
3c9p_A	0.09016393442622951
3ca8_A	0.4329501915708812
3cai_A	0.4494949494949495
3can_A	0.6521739130434783
3caw_A	0.370253164556962
3cb0_A	0.3253012048192771
3cb5_A	0.2905405405405405
3cbg_A	0.6009174311926605
3cbn_A	0.1527777777777778
3cbt_A	0.11904761904761904
3cbu_B	0.3192488262910798
3cc4_K	0.1893939393939394
3cdd_D	0.2990936555891239
3cdg_F	0.15833333333333333
3cdx_A	0.44376899696048633
3ce8_A	0.14444444444444443
3ce9_A	0.39255014326647564
3ceb_A	0.15979381443298968
3ceg_A	0.08561643835616438
3cei_A	0.07511737089201878
3cer_C	0.3483483483483483
3ces_A	0.2529411764705882
3cet_B	0.3181818181818182
3ceu_A	0.4393939393939394
3cew_A	0.5508474576271186
3cf4_A	0.27058823529411763
3cf4_G	0.3668639053254438
3cfi_B	0.14375
3cfu_A	0.5103448275862069
3cfw_A	0.21794871794871795
3cfy_A	0.6615384615384615
3cg3_A	0.4253968253968254
3cg4_A	0.6428571428571429
3cgb_A	0.34684684684684686
3cgg_A	0.6129032258064516
3cgh_A	0.20315581854043394
3cgi_C	0.3445378151260504
3cgl_A	0.09375
3cgm_A	0.21019108280254778
3cgx_A	0.46320346320346323
3ch0_A	0.4375
3ch4_B	0.4521276595744681
3che_A	0.5012658227848101
3chl_A	0.16825396825396827
3chv_A	0.3978494623655914
3ci0_J	0.09740259740259741
3ci0_K	0.08928571428571429
3ci1_A	0.11702127659574468
3cia_A	0.25098039215686274
3cin_A	0.225130890052356
3cis_G	0.726027397260274
3civ_A	0.569620253164557
3cje_A	0.26666666666666666
3cjk_A	0.47058823529411764
3cjm_A	0.3058823529411765
3cjp_A	0.5152671755725191
3cjw_A	0.08695652173913043
3cjx_A	0.5
3cjy_A	0.3715415019762846
3ck1_A	0.3916083916083916
3ck6_E	0.1306122448979592
3ckl_B	0.38175675675675674
3cky_A	0.46464646464646464
3clh_A	0.36038961038961037
3clk_B	0.6183206106870229
3clr_D	0.445141065830721
3clw_A	0.4247967479674797
3cm0_A	0.45652173913043476
3cm6_B	0.34459459459459457
3cmg_A	0.4372549019607843
3cmi_A	0.5104895104895105
3cmn_A	0.15771812080536912
3cmu_A	0.3333333333333333
3cnb_A	0.5403225806451613
3cng_C	0.3595505617977528
3cnh_A	0.525
3cni_A	0.3931034482758621
3cnl_A	0.3133047210300429
3cnw_A	0.5
3co5_A	0.35074626865671643
3coo_A	0.3986013986013986
3cos_D	0.47506561679790027
3cot_B	0.4553846153846154
3cp0_A	0.5555555555555556
3cp5_A	0.27586206896551724
3cp8_A	0.24705882352941178
3cpg_A	0.33992094861660077
3cpr_A	0.543046357615894
3cq1_A	0.47474747474747475
3cq9_B	0.2968036529680365
3cqo_A	0.5631399317406144
3cqr_A	0.2046783625730994
3cqy_A	0.43243243243243246
3crd_A	0.12
3crl_B	0.34203655352480417
3crn_A	0.6666666666666666
3crv_A	0.30196078431372547
3csl_A	0.4137254901960784
3csq_D	0.2331288343558282
3csv_A	0.3198757763975155
3csw_C	0.21818181818181817
3ct4_A	0.39622641509433965
3ct6_A	0.5615384615384615
3ct9_B	0.3400576368876081
3ctk_A	0.04435483870967742
3ctl_A	0.5662100456621004
3cts_A	0.016203703703703703
3cty_B	0.43278688524590164
3ctz_A	0.20784313725490197
3cu2_B	0.4110169491525424
3cu5_B	0.6124031007751938
3cuc_B	0.1417910447761194
3cue_E	0.0425531914893617
3cv1_A	0.307843137254902
3cvg_A	0.4074074074074074
3cvj_B	0.5267489711934157
3cvo_A	0.4484536082474227
3cw2_C	0.31203007518796994
3cw3_A	0.11827956989247312
3cwv_A	0.07736389684813753
3cwz_B	0.1032258064516129
3cx5_L	0.2923433874709977
3cxk_A	0.16030534351145037
3cxm_A	0.22727272727272727
3cxp_A	0.3804347826086957
3cy4_B	0.16233766233766234
3cyj_A	0.4818941504178273
3cz5_C	0.6408450704225352
3cz8_A	0.48344370860927155
3czb_B	0.13803680981595093
3czc_A	0.5376344086021505
3czo_B	0.07450980392156863
3czp_A	0.37339055793991416
3czq_A	0.3472222222222222
3czx_A	0.5714285714285714
3d00_A	0.14130434782608695
3d01_L	0.48125
3d02_A	0.6233333333333333
3d03_A	0.5291970802919708
3d0j_A	0.5072463768115942
3d0k_B	0.5119453924914675
3d0r_B	0.48031496062992124
3d1l_B	0.4092664092664093
3d22_A	0.4418604651162791
3d2l_C	0.5867768595041323
3d30_A	0.22596153846153846
3d31_A	0.4367816091954023
3d33_A	0.5531914893617021
3d34_B	0.06511627906976744
3d37_A	0.3128834355828221
3d3o_A	0.1590909090909091
3d3q_A	0.3485342019543974
3d3s_A	0.4591194968553459
3d3u_A	0.3850129198966408
3d3y_A	0.29411764705882354
3d3z_A	0.08403361344537816
3d45_A	0.31592689295039167
3d47_A	0.45925925925925926
3d4e_A	0.16666666666666666
3d4t_A	0.5257731958762887
3d51_A	0.25882352941176473
3d5j_A	0.49107142857142855
3d5n_A	0.4943820224719101
3d6j_A	0.5238095238095238
3d79_A	0.15568862275449102
3d7a_A	0.30656934306569344
3d7j_C	0.37777777777777777
3d7l_H	0.6732673267326733
3d7n_A	0.6305732484076433
3d7r_A	0.5371621621621622
3d82_E	0.5980392156862745
3d89_A	0.19852941176470587
3d8d_A	0.04316546762589928
3d8k_C	0.21367521367521367
3d8u_B	0.6407407407407407
3d8v_A	0.4351464435146444
3d9r_C	0.4626865671641791
3d9w_A	0.2112676056338028
3da1_A	0.34475806451612906
3da7_D	0.5666666666666667
3da8_A	0.4835680751173709
3dal_A	0.19553072625698323
3dan_A	0.1014799154334038
3dao_B	0.4197080291970803
3daq_A	0.5513698630136986
3das_A	0.46706586826347307
3db0_B	0.43548387096774194
3db2_A	0.5677233429394812
3db5_B	0.12686567164179105
3dbn_A	0.46418338108882523
3dbo_B	0.36507936507936506
3dbx_A	0.27598566308243727
3dby_T	0.15730337078651685
3dc7_A	0.5586854460093896
3dcb_A	0.17391304347826086
3dcy_A	0.4291497975708502
3dcz_A	0.16374269005847952
3ddc_B	0.3007518796992481
3dde_A	0.20689655172413793
3ddh_A	0.44541484716157204
3ddj_A	0.22580645161290322
3ddl_A	0.15079365079365079
3ddm_A	0.4490358126721763
3ddq_D	0.20074349442379183
3ddv_B	0.19424460431654678
3ddy_A	0.33714285714285713
3deb_A	0.10185185185185185
3df7_A	0.28903654485049834
3dfm_A	0.5150375939849624
3dg6_A	0.46994535519125685
3dgc_S	0.463768115942029
3dgt_A	0.3237410071942446
3dh0_B	0.6842105263157895
3dhi_A	0.17670682730923695
3dhi_E	0.1262135922330097
3dhu_C	0.37203791469194314
3di4_A	0.021352313167259787
3di5_A	0.36
3djc_B	0.3984375
3djm_B	0.10434782608695652
3dka_B	0.3611111111111111
3dkb_A	0.07386363636363637
3dkq_A	0.4391304347826087
3dkw_A	0.3964757709251101
3dkx_A	0.2623762376237624
3dl9_B	0.16059957173447537
3dlc_A	0.5844748858447488
3dlp_X	0.498015873015873
3dls_A	0.3719298245614035
3dm3_A	0.5306122448979592
3dmb_A	0.4520547945205479
3dmk_A	0.6431372549019608
3dmm_D	0.5365853658536586
3dmn_A	0.4906832298136646
3dmp_A	0.38317757009345793
3dmy_A	0.4854586129753915
3dn7_B	0.4594594594594595
3dnh_A	0.2264957264957265
3dnm_A	0.6565656565656566
3dnp_A	0.3709090909090909
3dnx_A	0.363013698630137
3do5_A	0.365625
3do8_A	0.4888888888888889
3doj_A	0.4212328767123288
3don_A	0.5113636363636364
3dou_A	0.4857142857142857
3dpn_A	0.296078431372549
3dqq_A	0.3556085918854415
3dr5_A	0.5694444444444444
3dr7_A	0.421195652173913
3dra_B	0.31043956043956045
3drn_A	0.45394736842105265
3ds8_A	0.5731225296442688
3dsh_A	0.1228813559322034
3dsq_B	0.1276595744680851
3dtd_C	0.29931972789115646
3dte_A	0.3076923076923077
3dtg_A	0.162534435261708
3dtn_A	0.5772727272727273
3dtz_D	0.3721973094170404
3dup_A	0.25704225352112675
3duz_A	0.04066985645933014
3dv0_F	0.49691358024691357
3dv2_D	0.4973544973544973
3dv8_A	0.49537037037037035
3dv9_A	0.4444444444444444
3dva_A	0.35342465753424657
3dwb_A	0.03725490196078431
3dwc_B	0.10515873015873016
3dwp_C	0.10833333333333334
3dx5_A	0.5875912408759124
3dxi_A	0.5719063545150501
3dxq_A	0.36054421768707484
3dxs_X	0.5
3dyd_A	0.4536082474226804
3dz1_A	0.5614617940199336
3dza_A	0.15
3dze_A	0.6761363636363636
3dzm_A	0.4951923076923077
3e03_C	0.6691176470588235
3e05_B	0.6927083333333334
3e0r_A	0.19246861924686193
3e0z_B	0.08333333333333333
3e11_A	0.3684210526315789
3e15_B	0.36610169491525424
3e19_C	0.5194805194805194
3e1e_C	0.5035460992907801
3e1h_A	0.4046997389033943
3e1t_A	0.37986270022883295
3e20_B	0.06896551724137931
3e39_A	0.34285714285714286
3e3k_B	0.346
3e3m_A	0.6518518518518519
3e3u_A	0.08163265306122448
3e48_B	0.5813148788927336
3e4c_A	0.5092250922509225
3e4v_A	0.3128491620111732
3e4w_A	0.14521452145214522
3e57_B	0.31693989071038253
3e58_A	0.5355450236966824
3e59_D	0.14696485623003194
3e5p_B	0.38274932614555257
3e5z_A	0.4793103448275862
3e61_B	0.6182572614107884
3e6q_D	0.28125
3e6u_A	0.2885085574572127
3e80_A	0.22156862745098038
3e82_D	0.5142857142857142
3e84_A	0.43902439024390244
3e8l_C	0.07954545454545454
3e8p_A	0.38562091503267976
3e8w_A	0.1552511415525114
3e8x_A	0.6588785046728972
3e97_A	0.42342342342342343
3e99_A	0.3691275167785235
3e9d_A	0.436
3e9m_A	0.5233644859813084
3e9n_A	0.4708994708994709
3e9q_B	0.640625
3eap_A	0.057777777777777775
3eat_X	0.2517985611510791
3eb7_A	0.09607843137254903
3ebb_A	0.5509433962264151
3ebe_C	0.0903954802259887
3ebr_A	0.5159235668789809
3ebv_A	0.5051194539249146
3ebw_A	0.18471337579617833
3eby_A	0.3660130718954248
3ec3_A	0.3939393939393939
3ec6_A	0.35658914728682173
3ec7_A	0.5267857142857143
3ecc_A	0.4340659340659341
3ecd_B	0.37275064267352187
3ecq_B	0.13137254901960785
3ed3_A	0.4606741573033708
3ed4_B	0.2890295358649789
3ed5_A	0.47413793103448276
3edh_A	0.36318407960199006
3edn_A	0.19732441471571907
3edp_A	0.2556053811659193
3edy_A	0.21764705882352942
3eea_A	0.5294117647058824
3eei_A	0.45021645021645024
3eej_A	0.23555555555555555
3eet_A	0.2897959183673469
3eeu_A	0.46616541353383456
3eey_A	0.7025641025641025
3ef1_A	0.31989247311827956
3ef4_A	0.5080645161290323
3efa_A	0.4863013698630137
3efm_A	0.40784313725490196
3efp_B	0.04326923076923077
3efr_A	0.34763948497854075
3eg9_B	0.39215686274509803
3egb_A	0.13617021276595745
3egc_D	0.648854961832061
3ege_A	0.3684210526315789
3egg_C	0.28125
3egl_B	0.4398496240601504
3eh1_A	0.40784313725490196
3ehn_A	0.17647058823529413
3ehq_A	0.5604395604395604
3eif_A	0.40980392156862744
3eiz_A	0.11538461538461539
3ejb_H	0.13178294573643412
3ejv_A	0.4779874213836478
3ek6_A	0.43209876543209874
3ekm_D	0.23255813953488372
3el3_A	0.14628297362110312
3el6_A	0.3173431734317343
3ele_D	0.41959798994974873
3eli_A	0.4513888888888889
3elo_A	0.12030075187969924
3emu_A	0.3819444444444444
3emx_A	0.5161290322580645
3en0_A	0.37593984962406013
3en9_A	0.40784313725490196
3eno_A	0.41033434650455924
3ent_A	0.11965811965811966
3eo7_A	0.3080082135523614
3eo8_A	0.2648401826484018
3eof_A	0.2862903225806452
3eon_D	0.24473684210526317
3eoq_B	0.2955665024630542
3eoz_B	0.4342857142857143
3ep1_A	0.20359281437125748
3epj_B	0.25870646766169153
3epr_A	0.4346153846153846
3eps_A	0.11960784313725491
3eqo_B	0.5392156862745098
3eqz_B	0.592
3err_A	0.09019607843137255
3ers_X	0.35714285714285715
3erv_A	0.36
3erw_A	0.5298507462686567
3es1_A	0.5398773006134969
3es4_A	0.5431034482758621
3es6_A	0.3104693140794224
3es6_B	0.11864406779661017
3es8_G	0.4625322997416021
3esh_A	0.47653429602888087
3esi_A	0.3548387096774194
3etc_B	0.4549019607843137
3eti_A	0.30357142857142855
3etj_A	0.2507042253521127
3euc_A	0.410958904109589
3eue_A	0.3050847457627119
3euk_H	0.18736383442265794
3eul_B	0.7661290322580645
3euw_A	0.5405405405405406
3evn_A	0.509493670886076
3evt_A	0.4483870967741935
3evz_A	0.5431472081218274
3ew7_A	0.6104651162790697
3ewi_B	0.4873417721518987
3ewl_A	0.4855072463768116
3ewn_A	0.49173553719008267
3ewo_A	0.3220338983050847
3ewq_A	0.2934131736526946
3exc_X	0.2564102564102564
3exe_A	0.29201101928374656
3exn_A	0.5324675324675324
3exr_A	0.6118721461187214
3exz_B	0.42857142857142855
3ey1_A	0.40875912408759124
3ey5_A	0.4090909090909091
3ey9_A	0.47058823529411764
3eye_A	0.22875816993464052
3eyt_C	0.5095541401273885
3eyx_A	0.2893401015228426
3ez0_A	0.21296296296296297
3ez2_B	0.29949238578680204
3ezj_G	0.36683417085427134
3ezu_A	0.36607142857142855
3ezx_A	0.5
3f0h_A	0.42265193370165743
3f0y_G	0.15577889447236182
3f10_A	0.18493150684931506
3f13_B	0.2482758620689655
3f1j_A	0.12857142857142856
3f1s_A	0.08831168831168831
3f1t_B	0.45255474452554745
3f1z_A	0.35294117647058826
3f2b_A	0.36666666666666664
3f3b_A	0.3217391304347826
3f3m_A	0.5806451612903226
3f3s_A	0.375
3f44_A	0.4666666666666667
3f46_A	0.34202898550724636
3f4l_A	0.48546511627906974
3f4t_A	0.515
3f4w_A	0.5971563981042654
3f56_B	0.22009569377990432
3f5b_A	0.4883720930232558
3f5d_A	0.44041450777202074
3f5n_B	0.04521276595744681
3f67_A	0.6
3f69_B	0.392226148409894
3f6a_A	0.36666666666666664
3f6d_A	0.3073394495412844
3f6t_B	0.27450980392156865
3f7a_B	0.5079365079365079
3f7e_A	0.515625
3f7o_A	0.5105633802816901
3f7r_A	0.6448598130841121
3f7w_A	0.3229166666666667
3f83_A	0.15748031496062992
3f85_A	0.12280701754385964
3f8m_A	0.26956521739130435
3f8p_D	0.4935483870967742
3f8t_A	0.3115468409586057
3f8u_A	0.5031982942430704
3f98_A	0.47214854111405835
3f9s_A	0.46153846153846156
3f9t_A	0.38071065989847713
3f9v_A	0.23529411764705882
3fac_A	0.1834862385321101
3faj_A	0.21782178217821782
3fay_A	0.07651715039577836
3fb3_B	0.4563758389261745
3fbg_A	0.44345238095238093
3fbk_A	0.5362318840579711
3fbq_A	0.1872791519434629
3fbr_A	0.1444954128440367
3fbt_A	0.47794117647058826
3fbu_A	0.536144578313253
3fcm_B	0.3879781420765027
3fcx_A	0.6194029850746269
3fd2_A	0.10650887573964497
3fd3_A	0.5797101449275363
3fd5_B	0.3126760563380282
3fdi_B	0.4972067039106145
3fdj_A	0.40217391304347827
3fds_A	0.2471590909090909
3fdw_A	0.46153846153846156
3fe4_B	0.17959183673469387
3fef_B	0.4078341013824885
3fet_A	0.2787878787878788
3feu_A	0.34972677595628415
3few_X	0.011547344110854504
3fey_A	0.18627450980392157
3ff4_A	0.5537190082644629
3ff9_A	0.19130434782608696
3ffr_A	0.40607734806629836
3ffv_A	0.0718232044198895
3ffz_A	0.12745098039215685
3fg2_P	0.400990099009901
3fg6_H	0.18627450980392157
3fg9_A	0.6602564102564102
3fgc_D	0.4369230769230769
3fge_A	0.25757575757575757
3fgw_A	0.027450980392156862
3fgy_A	0.4074074074074074
3fhb_A	0.07282913165266107
3fhd_A	0.1118421052631579
3fhh_A	0.4294117647058823
3fhk_A	0.47619047619047616
3fhl_C	0.5088757396449705
3fhm_A	0.2867647058823529
3fhw_A	0.47
3fi9_A	0.470404984423676
3fid_A	0.3783783783783784
3fie_A	0.12776412776412777
3fig_B	0.4294117647058823
3fij_A	0.4955357142857143
3fiq_B	0.16560509554140126
3fj1_A	0.5060240963855421
3fj2_A	0.3
3fj4_A	0.5121293800539084
3fjs_C	0.5607476635514018
3fjv_A	0.11917098445595854
3fjy_B	0.34375
3fk8_A	0.5419847328244275
3fk9_A	0.3660130718954248
3fkd_A	0.43558282208588955
3fkh_D	0.34328358208955223
3fkj_A	0.5164179104477612
3fkq_A	0.4548022598870056
3fla_A	0.5609756097560976
3fld_B	0.16339869281045752
3flj_A	0.3191489361702128
3flp_D	0.35944700460829493
3fm2_A	0.05970149253731343
3fm3_B	0.17134831460674158
3fmb_A	0.5533980582524272
3fms_A	0.3492822966507177
3fn8_A	0.12440191387559808
3fn9_C	0.4843137254901961
3fnc_B	0.515527950310559
3fni_A	0.5974025974025974
3fnj_D	0.5327868852459017
3fnr_A	0.18930957683741648
3fo5_A	0.3682008368200837
3fof_A	0.09195402298850575
3fov_A	0.45098039215686275
3fp0_A	0.24509803921568626
3fpj_B	0.45660377358490567
3fpu_A	0.14
3fpz_A	0.3215434083601286
3fq3_A	0.09770114942528736
3fq4_B	0.5897435897435898
3fq6_B	0.22608695652173913
3fqd_B	0.13855421686746988
3fr8_B	0.3411764705882353
3frm_C	0.3779527559055118
3fru_A	0.2899628252788104
3fs5_A	0.45394736842105265
3fsg_A	0.5655430711610487
3fsm_A	0.11330049261083744
3fsy_D	0.16883116883116883
3ftb_A	0.44610778443113774
3ftf_A	0.5365853658536586
3fux_C	0.5018867924528302
3fuy_B	0.1592356687898089
3fvc_A	0.03137254901960784
3fve_A	0.1978798586572438
3fvq_B	0.3942857142857143
3fvv_A	0.42152466367713004
3fvw_B	0.5824175824175825
3fvz_A	0.49544072948328266
3fw2_A	0.5135135135135135
3fwr_B	0.3013698630136986
3fwz_A	0.5285714285714286
3fxa_A	0.5260416666666666
3fxg_A	0.41277641277641275
3fxh_A	0.10619469026548672
3fxo_A	0.29201101928374656
3fxq_A	0.5101351351351351
3fxt_A	0.43333333333333335
3fy4_A	0.18627450980392157
3fys_A	0.4787234042553192
3fz0_B	0.4319526627218935
3fz3_F	0.4951219512195122
3fz5_C	0.3645833333333333
3fz8_E	0.35344827586206895
3fzg_A	0.5
3fzq_A	0.36162361623616235
3fzx_A	0.3160377358490566
3fzz_A	0.32599118942731276
3g0o_A	0.4421052631578947
3g14_B	0.4022346368715084
3g17_G	0.35517241379310344
3g23_A	0.5555555555555556
3g27_A	0.30864197530864196
3g2f_A	0.3770491803278688
3g2p_A	0.5418326693227091
3g3l_A	0.281786941580756
3g3p_A	0.4878048780487805
3g40_A	0.437984496124031
3g4o_B	0.022172949002217297
3g5j_A	0.45384615384615384
3g5k_A	0.07650273224043716
3g5l_A	0.5855855855855856
3g5w_A	0.5974842767295597
3g68_B	0.49002849002849
3g6s_A	0.6168582375478927
3g74_D	0.22826086956521738
3g79_A	0.49894736842105264
3g7g_H	0.14473684210526316
3g7k_B	0.09560723514211886
3g7m_A	0.2251655629139073
3g7n_B	0.41245136186770426
3g7p_A	0.0896551724137931
3g7s_A	0.45472837022132795
3g7u_A	0.4396551724137931
3g7z_A	0.0594059405940594
3g87_A	0.25862068965517243
3g8b_B	0.5578512396694215
3g8l_B	0.17391304347826086
3g8r_A	0.4836795252225519
3g8y_A	0.45012787723785164
3g8z_A	0.4573643410852713
3g98_A	0.32432432432432434
3g9h_A	0.11450381679389313
3g9l_X	0.30654761904761907
3g9v_C	0.4375
3g9z_A	0.6531986531986532
3ga0_A	0.516320474777448
3ga2_A	0.39662447257383965
3ga4_A	0.5384615384615384
3gaa_A	0.3662551440329218
3gad_C	0.4188034188034188
3gas_A	0.31048387096774194
3gaz_A	0.4622356495468278
3gb3_A	0.10869565217391304
3gbh_B	0.26291079812206575
3gbt_A	0.29471544715447157
3gbv_A	0.5986159169550173
3gbw_A	0.577639751552795
3gby_A	0.23622047244094488
3gc3_A	0.3191489361702128
3gce_A	0.3076923076923077
3gd7_A	0.4074074074074074
3gde_A	0.09803921568627451
3gdh_A	0.5687203791469194
3gdw_B	0.5072463768115942
3ge5_A	0.4034090909090909
3ged_B	0.6707818930041153
3gek_A	0.4621212121212121
3gem_C	0.6294642857142857
3get_A	0.4383561643835616
3gf0_A	0.19597989949748743
3gf6_A	0.0639269406392694
3gf8_A	0.2112676056338028
3gfa_A	0.30456852791878175
3gfb_A	0.49279538904899134
3gff_A	0.49683544303797467
3gfg_B	0.49142857142857144
3gfu_A	0.47393364928909953
3gfv_A	0.479020979020979
3gfx_B	0.38578680203045684
3gg6_A	0.4236111111111111
3gg7_A	0.5390946502057613
3gg9_D	0.5526315789473685
3gge_C	0.3473684210526316
3ggg_D	0.5017064846416383
3ggh_A	0.05818181818181818
3gh1_A	0.3705357142857143
3gh5_A	0.34516765285996054
3gh9_A	0.4838709677419355
3ghf_A	0.49
3gi9_C	0.08466819221967964
3gir_A	0.29362880886426596
3giu_B	0.352112676056338
3gju_A	0.3624454148471616
3gk0_A	0.5238095238095238
3gk5_A	0.5
3gkb_B	0.3821428571428571
3gkn_A	0.4591194968553459
3gkx_B	0.3865546218487395
3gld_A	0.4217687074829932
3glf_G	0.3783068783068783
3gli_E	0.4221556886227545
3glv_A	0.5081967213114754
3gm5_A	0.32450331125827814
3gm8_A	0.42549019607843136
3gmf_A	0.3622448979591837
3gmg_A	0.3076923076923077
3gms_A	0.4984894259818731
3gmy_A	0.22077922077922077
3gn3_A	0.4581005586592179
3gn6_C	0.036544850498338874
3gnj_A	0.5675675675675675
3gnn_A	0.21052631578947367
3gnw_B	0.11960784313725491
3go4_A	0.5763358778625954
3go5_A	0.43859649122807015
3go9_A	0.2816593886462882
3goc_A	0.39035087719298245
3goh_A	0.32996632996632996
3gon_A	0.25227963525835867
3gop_A	0.34
3gor_A	0.3630573248407643
3goz_A	0.646875
3gpi_A	0.5970695970695971
3gpk_A	0.3611111111111111
3gq2_A	0.5313725490196078
3gqc_B	0.20909090909090908
3gqq_D	0.06077348066298342
3gr3_A	0.26991150442477874
3gr5_A	0.37254901960784315
3gr7_A	0.5647058823529412
3gra_A	0.42702702702702705
3grc_A	0.648
3grf_A	0.5263157894736842
3grn_A	0.39855072463768115
3grz_B	0.6217616580310881
3gt0_A	0.42857142857142855
3gtj_C	0.07749077490774908
3gtu_B	0.29910714285714285
3gty_X	0.27427184466019416
3gtz_A	0.43478260869565216
3guu_A	0.44779582366589327
3guv_A	0.5033557046979866
3guw_A	0.45493562231759654
3guy_G	0.5921052631578947
3gv1_A	0.5214285714285715
3gvc_B	0.6862745098039216
3gvd_I	0.21691176470588236
3gvj_A	0.3627450980392157
3gvp_A	0.4226327944572748
3gvx_B	0.3931034482758621
3gvz_A	0.09765625
3gw3_A	0.49859943977591037
3gwb_A	0.3179611650485437
3gwc_A	0.10569105691056911
3gwe_A	0.45161290322580644
3gwi_A	0.18292682926829268
3gwp_B	0.34894613583138173
3gwq_A	0.3783783783783784
3gwy_B	0.45864661654135336
3gwz_A	0.5368731563421829
3gx1_A	0.42857142857142855
3gx8_A	0.3963963963963964
3gy9_A	0.46308724832214765
3gyc_A	0.4094488188976378
3gyd_B	0.4388888888888889
3gyg_A	0.43508771929824563
3gyk_A	0.5114942528735632
3gyu_A	0.0743801652892562
3gyx_A	0.2529411764705882
3gz6_A	0.3515981735159817
3gz7_A	0.5555555555555556
3gza_A	0.5114155251141552
3gzu_L	0.07052896725440806
3gzx_A	0.08409090909090909
3h05_B	0.588957055214724
3h0g_T	0.08064516129032258
3h0k_A	0.5555555555555556
3h0u_A	0.38489208633093525
3h11_A	0.4716981132075472
3h12_A	0.5
3h1f_A	0.6097560975609756
3h1k_B	0.31220657276995306
3h1n_B	0.34297520661157027
3h1q_B	0.45955882352941174
3h1t_A	0.40784313725490196
3h20_A	0.1875
3h2a_B	0.5054151624548736
3h2k_A	0.49742268041237114
3h2s_A	0.5277777777777778
3h2x_A	0.2251655629139073
3h2z_A	0.3819628647214854
3h31_A	0.21621621621621623
3h35_A	0.2916666666666667
3h3e_A	0.46484375
3h3l_A	0.3146551724137931
3h41_A	0.26229508196721313
3h4c_A	0.22705314009661837
3h4l_B	0.22093023255813954
3h4p_a	0.13366336633663367
3h4q_A	0.5379310344827586
3h4s_A	0.12256267409470752
3h4x_A	0.3396825396825397
3h4y_A	0.2077922077922078
3h51_A	0.4225352112676056
3h5a_C	0.48044692737430167
3h5c_B	0.21794871794871795
3h5o_A	0.6752767527675276
3h5t_A	0.5443786982248521
3h6e_B	0.2698072805139186
3h6j_A	0.3584474885844749
3h6q_A	0.08333333333333333
3h6s_E	0.25
3h74_A	0.4172661870503597
3h78_B	0.4732142857142857
3h79_A	0.5391304347826087
3h7a_B	0.6713615023474179
3h7i_A	0.3211920529801324
3h7m_A	0.5526315789473685
3h7o_A	0.32456140350877194
3h7t_A	0.32340425531914896
3h87_B	0.4927536231884058
3h8l_A	0.4550561797752809
3h8o_A	0.33495145631067963
3h8u_A	0.6311475409836066
3h93_A	0.421875
3h95_A	0.37888198757763975
3h9a_A	0.5822222222222222
3h9m_A	0.07017543859649122
3h9n_A	0.21468926553672316
3h9p_A	0.10176991150442478
3ha2_A	0.48214285714285715
3ha9_A	0.5217391304347826
3ham_A	0.26755852842809363
3hb7_E	0.5767195767195767
3hbj_A	0.4606741573033708
3hbn_A	0.46808510638297873
3hc1_A	0.17114093959731544
3hc7_A	0.48412698412698413
3hcj_A	0.09803921568627451
3hcw_A	0.6254416961130742
3hcz_A	0.46258503401360546
3hd5_A	0.31868131868131866
3hd6_A	0.08684863523573201
3hd8_A	0.06486486486486487
3hdg_A	0.6129032258064516
3hdi_A	0.3115942028985507
3hdj_A	0.3858520900321543
3hdl_A	0.06907894736842106
3hdo_A	0.43142857142857144
3hdp_A	0.3560606060606061
3hdt_A	0.5207100591715976
3hdu_A	0.3684210526315789
3hdv_B	0.6587301587301587
3hdx_A	0.2741228070175439
3he3_A	0.2459016393442623
3heb_A	0.5211267605633803
3hem_A	0.6804123711340206
3hfk_B	0.5344827586206896
3hft_A	0.30165289256198347
3hfu_B	0.6764705882352942
3hg7_A	0.5193548387096775
3hgi_A	0.29457364341085274
3hgm_A	0.7482993197278912
3hh7_A	0.26153846153846155
3hhc_B	0.09554140127388536
3hhe_A	0.3562231759656652
3hhg_E	0.5286195286195287
3hhj_B	0.4580152671755725
3hhr_B	0.5329949238578681
3hhs_A	0.09019607843137255
3hi0_A	0.2754491017964072
3hi7_A	0.07254901960784314
3hi8_A	0.19433198380566802
3him_B	0.5
3hiq_A	0.13127413127413126
3hj6_A	0.4892086330935252
3hj9_A	0.3116279069767442
3hjc_A	0.12144702842377261
3hjg_A	0.400990099009901
3hjn_A	0.42857142857142855
3hjp_A	0.5253164556962026
3hjz_A	0.26126126126126126
3hkl_B	0.09803921568627451
3hko_A	0.34796238244514105
3hks_A	0.22916666666666666
3hkz_D	0.08712121212121213
3hl0_A	0.36752136752136755
3hl6_B	0.07291666666666667
3hlg_A	0.2376470588235294
3hlk_B	0.49148418491484186
3hlt_A	0.40234375
3hlu_A	0.5205479452054794
3hlz_B	0.21189591078066913
3hm0_A	0.3888888888888889
3hm2_A	0.52046783625731
3hm7_B	0.40503432494279173
3hmc_A	0.4708994708994709
3hmu_A	0.3728448275862069
3hmx_B	0.11363636363636363
3hmz_A	0.2879581151832461
3hn0_A	0.4642857142857143
3hn2_A	0.40066225165562913
3hn5_A	0.558252427184466
3hn7_A	0.4625
3hnm_A	0.5688622754491018
3hnp_A	0.5028571428571429
3hnr_A	0.5544041450777202
3ho5_B	0.2926829268292683
3ho7_A	0.509090909090909
3hp7_A	0.52
3hpe_A	0.3353658536585366
3hq0_A	0.3501683501683502
3hqx_A	0.580952380952381
3hra_A	0.678391959798995
3hrd_A	0.2785714285714286
3hrd_B	0.22121212121212122
3hrd_G	0.23972602739726026
3hrg_A	0.3424124513618677
3hrp_A	0.4775
3hrq_B	0.11598746081504702
3hs3_A	0.5909090909090909
3hsi_B	0.3858093126385809
3ht2_A	0.5874125874125874
3htl_X	0.43364928909952605
3htn_A	0.08391608391608392
3htv_A	0.4157706093189964
3htx_D	0.12549019607843137
3hu5_A	0.5578947368421052
3hui_A	0.30357142857142855
3hul_A	0.2996389891696751
3hur_A	0.328125
3hut_A	0.6329479768786127
3hv1_A	0.5075757575757576
3hv2_A	0.6617647058823529
3hva_A	0.5555555555555556
3hwc_A	0.18672199170124482
3hwj_B	0.52
3hwo_A	0.055408970976253295
3hwp_A	0.052083333333333336
3hwr_A	0.45484949832775917
3hwu_A	0.11805555555555555
3hxg_A	0.20765027322404372
3hxk_A	0.588
3hxl_A	0.12771084337349398
3hxp_A	0.4227941176470588
3hy5_A	0.36971830985915494
3hy6_A	0.35858585858585856
3hyn_A	0.3602150537634409
3hyx_A	0.4428904428904429
3hz4_A	0.6
3hz7_A	0.5
3hzh_B	0.24025974025974026
3hzl_A	0.2766497461928934
3hzn_H	0.2818181818181818
3hzp_A	0.453125
3hzr_A	0.22192513368983957
3hzu_A	0.4691780821917808
3i04_A	0.25882352941176473
3i09_A	0.6133333333333333
3i0n_A	0.25625
3i0o_A	0.2948328267477204
3i0p_A	0.1994459833795014
3i0y_A	0.47101449275362317
3i10_A	0.420863309352518
3i12_A	0.3416666666666667
3i1i_A	0.4959785522788204
3i1j_A	0.631578947368421
3i24_A	0.20279720279720279
3i26_D	0.06775067750677506
3i2m_X	0.08333333333333333
3i2n_A	0.4927536231884058
3i2t_A	0.25882352941176473
3i2v_A	0.5161290322580645
3i2z_A	0.4507042253521127
3i32_A	0.4166666666666667
3i3f_A	0.3893129770992366
3i3v_C	0.38071065989847713
3i42_A	0.6610169491525424
3i44_A	0.2857142857142857
3i45_A	0.6137566137566137
3i4f_A	0.6570247933884298
3i4q_A	0.1
3i4z_A	0.06164383561643835
3i54_D	0.4692982456140351
3i5t_A	0.36486486486486486
3i5x_A	0.4165029469548134
3i64_A	0.5457317073170732
3i6i_A	0.5960264900662252
3i6u_A	0.3641025641025641
3i6v_A	0.481651376146789
3i74_A	0.3607843137254902
3i7a_A	0.20714285714285716
3i7j_A	0.21245421245421245
3i7m_A	0.09701492537313433
3i7u_C	0.5298507462686567
3i83_A	0.38064516129032255
3i8b_A	0.2134387351778656
3i9x_A	0.3184713375796178
3ia1_A	0.5384615384615384
3iac_A	0.16631130063965885
3ial_B	0.1485148514851485
3iar_A	0.4722222222222222
3iau_A	0.39118457300275483
3ib8_A	0.5661016949152542
3ibm_B	0.636986301369863
3ibs_A	0.6456310679611651
3ibt_A	0.5931558935361216
3iby_D	0.4103585657370518
3ic5_A	0.6173913043478261
3ic6_A	0.36619718309859156
3ic9_C	0.30434782608695654
3ica_B	0.10144927536231885
3ici_A	0.2192513368983957
3icl_A	0.5802469135802469
3ict_A	0.3627450980392157
3icu_A	0.3216374269005848
3id9_B	0.3228346456692913
3idf_A	0.6521739130434783
3ido_A	0.4240506329113924
3idu_A	0.6810344827586207
3idv_A	0.502127659574468
3iev_A	0.4337748344370861
3if6_B	0.19421487603305784
3ife_A	0.39663461538461536
3ifr_A	0.2725409836065574
3ifs_E	0.25333333333333335
3ift_A	0.3088235294117647
3ifu_A	0.08
3igh_X	0.4161490683229814
3igr_A	0.4918032786885246
3igs_B	0.5086206896551724
3igy_B	0.3196078431372549
3ih0_A	0.5131578947368421
3ih5_B	0.18691588785046728
3ihb_A	0.23555555555555555
3ihg_A	0.3764705882352941
3ihm_A	0.25245098039215685
3ihp_B	0.10196078431372549
3iht_A	0.5460122699386503
3ihu_A	0.4146341463414634
3ihv_B	0.2549019607843137
3ihx_B	0.10077519379844961
3ii1_A	0.37058823529411766
3ii7_A	0.5416666666666666
3iic_A	0.23376623376623376
3iii_A	0.5
3iir_A	0.02631578947368421
3ij3_A	0.36980306345733044
3ij5_A	0.42702702702702705
3ijd_A	0.4230769230769231
3ijp_B	0.45692883895131087
3ijq_A	0.47181008902077154
3ikb_A	0.3469387755102041
3ikh_A	0.458041958041958
3ilf_A	0.35797665369649806
3ilh_A	0.6165413533834586
3ils_A	0.47547169811320755
3ilv_A	0.296078431372549
3im9_A	0.24920127795527156
3imb_A	0.07142857142857142
3imk_A	0.2911392405063291
3in1_A	0.5352564102564102
3in6_A	0.3197278911564626
3in9_A	0.06166219839142091
3io0_A	0.26200873362445415
3io1_A	0.3853904282115869
3io5_B	0.48161764705882354
3ioy_A	0.5776173285198556
3ip1_A	0.4772727272727273
3ip4_B	0.08506224066390042
3ip7_A	0.6235632183908046
3ipi_A	0.19029850746268656
3ipj_A	0.22105263157894736
3ipk_A	0.0736196319018405
3ipw_A	0.4186046511627907
3iq1_B	0.29559748427672955
3ir1_B	0.4918032786885246
3ir3_A	0.4444444444444444
3ir9_A	0.13580246913580246
3irp_X	0.33253588516746413
3irv_A	0.5727699530516432
3is6_A	0.2742616033755274
3ism_B	0.1417004048582996
3iso_A	0.3348623853211009
3isp_A	0.5344827586206896
3isr_B	0.34256055363321797
3isx_A	0.32238805970149254
3it3_A	0.1661721068249258
3it4_A	0.16580310880829016
3it5_A	0.3076923076923077
3it6_B	0.12195121951219512
3it8_D	0.1939799331103679
3ite_B	0.3757455268389662
3iug_B	0.053763440860215055
3iuk_A	0.1607843137254902
3iup_A	0.4015957446808511
3ius_A	0.5709219858156028
3iuw_B	0.25
3iuy_A	0.39906103286384975
3iuz_A	0.096875
3iv0_A	0.24678111587982832
3iv3_A	0.45592705167173253
3iv4_A	0.44642857142857145
3iv6_A	0.44357976653696496
3iv7_B	0.33146067415730335
3ivc_A	0.40939597315436244
3ivd_A	0.4088176352705411
3ivl_A	0.32085561497326204
3ivr_A	0.4796954314720812
3ivt_B	0.4725
3iwg_A	0.39925373134328357
3iwp_A	0.5220883534136547
3iwt_A	0.5120481927710844
3iwv_B	0.4188034188034188
3iwz_D	0.4855769230769231
3ix1_A	0.5049833887043189
3ix7_A	0.44274809160305345
3ixe_A	0.6842105263157895
3ixs_A	0.17117117117117117
3j09_A	0.2
3j0a_A	0.5568627450980392
3j0c_E	0.10874704491725769
3j15_A	0.28851540616246496
3j16_A	0.2979274611398964
3j1c_K	0.09215686274509804
3j1w_B	0.1509433962264151
3j1z_P	0.24324324324324326
3j26_A	0.07480314960629922
3j26_N	0.052486187845303865
3j31_G	0.3430232558139535
3j31_Q	0.37272727272727274
3j3i_A	0.0392156862745098
3j40_H	0.07207207207207207
3j4q_B	0.3612565445026178
3j4u_H	0.55
3j5s_D	0.34705882352941175
3j6b_5	0.09202453987730061
3j6b_F	0.08648648648648649
3j6b_K	0.07179487179487179
3j6b_N	0.2711864406779661
3j6n_K	0.6507177033492823
3j7a_J	0.25
3j7a_R	0.15306122448979592
3j82_A	0.22137404580152673
3j83_A	0.09057971014492754
3j8g_X	0.40669856459330145
3j9d_A	0.060784313725490195
3j9e_D	0.03529411764705882
3j9o_J	0.0936768149882904
3ja1_SK	0.28125
3jb3_A	0.06274509803921569
3jb3_D	0.030821917808219176
3jb4_A	0.16981132075471697
3jb4_C	0.27385892116182575
3jb5_A	0.14
3jb8_A	0.11891891891891893
3jb9_K	0.4450402144772118
3jb9_k	0.449438202247191
3jcf_A	0.1346704871060172
3jq1_B	0.23060344827586207
3jqo_S	0.2436548223350254
3jqo_T	0.2076923076923077
3jqp_D	0.5092936802973977
3jqx_C	0.6611570247933884
3jr1_A	0.3344594594594595
3jrn_A	0.3576158940397351
3js4_A	0.15942028985507245
3js6_A	0.29906542056074764
3js8_A	0.1588235294117647
3jsy_A	0.15023474178403756
3jsz_A	0.18823529411764706
3jtw_A	0.5
3jtx_A	0.4223918575063613
3jty_A	0.2757731958762887
3ju2_A	0.6036363636363636
3ju5_C	0.06267029972752043
3jur_D	0.7040358744394619
3juu_B	0.26394052044609667
3juv_A	0.15401785714285715
3juw_A	0.5089820359281437
3jv9_A	0.6296296296296297
3jvd_B	0.6162790697674418
3jve_A	0.4631578947368421
3jvn_A	0.5983606557377049
3jwg_A	0.6102564102564103
3jx7_A	0.31896551724137934
3jx8_A	0.340080971659919
3jx9_A	0.40236686390532544
3jxa_B	0.6579634464751958
3jxe_B	0.12947658402203857
3jxf_B	0.1033210332103321
3jy6_A	0.6045627376425855
3jyb_A	0.41304347826086957
3jyf_A	0.47619047619047616
3jyq_A	0.5602836879432624
3jys_A	0.2254697286012526
3jyy_B	0.2819548872180451
3jyz_A	0.05333333333333334
3jz3_B	0.5283018867924528
3jzy_A	0.47580645161290325
3k01_A	0.4143222506393862
3k05_B	0.335
3k0b_A	0.42105263157894735
3k0e_F	0.4841897233201581
3k0w_A	0.6358695652173914
3k0y_A	0.24242424242424243
3k0z_A	0.3422818791946309
3k11_A	0.37813211845102507
3k12_D	0.45
3k17_A	0.23380281690140844
3k1j_A	0.31176470588235294
3k1n_B	0.5704918032786885
3k1q_A	0.08431372549019608
3k1q_D	0.021844660194174758
3k1q_I	0.054901960784313725
3k1r_A	0.19270833333333334
3k1t_A	0.1792452830188679
3k1z_A	0.45643153526970953
3k25_A	0.3044982698961938
3k2g_B	0.4888268156424581
3k2k_A	0.40310077519379844
3k2y_A	0.1650485436893204
3k2z_B	0.3076923076923077
3k32_B	0.3622448979591837
3k33_A	0.1774193548387097
3k3p_B	0.34591194968553457
3k49_A	0.4164305949008499
3k4q_A	0.05707762557077625
3k4u_E	0.5384615384615384
3k4w_K	0.4697508896797153
3k4x_A	0.06274509803921569
3k4y_A	0.3730769230769231
3k4z_A	0.5381818181818182
3k50_A	0.3496143958868895
3k53_D	0.3814814814814815
3k57_A	0.1784313725490196
3k5h_A	0.35602094240837695
3k5r_A	0.4954128440366973
3k5w_A	0.48156182212581344
3k67_A	0.4423076923076923
3k6h_A	0.3403141361256545
3k6j_A	0.30697674418604654
3k6l_C	0.09803921568627451
3k6x_A	0.40993788819875776
3k6y_A	0.4052863436123348
3k77_A	0.15789473684210525
3k7d_A	0.15090543259557343
3k7x_A	0.3735632183908046
3k7y_A	0.3432098765432099
3k88_A	0.35365853658536583
3k8a_B	0.27184466019417475
3k8m_A	0.2725490196078431
3k8u_A	0.35036496350364965
3k8v_A	0.13003095975232198
3k96_A	0.4110429447852761
3k9c_B	0.6531365313653137
3k9d_A	0.28634361233480177
3k9k_A	0.2559241706161137
3k9t_A	0.33886255924170616
3ka7_A	0.2772511848341232
3kal_A	0.23617021276595745
3kap_A	0.6598639455782312
3kb8_A	0.4527363184079602
3kbb_A	0.5370370370370371
3kbg_A	0.23958333333333334
3kcm_D	0.5563380281690141
3kcn_B	0.6277372262773723
3kd3_A	0.4166666666666667
3kd6_A	0.4633333333333333
3kdg_A	0.14136125654450263
3kdo_C	0.35
3kdp_A	0.13725490196078433
3kdr_C	0.13240418118466898
3ke3_A	0.41778975741239893
3ke6_A	0.4350282485875706
3kes_B	0.11764705882352941
3kew_A	0.21304347826086956
3kex_A	0.4041095890410959
3kez_B	0.27455357142857145
3kf6_A	0.39705882352941174
3kf6_B	0.34285714285714286
3kf8_A	0.25
3kf8_D	0.0975609756097561
3kfv_A	0.2033195020746888
3kfw_X	0.2905982905982906
3kg7_C	0.21951219512195122
3kgd_B	0.20760233918128654
3kgx_B	0.4666666666666667
3kgy_A	0.3348623853211009
3kgz_A	0.5724137931034483
3kh0_B	0.14285714285714285
3kh1_A	0.1683673469387755
3kh7_A	0.4968152866242038
3kh8_A	0.33559322033898303
3khi_A	0.16143497757847533
3khk_A	0.3360655737704918
3khn_A	0.4691358024691358
3khs_B	0.37037037037037035
3kht_A	0.5984848484848485
3ki9_A	0.30406852248394006
3kiz_B	0.07008086253369272
3kjg_A	0.39763779527559057
3kjj_J	0.4789915966386555
3kjx_D	0.6119402985074627
3kjy_A	0.2556053811659193
3kjz_A	0.387434554973822
3kk7_A	0.037848605577689244
3kke_B	0.6288659793814433
3kkf_A	0.5047619047619047
3kki_A	0.4430051813471503
3kkj_A	0.3719512195121951
3kkl_B	0.5972222222222222
3kkw_A	0.5662650602409639
3kkz_A	0.6484375
3kl2_E	0.5392156862745098
3kl7_A	0.4772727272727273
3kl9_D	0.38823529411764707
3klb_A	0.5493827160493827
3klj_A	0.3412698412698413
3klo_A	0.41935483870967744
3klq_A	0.4233576642335766
3km5_A	0.5977653631284916
3kmv_E	0.1357142857142857
3kn5_B	0.3356401384083045
3kny_A	0.20618556701030927
3kog_A	0.17699115044247787
3kom_B	0.3843137254901961
3kop_F	0.011834319526627219
3koq_A	0.4046242774566474
3kox_A	0.15098039215686274
3kpc_A	0.25806451612903225
3kpf_A	0.2633832976445396
3kpt_B	0.5295774647887324
3kq4_A	0.2935064935064935
3kq4_B	0.47045951859956237
3kq5_A	0.05555555555555555
3kqf_A	0.3474903474903475
3krb_A	0.46579804560260585
3krc_C	0.15129151291512916
3krn_A	0.14754098360655737
3ksf_H	0.525974025974026
3ksm_A	0.717391304347826
3ksr_A	0.5843621399176955
3kst_A	0.38831615120274915
3kt4_A	0.25098039215686274
3kt9_A	0.4117647058823529
3ktd_A	0.42724458204334365
3ktn_A	0.5411764705882353
3kts_A	0.2972972972972973
3ktz_A	0.11952191235059761
3kuu_A	0.5088757396449705
3kuz_A	0.2727272727272727
3kv1_A	0.4624505928853755
3kv6_D	0.34375
3kvn_X	0.43333333333333335
3kvq_A	0.6463414634146342
3kw0_B	0.27411167512690354
3kw2_A	0.42083333333333334
3kwl_A	0.14056224899598393
3kwo_A	0.20134228187919462
3kwp_A	0.2894736842105263
3kws_A	0.5849056603773585
3kxp_A	0.667910447761194
3kxq_A	0.46835443037974683
3kxr_A	0.3742690058479532
3kxw_A	0.4137254901960784
3ky8_A	0.3858695652173913
3kya_A	0.49044585987261147
3kyc_B	0.2784313725490196
3kyg_A	0.3876651982378855
3kyh_C	0.08010335917312661
3kyj_B	0.5736434108527132
3kyq_A	0.09844559585492228
3kyz_A	0.03571428571428571
3kzb_A	0.2429718875502008
3kzh_A	0.4810126582278481
3kzk_A	0.47305389221556887
3kzp_B	0.40948275862068967
3kzq_A	0.3592233009708738
3kzw_I	0.3259109311740891
3l09_C	0.21739130434782608
3l0g_C	0.21897810218978103
3l0i_C	0.14906832298136646
3l0m_A	0.11890243902439024
3l0q_B	0.2568627450980392
3l0r_A	0.2037037037037037
3l0s_C	0.4170403587443946
3l12_A	0.4511784511784512
3l1w_A	0.6309523809523809
3l22_A	0.23076923076923078
3l23_A	0.5460992907801419
3l2h_B	0.5849056603773585
3l2k_A	0.30113636363636365
3l2o_B	0.20802919708029197
3l2p_A	0.0803921568627451
3l3s_B	0.41452991452991456
3l40_A	0.43577981651376146
3l44_B	0.3302540415704388
3l4b_C	0.5046296296296297
3l4e_A	0.45544554455445546
3l4g_B	0.06862745098039216
3l4g_C	0.07874015748031496
3l5a_A	0.47244094488188976
3l5k_A	0.44206008583690987
3l5o_A	0.26720647773279355
3l6a_A	0.2542857142857143
3l6d_B	0.38305084745762713
3l6e_A	0.6
3l6i_B	0.1744186046511628
3l6u_A	0.7153284671532847
3l76_A	0.40588235294117647
3l77_A	0.6510638297872341
3l7m_D	0.4344660194174757
3l7n_A	0.5213675213675214
3l7y_A	0.37593984962406013
3l7z_C	0.25675675675675674
3l81_A	0.352
3l86_A	0.363265306122449
3l8h_A	0.5754189944134078
3l8m_A	0.3471502590673575
3l9a_X	0.08641975308641975
3l9u_A	0.3969849246231156
3l9v_A	0.4230769230769231
3l9w_B	0.5238095238095238
3lag_B	0.6701030927835051
3lb5_C	0.29411764705882354
3lb6_D	0.45454545454545453
3lba_A	0.38076923076923075
3lby_A	0.6079545454545454
3lcc_A	0.5370370370370371
3lcm_A	0.5918367346938775
3lcr_B	0.564748201438849
3lcu_A	0.4423076923076923
3lcy_A	0.6836734693877551
3ld2_B	0.5370370370370371
3ld3_A	0.1695906432748538
3ld9_A	0.40641711229946526
3ldg_A	0.4562334217506631
3ldk_A	0.07450980392156863
3le2_A	0.022900763358778626
3lec_A	0.6177777777777778
3led_A	0.4533333333333333
3let_B	0.16129032258064516
3lf5_A	0.08045977011494253
3lf6_B	0.16560509554140126
3lfh_B	0.5138888888888888
3lfj_A	0.30538922155688625
3lfv_A	0.4040920716112532
3lg2_A	0.3940520446096654
3lg8_A	0.22641509433962265
3lgd_A	0.3153526970954357
3lgj_B	0.422680412371134
3lh4_A	0.17391304347826086
3lhi_A	0.48484848484848486
3lhl_A	0.40217391304347827
3lho_A	0.03937007874015748
3lib_I	0.34686346863468637
3lic_A	0.30943396226415093
3lid_A	0.3225806451612903
3lin_G	0.2672413793103448
3lip_A	0.334375
3ljn_A	0.5986842105263158
3ljs_B	0.5507692307692308
3lju_X	0.1126005361930295
3lk7_A	0.45089285714285715
3lkb_A	0.5706806282722513
3lkd_B	0.3813559322033898
3lkk_B	0.41596638655462187
3lkl_A	0.6236559139784946
3lkv_A	0.6621621621621622
3ll7_A	0.38403990024937656
3ll9_B	0.40160642570281124
3llc_A	0.6283524904214559
3llx_A	0.34316353887399464
3lm2_A	0.43555555555555553
3lm3_A	0.2626728110599078
3lm6_A	0.49101796407185627
3lmb_A	0.2621951219512195
3lmc_A	0.36649214659685864
3lmd_A	0.13564668769716087
3lme_G	0.5116279069767442
3lmf_A	0.41284403669724773
3lml_A	0.11363636363636363
3lmw_A	0.4872881355932203
3ln7_A	0.049019607843137254
3lnl_B	0.2808022922636103
3lnn_A	0.436950146627566
3lnp_A	0.4376417233560091
3lo3_U	0.5638297872340425
3lod_A	0.5724137931034483
3lom_A	0.18055555555555555
3lop_A	0.6288951841359773
3lor_A	0.5064935064935064
3lot_D	0.48242811501597443
3lov_A	0.29046563192904656
3loy_A	0.11372549019607843
3lp5_A	0.592
3lp6_C	0.4588235294117647
3lp8_A	0.3657957244655582
3lpm_A	0.5990990990990991
3lq9_A	0.125
3lqb_A	0.3484848484848485
3lqm_A	0.4975124378109453
3lqv_B	0.46956521739130436
3lqy_A	0.5828877005347594
3lr1_A	0.5775862068965517
3lre_B	0.19333333333333333
3lrf_A	0.3316953316953317
3lrm_A	0.3584070796460177
3lso_A	0.45393258426966293
3lsz_A	0.31390134529147984
3lte_D	0.5853658536585366
3ltq_A	0.08928571428571429
3lua_A	0.64
3lub_F	0.40551181102362205
3lul_B	0.2825278810408922
3luy_A	0.41411042944785276
3lvu_A	0.29844961240310075
3lvv_A	0.03333333333333333
3lwa_A	0.5748502994011976
3lwc_A	0.6730769230769231
3lwd_A	0.5067264573991032
3lwg_B	0.40425531914893614
3lwk_A	0.14835164835164835
3lwu_A	0.3467741935483871
3lwx_A	0.17587939698492464
3lxd_A	0.39119804400978
3lxf_A	0.27884615384615385
3lxq_A	0.35207823960880197
3lxt_C	0.3222748815165877
3lxu_X	0.2901960784313726
3lxy_A	0.3069908814589666
3ly0_B	0.3494318181818182
3ly8_A	0.3281733746130031
3lyb_B	0.45985401459854014
3lyc_A	0.2863070539419087
3lyd_B	0.31875
3lyh_B	0.4180327868852459
3lz8_B	0.0855614973262032
3lzc_A	0.4619883040935672
3lzk_C	0.17784256559766765
3m0v_C	0.3972286374133949
3m1a_D	0.5490909090909091
3m1c_A	0.0803921568627451
3m1h_D	0.6761363636363636
3m1m_A	0.16875
3m1r_D	0.43302180685358255
3m1y_C	0.44711538461538464
3m2p_D	0.615916955017301
3m2t_B	0.5321637426900585
3m33_A	0.5592417061611374
3m34_A	0.3686274509803922
3m3g_A	0.21666666666666667
3m3i_C	0.18994413407821228
3m3p_A	0.4819277108433735
3m4q_B	0.1853546910755149
3m4x_A	0.4681818181818182
3m5b_A	0.13761467889908258
3m5k_A	0.3392857142857143
3m62_A	0.13725490196078433
3m6m_D	0.6186440677966102
3m6n_B	0.3283582089552239
3m6w_A	0.4608695652173913
3m6y_A	0.4007936507936508
3m73_A	0.15335463258785942
3m7p_A	0.11295681063122924
3m85_A	0.18994413407821228
3m86_A	0.6666666666666666
3m8n_D	0.3063063063063063
3m9l_A	0.4577114427860697
3ma0_A	0.7060702875399361
3mah_A	0.38848920863309355
3maj_A	0.45325779036827196
3mal_A	0.2154696132596685
3mb5_A	0.592156862745098
3mb8_A	0.3790322580645161
3mbf_A	0.3649851632047478
3mbh_A	0.4793103448275862
3mbi_A	0.5470383275261324
3mbm_B	0.3246753246753247
3mc0_B	0.043859649122807015
3mc1_A	0.5833333333333334
3mc8_A	0.36186770428015563
3mca_B	0.26099706744868034
3mcp_A	0.36338028169014086
3mcw_A	0.5384615384615384
3mcx_A	0.24618736383442266
3mcz_A	0.533724340175953
3md3_A	0.6121212121212121
3mdg_B	0.19047619047619047
3mdn_D	0.20179372197309417
3mdp_A	0.5454545454545454
3mdq_A	0.3782051282051282
3me8_A	0.4556213017751479
3meb_A	0.39906103286384975
3mel_C	0.3411214953271028
3mem_A	0.1390728476821192
3mep_A	0.41899441340782123
3mes_B	0.2737430167597765
3mev_B	0.33707865168539325
3mf2_A	0.12040133779264214
3mf4_B	0.573170731707317
3mfb_A	0.006666666666666667
3mfd_A	0.25766871165644173
3mfq_A	0.35251798561151076
3mgb_A	0.38461538461538464
3mgg_B	0.6482213438735178
3mgj_A	0.4329896907216495
3mgx_B	0.1329923273657289
3mh9_A	0.2780487804878049
3mhs_A	0.15824175824175823
3mhx_A	0.36470588235294116
3mi6_D	0.2901960784313726
3mil_A	0.5875
3mix_A	0.1597444089456869
3miz_A	0.6654804270462633
3mjd_A	0.45933014354066987
3mji_A	0.11676646706586827
3mjk_A	0.11627906976744186
3mjz_J	0.3969465648854962
3mka_J	0.07142857142857142
3mka_Y	0.07589285714285714
3mkc_A	0.49473684210526314
3mkh_A	0.25821596244131456
3mku_A	0.22826086956521738
3ml1_A	0.20980392156862746
3ml6_D	0.15178571428571427
3ml6_E	0.1301775147928994
3mlp_A	0.27002967359050445
3mmh_A	0.5329341317365269
3mml_B	0.12380952380952381
3mml_E	0.13013698630136986
3mmy_C	0.5098591549295775
3mmz_D	0.4540229885057471
3mn1_A	0.40437158469945356
3mnm_A	0.20535714285714285
3mog_C	0.3220338983050847
3moi_A	0.49868766404199477
3moq_A	0.49206349206349204
3mpd_A	0.12244897959183673
3mpg_A	0.4107981220657277
3mpi_C	0.2759493670886076
3mpr_A	0.5957446808510638
3mq0_B	0.3548387096774194
3mq2_A	0.5162790697674419
3mqz_A	0.14146341463414633
3mr7_A	0.4161849710982659
3mru_A	0.27346938775510204
3msp_A	0.20634920634920634
3msq_A	0.01932367149758454
3msv_A	0.39488636363636365
3msx_B	0.06770833333333333
3mt1_B	0.3735632183908046
3mtj_A	0.43387470997679817
3mtq_A	0.42857142857142855
3mtr_A	0.6700507614213198
3mtw_A	0.43672456575682383
3mu3_A	0.32142857142857145
3muo_A	0.3431372549019608
3mus_B	0.16091954022988506
3muu_A	0.09607843137254903
3mvc_A	0.10191082802547771
3mvg_A	0.06374501992031872
3mvu_A	0.18222222222222223
3mw8_A	0.4978902953586498
3mwb_A	0.4673202614379085
3mwc_A	0.4690721649484536
3mwf_A	0.4075342465753425
3mx2_B	0.07450980392156863
3mx3_A	0.21914893617021278
3mxa_A	0.11627906976744186
3mxu_A	0.26119402985074625
3myb_C	0.3745173745173745
3myd_A	0.1206896551724138
3myu_B	0.23053892215568864
3myv_A	0.25617977528089886
3myx_A	0.6
3mz1_D	0.5707547169811321
3mzn_A	0.4103139013452915
3mzz_A	0.44660194174757284
3n05_A	0.5176470588235295
3n08_B	0.35947712418300654
3n0k_A	0.12666666666666668
3n0r_A	0.4844961240310077
3n0t_A	0.4026548672566372
3n0u_A	0.18660287081339713
3n0w_A	0.5481283422459893
3n0x_A	0.568733153638814
3n12_A	0.463855421686747
3n1x_B	0.030864197530864196
3n28_A	0.3188854489164087
3n2e_A	0.49404761904761907
3n2o_A	0.33725490196078434
3n2q_A	0.1595744680851064
3n3a_C	0.3816793893129771
3n3k_A	0.14929577464788732
3n4f_A	0.4128205128205128
3n4p_B	0.44493392070484583
3n5i_D	0.12668463611859837
3n6x_A	0.1951219512195122
3n6y_A	0.3467741935483871
3n6z_A	0.6076696165191741
3n70_A	0.34507042253521125
3n71_A	0.28846153846153844
3n7t_A	0.5062240663900415
3n7x_A	0.030100334448160536
3n7z_B	0.3776041666666667
3n89_A	0.2195845697329377
3n91_A	0.10476190476190476
3n98_A	0.2823529411764706
3n99_g	0.14285714285714285
3n9b_B	0.0
3n9m_A	0.3081510934393638
3n9t_A	0.28321678321678323
3n9u_C	0.5416666666666666
3n9x_A	0.2887700534759358
3na1_A	0.1504237288135593
3nap_B	0.06477732793522267
3nat_A	0.11538461538461539
3nbd_A	0.14189189189189189
3nbh_B	0.2824427480916031
3nbk_D	0.558282208588957
3nbm_A	0.49038461538461536
3nc0_E	0.08163265306122448
3ncc_B	0.5679611650485437
3ncv_B	0.13297872340425532
3nd1_B	0.3614457831325301
3ndh_A	0.16355140186915887
3ndn_A	0.44139650872817954
3ndo_A	0.5244444444444445
3ndp_A	0.4158878504672897
3ndz_E	0.42990654205607476
3ne2_C	0.12195121951219512
3ne8_A	0.5221238938053098
3neh_B	0.37540453074433655
3nek_B	0.10407239819004525
3nel_A	0.182648401826484
3net_A	0.1740139211136891
3nf2_A	0.10946745562130178
3nfv_A	0.2591623036649215
3nfw_B	0.3021978021978022
3ng0_A	0.1053763440860215
3ng7_X	0.27634660421545665
3ngf_B	0.5769230769230769
3ngl_A	0.4690909090909091
3ngm_B	0.367003367003367
3ngw_A	0.4666666666666667
3nhm_A	0.6782608695652174
3nhv_B	0.5328467153284672
3nix_A	0.4103194103194103
3njd_B	0.3698630136986301
3nje_B	0.14634146341463414
3njr_A	0.5597826086956522
3nk3_A	0.17253521126760563
3nk5_B	0.12017167381974249
3nk7_B	0.4794007490636704
3nkg_A	0.22941176470588234
3nkl_B	0.5609756097560976
3nks_A	0.3032258064516129
3nl1_A	0.4453551912568306
3nl6_A	0.3588235294117647
3nlc_A	0.24509803921568626
3nnf_A	0.3522012578616352
3nng_A	0.5947712418300654
3nnk_A	0.4233576642335766
3no0_A	0.31521739130434784
3no2_A	0.4562043795620438
3no3_A	0.5
3no6_A	0.1148936170212766
3no8_A	0.6050955414012739
3noi_B	0.65
3nop_C	0.2629399585921325
3noy_B	0.47293447293447294
3npe_A	0.2549019607843137
3npg_A	0.3172690763052209
3npk_A	0.14339622641509434
3nqb_A	0.35294117647058826
3nqh_A	0.46697038724373574
3nqi_A	0.16810344827586207
3nqk_A	0.11147540983606558
3nqn_A	0.23841059602649006
3nqp_B	0.22792607802874743
3nqz_A	0.1657142857142857
3nqz_B	0.2247557003257329
3nr5_A	0.07006369426751592
3nra_B	0.49747474747474746
3nrd_A	0.24444444444444444
3nre_A	0.23367697594501718
3nrf_B	0.6116504854368932
3nrh_A	0.11392405063291139
3nrn_A	0.29336734693877553
3ns4_A	0.11707317073170732
3nsw_C	0.16981132075471697
3nt6_A	0.3431372549019608
3nt8_A	0.11471321695760599
3nu1_A	0.484251968503937
3nuf_A	0.0847457627118644
3nuq_A	0.458955223880597
3nur_A	0.42295081967213116
3nv0_A	0.0663265306122449
3nvn_A	0.18276762402088773
3nvq_A	0.17647058823529413
3nwg_A	0.12777777777777777
3nwj_A	0.42783505154639173
3nwp_A	0.48068669527896996
3nwz_A	0.41935483870967744
3nx6_A	0.3333333333333333
3ny1_A	0.1506849315068493
3ny7_A	0.6864406779661016
3nyb_A	0.17647058823529413
3nyf_A	0.3779527559055118
3nyi_B	0.39322033898305087
3nyr_A	0.5043478260869565
3nys_A	0.3983286908077994
3nyw_A	0.6379310344827587
3nyy_A	0.30677290836653387
3nz6_X	0.30097087378640774
3nze_B	0.3969465648854962
3nzm_A	0.042682926829268296
3nzn_A	0.5533980582524272
3nzt_A	0.0321285140562249
3o02_B	0.14232209737827714
3o0d_A	0.3654485049833887
3o0f_A	0.4634146341463415
3o0l_A	0.48623853211009177
3o0y_A	0.12549019607843137
3o10_A	0.3381294964028777
3o12_A	0.372972972972973
3o1i_C	0.6610738255033557
3o1l_A	0.44966442953020136
3o24_A	0.046511627906976744
3o2e_A	0.19767441860465115
3o2g_A	0.19170984455958548
3o38_A	0.7090163934426229
3o3g_A	0.24324324324324326
3o3m_D	0.43733333333333335
3o46_A	0.32142857142857145
3o47_A	0.41522491349480967
3o4f_C	0.44014084507042256
3o4j_C	0.45098039215686275
3o4r_A	0.6771653543307087
3o4w_A	0.2396694214876033
3o4z_A	0.29215686274509806
3o5y_B	0.5034013605442177
3o61_D	0.3
3o66_A	0.5218978102189781
3o6d_A	0.5212355212355212
3o6p_A	0.41409691629955947
3o6r_A	0.29296875
3o6x_A	0.0784313725490196
3o74_B	0.6383763837638377
3o77_A	0.12596401028277635
3o78_A	0.09925558312655088
3o7b_A	0.1574074074074074
3o7h_A	0.08433734939759036
3o7q_A	0.3285024154589372
3o85_B	0.32231404958677684
3o94_B	0.5263157894736842
3oa2_B	0.4180064308681672
3oa3_A	0.4901185770750988
3oa4_A	0.37681159420289856
3oa8_A	0.17467248908296942
3oab_D	0.17288135593220338
3oaj_A	0.2838709677419355
3oba_A	0.403921568627451
3obe_B	0.5448275862068965
3obf_A	0.35795454545454547
3obi_A	0.45614035087719296
3obk_A	0.48295454545454547
3obr_A	0.23923444976076555
3obw_A	0.35202492211838005
3obz_A	0.3793103448275862
3oc3_A	0.3333333333333333
3oc4_A	0.3909952606635071
3oc9_A	0.3225
3oca_A	0.12849162011173185
3ocr_A	0.08764940239043825
3od2_A	0.29545454545454547
3odh_A	0.27835051546391754
3odm_C	0.30392156862745096
3odp_A	0.42857142857142855
3odt_A	0.5304054054054054
3of4_A	0.30288461538461536
3of5_A	0.4864864864864865
3of6_E	0.1346153846153846
3ofg_A	0.38461538461538464
3ofk_A	0.5882352941176471
3ofv_B	0.14925373134328357
3og6_B	0.415
3og9_A	0.6456310679611651
3ogd_A	0.2222222222222222
3ogl_J	0.7294117647058823
3oh3_A	0.2901960784313726
3oha_A	0.10588235294117647
3ohg_A	0.1649122807017544
3ohs_X	0.5377643504531722
3oir_B	0.65625
3oj6_A	0.3805970149253731
3okc_A	0.6005291005291006
3okw_A	0.2235294117647059
3okz_A	0.2760942760942761
3om4_B	0.3236607142857143
3om8_B	0.6943396226415094
3omb_A	0.25646123260437376
3oml_A	0.4019607843137255
3oms_A	0.3178294573643411
3on1_A	0.37373737373737376
3on5_A	0.3630952380952381
3on7_B	0.1863799283154122
3on9_A	0.175
3ong_A	0.2719298245614035
3onq_B	0.2980392156862745
3ooa_B	0.4050632911392405
3oon_A	0.4690265486725664
3oos_A	0.6115107913669064
3oov_A	0.5121951219512195
3oox_A	0.21967213114754097
3op1_B	0.3519736842105263
3op6_A	0.08163265306122448
3opf_B	0.13387423935091278
3opk_C	0.5169491525423728
3opy_A	0.2803921568627451
3oq3_B	0.5623100303951368
3oqb_F	0.40897097625329815
3oqc_A	0.16346153846153846
3oqp_A	0.4951923076923077
3oqt_A	0.4
3or1_B	0.11688311688311688
3or5_A	0.5724137931034483
3orf_A	0.6
3org_A	0.09411764705882353
3orh_A	0.5130434782608696
3orj_A	0.42657342657342656
3oru_A	0.03463203463203463
3ory_A	0.2719298245614035
3os4_A	0.089058524173028
3os7_A	0.22189349112426035
3osd_A	0.3106060606060606
3osm_A	0.13445378151260504
3osv_C	0.4393939393939394
3osy_A	0.26737967914438504
3ot2_A	0.329608938547486
3ot6_A	0.4434782608695652
3oth_A	0.5139240506329114
3oug_A	0.3925233644859813
3oul_A	0.3108108108108108
3out_B	0.5189393939393939
3ouu_A	0.3004484304932735
3ov6_A	0.3404255319148936
3ov9_A	0.044897959183673466
3owc_A	0.47674418604651164
3owg_A	0.10722100656455143
3owq_C	0.14767932489451477
3oxh_A	0.3545816733067729
3oxn_B	0.6186046511627907
3oxp_A	0.1554054054054054
3oy7_A	0.6147959183673469
3oyv_A	0.09577464788732394
3oyy_A	0.18716577540106952
3oyz_A	0.27393617021276595
3ozb_A	0.3817427385892116
3ozh_A	0.30484330484330485
3p01_A	0.5112359550561798
3p02_A	0.21359223300970873
3p0b_A	0.3058823529411765
3p0l_A	0.3
3p0s_A	0.02669902912621359
3p19_A	0.6527196652719666
3p1t_A	0.3944099378881988
3p1u_A	0.2
3p1v_A	0.24630541871921183
3p1w_A	0.19457013574660634
3p1y_A	0.11146496815286625
3p2c_A	0.22696629213483147
3p2h_A	0.45108695652173914
3p2u_B	0.524
3p2y_A	0.5159420289855072
3p3c_A	0.10661764705882353
3p3d_A	0.5287356321839081
3p3i_A	0.37037037037037035
3p3k_A	0.0440251572327044
3p3q_B	0.18972332015810275
3p3v_B	0.20245398773006135
3p42_A	0.2222222222222222
3p4t_A	0.2992125984251969
3p5r_A	0.2019607843137255
3p69_B	0.16030534351145037
3p6i_A	0.13385826771653545
3p6k_B	0.4304812834224599
3p6l_A	0.6259541984732825
3p71_T	0.4634920634920635
3p7x_A	0.4397590361445783
3p8a_B	0.20634920634920634
3p8b_B	0.43537414965986393
3p8k_A	0.5186567164179104
3p8l_A	0.1696113074204947
3p8t_A	0.1598639455782313
3p91_A	0.20816326530612245
3p9z_A	0.43661971830985913
3pa6_A	0.43434343434343436
3pay_D	0.18849840255591055
3pbf_A	0.23448275862068965
3pbk_A	0.4235294117647059
3pco_B	0.1627450980392157
3pcs_B	0.08732394366197183
3pdd_A	0.7052631578947368
3pdf_A	0.20797720797720798
3pdi_A	0.2903981264637002
3pdi_B	0.375
3pdm_P	0.09876543209876543
3pea_C	0.3953488372093023
3pei_A	0.32894736842105265
3pf0_A	0.1918238993710692
3pf2_A	0.3722397476340694
3pf7_A	0.129979035639413
3pfe_A	0.3885350318471338
3pfn_A	0.3516819571865443
3pfo_B	0.43427230046948356
3pfp_A	0.2521551724137931
3pfq_A	0.3803921568627451
3pft_B	0.3248407643312102
3pg0_A	0.10714285714285714
3pg6_A	0.13333333333333333
3pgb_A	0.0803921568627451
3pgv_A	0.444015444015444
3ph1_C	0.14594594594594595
3phs_A	0.48739495798319327
3phu_B	0.05913978494623656
3phz_A	0.14388489208633093
3pi7_A	0.436046511627907
3pie_C	0.21764705882352942
3pij_B	0.3803921568627451
3pil_A	0.37158469945355194
3piw_A	0.025974025974025976
3pj0_A	0.4373259052924791
3pjy_B	0.3076923076923077
3pk0_B	0.6984732824427481
3pko_A	0.13595166163141995
3pl0_A	0.38188976377952755
3pl2_A	0.5064516129032258
3pl5_A	0.4657039711191336
3ply_A	0.5142857142857142
3pm0_A	0.12636165577342048
3pm9_A	0.2860215053763441
3pmm_A	0.3753280839895013
3pmq_A	0.24509803921568626
3pnd_C	0.12074303405572756
3pnn_A	0.47840531561461797
3pnr_B	0.5348837209302325
3pnx_A	0.31875
3pny_B	0.1134020618556701
3pnz_A	0.48024316109422494
3po0_A	0.4606741573033708
3poh_A	0.38620689655172413
3pol_A	0.49236641221374045
3pop_A	0.19878296146044624
3por_A	0.26578073089701
3pp9_A	0.5056818181818182
3ppe_A	0.5763546798029556
3ppi_A	0.6317829457364341
3ppy_A	0.6577540106951871
3pqc_B	0.4536082474226804
3pqu_A	0.11372549019607843
3pr3_A	0.22745098039215686
3prb_B	0.2767857142857143
3prl_D	0.25416666666666665
3ps0_A	0.07167235494880546
3ps5_A	0.1627450980392157
3ps9_A	0.37254901960784315
3psh_A	0.39263803680981596
3pst_A	0.2870662460567823
3pt5_A	0.396875
3ptj_A	0.3660130718954248
3ptw_A	0.27848101265822783
3pu5_A	0.45652173913043476
3pu9_A	0.4703389830508475
3puc_A	0.7142857142857143
3puf_D	0.28832116788321166
3pve_A	0.33714285714285713
3pvl_A	0.15294117647058825
3pvm_B	0.5529411764705883
3pvs_D	0.36792452830188677
3pvy_A	0.18421052631578946
3pvz_A	0.49731182795698925
3pw3_A	0.18449197860962566
3pwq_E	0.2661290322580645
3pxp_A	0.18835616438356165
3pxu_A	0.5723270440251572
3pxv_B	0.37566137566137564
3pxx_A	0.6170212765957447
3py9_A	0.4392857142857143
3pzj_A	0.4595959595959596
3pzk_A	0.3975409836065574
3pzl_B	0.44368600682593856
3q0g_D	0.4
3q12_A	0.41403508771929826
3q13_A	0.01694915254237288
3q1q_A	0.5535714285714286
3q22_A	0.0803921568627451
3q2k_C	0.5417867435158501
3q2u_A	0.17098445595854922
3q2w_A	0.5470588235294118
3q31_A	0.08050847457627118
3q34_A	0.14942528735632185
3q3w_B	0.26666666666666666
3q45_B	0.5217391304347826
3q4n_B	0.30857142857142855
3q64_A	0.44516129032258067
3q66_C	0.09259259259259259
3q6k_B	0.4409448818897638
3q6n_D	0.16111111111111112
3q6n_F	0.15151515151515152
3q7k_J	0.12177121771217712
3q7y_A	0.20967741935483872
3q8d_B	0.15948275862068967
3q8u_D	0.2684563758389262
3q91_D	0.348993288590604
3q95_B	0.03162055335968379
3q9l_A	0.5175097276264592
3q9o_A	0.08431372549019608
3qa9_A	0.5563380281690141
3qac_A	0.5161290322580645
3qat_A	0.2770700636942675
3qax_B	0.4553191489361702
3qay_A	0.6222222222222222
3qbc_B	0.39751552795031053
3qbe_A	0.39488636363636365
3qbt_H	0.5467625899280576
3qbu_A	0.4068965517241379
3qc5_X	0.3153409090909091
3qd2_B	0.38235294117647056
3qd5_A	0.60625
3qd7_X	0.3282442748091603
3qdh_A	0.45018450184501846
3qdk_D	0.26666666666666666
3qdo_A	0.3669724770642202
3qdq_A	0.37583892617449666
3qf4_B	0.28627450980392155
3qfe_A	0.5377049180327869
3qfg_A	0.4
3qfh_D	0.47183098591549294
3qfi_A	0.1685823754789272
3qfm_A	0.4496124031007752
3qfw_B	0.4034090909090909
3qfz_A	0.27058823529411763
3qgu_B	0.37530266343825663
3qgv_A	0.2850574712643678
3qh4_A	0.535031847133758
3qh7_A	0.16312056737588654
3qh8_A	0.47794117647058826
3qha_B	0.46402877697841727
3qhc_A	0.3407821229050279
3qhp_A	0.7232704402515723
3qi7_A	0.5027932960893855
3qit_B	0.6183745583038869
3qiv_A	0.6532663316582915
3qj4_A	0.3641791044776119
3qj8_A	0.1803921568627451
3qjj_A	0.1934156378600823
3qk6_B	0.5227272727272727
3qka_D	0.4435483870967742
3qku_A	0.3342618384401114
3qld_A	0.4621409921671018
3qmj_A	0.4928909952606635
3qmn_O	0.2440944881889764
3qnk_D	0.23529411764705882
3qnm_A	0.5194805194805194
3qnq_D	0.08256880733944955
3qns_A	0.03858520900321544
3qoc_A	0.3023255813953488
3qoo_A	0.42962962962962964
3qoy_A	0.26859504132231404
3qp3_A	0.6435643564356436
3qpb_C	0.3937007874015748
3qph_A	0.19402985074626866
3qq2_B	0.464
3qq5_A	0.4166666666666667
3qqc_A	0.07874015748031496
3qqm_A	0.20465116279069767
3qqv_A	0.11204481792717087
3qqw_E	0.4882943143812709
3qr3_A	0.5319148936170213
3qre_A	0.3939393939393939
3qry_A	0.24647887323943662
3qs3_H	0.1016949152542373
3qsg_A	0.47017543859649125
3qsl_B	0.5061349693251533
3qsy_A	0.29397590361445786
3qsz_B	0.39106145251396646
3qta_A	0.1932367149758454
3qtg_A	0.4022222222222222
3qth_A	0.27906976744186046
3quf_B	0.38974358974358975
3quv_B	0.34080717488789236
3qv2_A	0.44375
3qva_A	0.46788990825688076
3qvf_A	0.3467153284671533
3qvj_A	0.5673469387755102
3qvo_A	0.6243654822335025
3qvq_A	0.46613545816733065
3qw2_A	0.2193877551020408
3qw4_C	0.35570469798657717
3qw9_A	0.07058823529411765
3qwa_B	0.4759036144578313
3qwn_J	0.19230769230769232
3qxb_A	0.5656565656565656
3qxl_A	0.07755102040816327
3qxx_A	0.41964285714285715
3qxy_A	0.13333333333333333
3qxz_A	0.37065637065637064
3qy3_A	0.4461538461538462
3qy9_B	0.36929460580912865
3qye_A	0.04100946372239748
3qyq_C	0.5201465201465202
3qyy_B	0.4935897435897436
3qz1_A	0.12808988764044943
3qz4_A	0.42483660130718953
3qz6_A	0.4362934362934363
3qzb_A	0.5984848484848485
3qzp_B	0.288
3r07_A	0.2784313725490196
3r0p_C	0.4094488188976378
3r0v_A	0.6459143968871596
3r0x_A	0.3082191780821918
3r1x_A	0.21016949152542372
3r2g_A	0.34365325077399383
3r2j_B	0.515
3r2o_A	0.34415584415584416
3r3m_A	0.40476190476190477
3r44_A	0.5
3r4c_A	0.4216417910447761
3r4i_A	0.4517133956386293
3r4k_A	0.34509803921568627
3r50_B	0.1038961038961039
3r5c_A	0.05621301775147929
3r5e_A	0.32222222222222224
3r5g_B	0.42857142857142855
3r5h_A	0.34464751958224543
3r5l_A	0.45689655172413796
3r5s_A	0.46511627906976744
3r5x_D	0.38235294117647056
3r5y_D	0.31690140845070425
3r5z_A	0.37142857142857144
3r6b_A	0.1826086956521739
3r6d_A	0.6063348416289592
3r6o_A	0.1509433962264151
3r6w_A	0.4976303317535545
3r74_A	0.22745098039215686
3r79_A	0.45614035087719296
3r7a_B	0.4692982456140351
3r87_A	0.44696969696969696
3r89_A	0.2837370242214533
3r8q_A	0.7380073800738007
3r9c_A	0.1375
3r9t_B	0.37404580152671757
3r9u_A	0.4554140127388535
3rac_A	0.02359882005899705
3rag_A	0.5043103448275862
3ram_A	0.4092071611253197
3rao_B	0.46131805157593125
3ray_A	0.18867924528301888
3rb8_A	0.3535031847133758
3rb9_A	0.22784810126582278
3rbg_D	0.6504854368932039
3rbm_B	0.03867403314917127
3rbn_A	0.06896551724137931
3rby_A	0.0653061224489796
3rc7_A	0.5661538461538461
3rcm_A	0.5053763440860215
3rcn_A	0.31176470588235294
3rcy_F	0.4760705289672544
3rd2_A	0.34146341463414637
3rd5_A	0.5783582089552238
3rdk_B	0.5658682634730539
3re1_B	0.4474708171206226
3ren_A	0.29673590504451036
3rf6_B	0.34375
3rf7_A	0.2955801104972376
3rfy_A	0.1151685393258427
3rg2_C	0.503921568627451
3rg8_G	0.5345911949685535
3rgz_A	0.7254901960784313
3rh7_A	0.25
3rha_A	0.29411764705882354
3rhf_A	0.35335689045936397
3rhg_A	0.4765840220385675
3rim_A	0.30980392156862746
3rio_A	0.15476190476190477
3riq_A	0.42745098039215684
3rit_A	0.4632768361581921
3rj2_X	0.14285714285714285
3rjr_C	0.052478134110787174
3rk1_B	0.42152466367713004
3rkr_C	0.6919642857142857
3rku_A	0.6305970149253731
3rlk_A	0.11475409836065574
3rls_A	0.07894736842105263
3rm5_A	0.2784313725490196
3rmg_A	0.10367892976588629
3rn1_C	0.09923664122137404
3rn5_A	0.33505154639175255
3rnl_A	0.3643724696356275
3rnr_B	0.47393364928909953
3rns_A	0.6778846153846154
3rnv_A	0.06504065040650407
3ros_A	0.2657952069716776
3rot_A	0.6996336996336996
3rp6_A	0.3010204081632653
3rpf_B	0.23972602739726026
3rpl_B	0.17478510028653296
3rpm_A	0.4177777777777778
3rpw_A	0.35435435435435436
3rq1_A	0.4033816425120773
3rqc_C	0.12727272727272726
3rqs_B	0.4208860759493671
3rra_B	0.45118733509234826
3rri_A	0.32575757575757575
3rrp_A	0.06666666666666667
3rrv_B	0.4015748031496063
3rsc_A	0.5062972292191436
3rss_A	0.52834008097166
3rt0_A	0.3567073170731707
3rt1_C	0.25882352941176473
3ru6_B	0.46396396396396394
3rva_A	0.20449438202247192
3rvr_B	0.5725190839694656
3rwb_A	0.7004048582995951
3rwx_A	0.2047244094488189
3rxy_A	0.11956521739130435
3rxz_C	0.49825783972125437
3ryb_A	0.2901960784313726
3rym_A	0.5238095238095238
3rys_A	0.4835820895522388
3ryt_A	0.07450980392156863
3rza_A	0.45576407506702415
3s0x_A	0.16
3s1s_A	0.4196078431372549
3s1x_E	0.4798206278026906
3s27_H	0.2196078431372549
3s2j_A	0.37404580152671757
3s30_B	0.40234375
3s3t_A	0.6689655172413793
3s42_B	0.5526315789473685
3s4w_A	0.28431372549019607
3s4x_A	0.27520435967302453
3s52_A	0.1559633027522936
3s55_D	0.6727272727272727
3s5m_A	0.15294117647058825
3s5o_A	0.5844594594594594
3s5s_A	0.5409836065573771
3s5t_A	0.09881422924901186
3s5w_B	0.321256038647343
3s6d_A	0.4703703703703704
3s6k_A	0.2648401826484018
3s6v_B	0.0782122905027933
3s79_A	0.1504424778761062
3s81_B	0.5166666666666667
3s86_A	0.291005291005291
3s8r_B	0.03725490196078431
3s9j_A	0.287292817679558
3s9n_D	0.14442013129102846
3s9x_A	0.12578616352201258
3s9y_A	0.2084592145015106
3sam_B	0.06862745098039216
3sbu_A	0.02608695652173913
3sc6_D	0.6431095406360424
3scy_A	0.5842696629213483
3sd2_A	0.5813953488372093
3sdj_D	0.30117647058823527
3sdo_A	0.3724604966139955
3sds_B	0.526984126984127
3sdu_A	0.21372549019607842
3se3_A	0.47368421052631576
3se4_B	0.11188811188811189
3see_A	0.4719626168224299
3sf5_B	0.5019157088122606
3sf5_C	0.043478260869565216
3sh4_A	0.3333333333333333
3sho_A	0.5508021390374331
3shp_A	0.5
3shq_A	0.36789297658862874
3sih_A	0.3357664233576642
3sik_A	0.3170731707317073
3sir_A	0.45794392523364486
3sit_B	0.09316770186335403
3sja_B	0.36070381231671556
3sjn_A	0.4906166219839142
3skd_A	0.1565217391304348
3skq_A	0.07048458149779736
3slc_A	0.24438902743142144
3sll_B	0.40304182509505704
3sm3_A	0.6179245283018868
3sm4_C	0.24890829694323144
3sma_B	0.30970149253731344
3smp_B	0.24517906336088155
3sn0_A	0.42643391521197005
3snk_A	0.5714285714285714
3snx_A	0.23076923076923078
3so1_H	0.30337078651685395
3soe_A	0.26732673267326734
3soh_A	0.0797872340425532
3son_A	0.43537414965986393
3sp1_B	0.1548974943052392
3spi_A	0.17771084337349397
3sqg_D	0.03137254901960784
3sqg_F	0.03597122302158273
3sql_A	0.38823529411764707
3sqn_A	0.25213675213675213
3sqr_A	0.49411764705882355
3sqz_A	0.42010309278350516
3sso_B	0.4086294416243655
3st1_A	0.08018867924528301
3st7_A	0.5094850948509485
3sto_A	0.05945945945945946
3stp_A	0.48205128205128206
3suc_A	0.6705882352941176
3suj_A	0.24390243902439024
3sul_A	0.18181818181818182
3sum_C	0.29411764705882354
3svt_B	0.6909090909090909
3swo_A	0.2422680412371134
3sy1_A	0.4410480349344978
3sy3_C	0.07344632768361582
3sy6_A	0.15441176470588236
3sy8_B	0.49744897959183676
3sy9_B	0.3225806451612903
3syj_A	0.1784313725490196
3syk_A	0.36551724137931035
3syn_A	0.4069767441860465
3sz3_A	0.16129032258064516
3sz4_A	0.28205128205128205
3sze_A	0.21764705882352942
3szm_C	0.4293193717277487
3szp_A	0.5241379310344828
3t01_A	0.3414043583535109
3t0e_E	0.410958904109589
3t0j_A	0.20300751879699247
3t0o_A	0.15306122448979592
3t0p_B	0.24728260869565216
3t2d_A	0.18205128205128204
3t2l_A	0.09386281588447654
3t30_C	0.1368421052631579
3t33_A	0.3366093366093366
3t37_A	0.1944990176817289
3t38_A	0.37185929648241206
3t3o_A	0.3254901960784314
3t3w_F	0.38306451612903225
3t4o_A	0.2537313432835821
3t4x_A	0.6452830188679245
3t58_B	0.36507936507936506
3t5p_L	0.45695364238410596
3t5s_A	0.4020618556701031
3t64_A	0.1111111111111111
3t66_A	0.35789473684210527
3t69_B	0.24342105263157895
3t6k_A	0.639344262295082
3t6o_A	0.559322033898305
3t6s_A	0.4444444444444444
3t79_A	0.05412371134020619
3t7y_A	0.20212765957446807
3t8j_A	0.4212218649517685
3t8k_A	0.5163043478260869
3t8n_B	0.4076923076923077
3t90_A	0.47619047619047616
3t99_A	0.308868501529052
3t9l_A	0.20270270270270271
3tas_B	0.574750830564784
3tau_A	0.47668393782383417
3tav_A	0.25
3taz_B	0.046189376443418015
3tb5_C	0.27053140096618356
3tb6_B	0.6148409893992933
3tbn_A	0.25287356321839083
3tco_A	0.5188679245283019
3tcr_A	0.5443037974683544
3tcv_B	0.39461883408071746
3td9_A	0.6257142857142857
3tdg_A	0.2801724137931034
3tdn_B	0.3855932203389831
3te0_C	0.18796992481203006
3tee_A	0.22330097087378642
3tef_A	0.4946236559139785
3teo_A	0.3811881188118812
3teu_A	0.7448979591836735
3tev_B	0.4713375796178344
3tf7_C	0.6551724137931034
3tfi_A	0.2872628726287263
3tfm_A	0.08173076923076923
3tg9_B	0.3220858895705521
3tgh_A	0.526984126984127
3tgv_A	0.4154929577464789
3th1_B	0.2551440329218107
3tha_B	0.43775100401606426
3tho_A	0.36134453781512604
3tho_B	0.46174863387978143
3tht_B	0.23076923076923078
3thw_B	0.14313725490196078
3ti8_A	0.14720812182741116
3tif_B	0.4827586206896552
3tik_A	0.13333333333333333
3tiq_B	0.04672897196261682
3tix_D	0.24764150943396226
3tj0_A	0.06550218340611354
3tj9_A	0.07096774193548387
3tjl_A	0.46534653465346537
3tjr_B	0.6075471698113207
3tka_A	0.3710247349823322
3tkk_A	0.0664451827242525
3tky_B	0.46418338108882523
3tl8_D	0.2806451612903226
3tlf_D	0.39473684210526316
3tlk_A	0.42905405405405406
3tlq_A	0.3601694915254237
3tm1_A	0.16893732970027248
3tma_A	0.572289156626506
3tnj_A	0.5923076923076923
3tnz_A	0.32882882882882886
3to3_B	0.10980392156862745
3ton_A	0.2019607843137255
3tor_A	0.14058956916099774
3tos_B	0.4980544747081712
3tou_A	0.37264150943396224
3tow_A	0.18421052631578946
3tox_A	0.7007874015748031
3tp4_B	0.4726477024070022
3tp9_A	0.4334038054968288
3tpf_B	0.5114754098360655
3tpz_B	0.4868913857677903
3tq8_A	0.40350877192982454
3tqe_A	0.27531645569620256
3tqf_A	0.2909090909090909
3tqh_A	0.47318611987381703
3tqq_A	0.4144736842105263
3tqv_B	0.22857142857142856
3tqw_A	0.5361702127659574
3tr6_A	0.6081081081081081
3tr9_A	0.48375451263537905
3trc_A	0.5297619047619048
3trf_A	0.5352941176470588
3tri_A	0.4522058823529412
3trj_D	0.5078534031413613
3tsb_A	0.3081632653061224
3tsc_A	0.6826568265682657
3tsn_A	0.23901098901098902
3tsy_A	0.43333333333333335
3tsz_A	0.20527859237536658
3tt9_A	0.5364806866952789
3ttd_A	0.06862745098039216
3ttg_A	0.2818991097922849
3tu4_K	0.09813084112149532
3tuf_B	0.37341772151898733
3tui_A	0.27314814814814814
3tuj_C	0.4418604651162791
3tva_A	0.5531914893617021
3tvi_E	0.37813211845102507
3tw5_A	0.12790697674418605
3tw6_B	0.27058823529411763
3twb_C	0.3645083932853717
3twk_A	0.16040955631399317
3two_B	0.4367816091954023
3tx2_A	0.43724696356275305
3tx3_A	0.18061674008810572
3tx8_A	0.4222222222222222
3txx_B	0.46458923512747874
3txy_A	0.5578947368421052
3ty1_A	0.19010416666666666
3ty3_A	0.33519553072625696
3tyw_D	0.12280701754385964
3tz6_A	0.31871345029239767
3tzt_A	0.452991452991453
3u07_C	0.2506265664160401
3u0a_A	0.34375
3u0h_A	0.5448028673835126
3u0o_B	0.3194029850746269
3u0s_A	0.5290519877675841
3u1k_C	0.08823529411764706
3u1x_B	0.3452914798206278
3u24_A	0.11960784313725491
3u2g_A	0.04744525547445255
3u31_A	0.35361216730038025
3u37_H	0.47733333333333333
3u3g_A	0.5142857142857142
3u3x_A	0.5151515151515151
3u40_D	0.3651452282157676
3u4c_A	0.6338582677165354
3u4f_A	0.48787061994609165
3u4k_A	0.12269938650306748
3u52_D	0.057926829268292686
3u52_E	0.2711864406779661
3u58_A	0.39436619718309857
3u5r_G	0.4444444444444444
3u60_C	0.4125
3u62_A	0.48221343873517786
3u75_B	0.3588235294117647
3u7b_A	0.5565749235474006
3u80_A	0.6141732283464567
3u84_A	0.1857707509881423
3u8v_A	0.3614457831325301
3u9e_B	0.3402777777777778
3u9l_A	0.6013986013986014
3u9p_H	0.41304347826086957
3ua3_A	0.3352941176470588
3uam_D	0.395
3uap_A	0.3645320197044335
3uaq_A	0.13043478260869565
3uau_A	0.1569767441860465
3ub1_D	0.3675889328063241
3ubh_A	0.4841075794621027
3ubm_B	0.28837209302325584
3ubo_A	0.46449704142011833
3ubt_A	0.4054878048780488
3ubu_A	0.23076923076923078
3uc2_B	0.3253968253968254
3uc4_A	0.3220338983050847
3uc9_A	0.45
3uce_A	0.6073059360730594
3ucn_A	0.26576576576576577
3ucx_A	0.6937984496124031
3udg_B	0.4672897196261682
3ue1_A	0.13137254901960785
3ueb_E	0.21153846153846154
3uel_A	0.09803921568627451
3ueq_A	0.28823529411764703
3uer_A	0.2725490196078431
3uf8_A	0.375
3ufb_A	0.378099173553719
3ufi_A	0.19424460431654678
3ufk_A	0.10392156862745099
3ufx_B	0.455026455026455
3ug7_A	0.41009463722397477
3ugf_B	0.3137254901960784
3ugk_A	0.3548387096774194
3ugt_C	0.13114754098360656
3ugv_F	0.4807692307692308
3uhj_A	0.2969187675070028
3uif_A	0.48484848484848486
3uiz_D	0.1323529411764706
3ujz_A	0.15294117647058825
3uk7_C	0.3712121212121212
3ukk_A	0.23137254901960785
3ukn_B	0.4090909090909091
3ul3_A	0.6504854368932039
3ul4_A	0.5915492957746479
3uma_C	0.5
3umc_A	0.5127118644067796
3umv_A	0.11652542372881355
3un1_A	0.6058091286307054
3un6_A	0.4845360824742268
3un9_A	0.7244897959183674
3uog_A	0.45454545454545453
3uor_A	0.380352644836272
3uoz_A	0.2529411764705882
3up1_A	0.5323383084577115
3up6_B	0.16049382716049382
3upd_A	0.5115606936416185
3upl_A	0.32036613272311215
3upp_A	0.27640449438202247
3upu_A	0.32801822323462415
3uqd_A	0.4563106796116505
3ur8_A	0.4392523364485981
3urr_A	0.13157894736842105
3ut2_A	0.045098039215686274
3utk_A	0.10526315789473684
3utn_X	0.46381578947368424
3uto_B	0.4470588235294118
3uug_A	0.5805471124620061
3uuw_A	0.5032894736842105
3uv1_A	0.11578947368421053
3uw1_A	0.40086206896551724
3uw3_B	0.288
3uwc_A	0.39622641509433965
3uwx_A	0.09411764705882353
3uxf_A	0.43207126948775054
3uxy_B	0.6707818930041153
3uy4_A	0.40636042402826855
3uyk_A	0.5120643431635389
3uyv_A	0.33766233766233766
3uzq_B	0.3894736842105263
3v0a_A	0.06666666666666667
3v0g_B	0.2964071856287425
3v10_A	0.2709677419354839
3v1h_A	0.35947712418300654
3v2b_A	0.4318181818181818
3v2g_A	0.6944444444444444
3v2h_A	0.6767241379310345
3v2u_C	0.19019607843137254
3v39_A	0.13432835820895522
3v3s_A	0.31970260223048325
3v47_C	0.0847457627118644
3v48_A	0.6604477611940298
3v4d_F	0.44360902255639095
3v5n_A	0.4943820224719101
3v65_D	0.33687002652519893
3v68_A	0.04032258064516129
3v69_A	0.0603448275862069
3v6z_A	0.5656108597285068
3v71_A	0.38461538461538464
3v75_A	0.3543859649122807
3v7b_A	0.25170068027210885
3v7d_B	0.4888888888888889
3v7n_A	0.28448275862068967
3v7q_A	0.422680412371134
3v8b_A	0.6614785992217899
3v8d_A	0.12317327766179541
3v8h_A	0.10256410256410256
3v8x_A	0.20588235294117646
3v94_B	0.20059880239520958
3v97_A	0.32745098039215687
3v9f_A	0.403921568627451
3v9l_B	0.29215686274509806
3v9o_A	0.2975206611570248
3va6_A	0.4196078431372549
3vaa_A	0.5511363636363636
3var_A	0.026570048309178744
3vav_H	0.49809885931558934
3vay_A	0.4043478260869565
3vb8_A	0.09803921568627451
3vba_A	0.378698224852071
3vbc_A	0.4852941176470588
3vc2_D	0.6388888888888888
3vcd_E	0.3641304347826087
3vcf_A	0.2125
3vco_A	0.16393442622950818
3vdm_A	0.5052192066805845
3vdy_A	0.4752475247524752
3ve1_A	0.14705882352941177
3veo_A	0.24705882352941178
3vf0_B	0.45936395759717313
3vf1_A	0.1392156862745098
3vfg_H	0.5207373271889401
3vfi_A	0.5576923076923077
3vfl_A	0.5064935064935064
3vfq_A	0.376
3vgl_A	0.4935897435897436
3vgp_A	0.1411042944785276
3vgz_C	0.5727554179566563
3vhj_A	0.07407407407407407
3vjj_A	0.061371841155234655
3vk7_A	0.11458333333333333
3vkb_B	0.5275590551181102
3vkh_A	0.1627450980392157
3vkq_A	0.1568627450980392
3vla_A	0.04600484261501211
3vm5_A	0.3186372745490982
3vm8_A	0.37967914438502676
3vmm_A	0.3078556263269639
3vmn_A	0.4843137254901961
3vmw_A	0.6481481481481481
3vn5_A	0.2196078431372549
3vnb_A	0.3959731543624161
3vnz_A	0.44635193133047213
3vor_A	0.06043956043956044
3vot_A	0.3284671532846715
3vov_B	0.47315436241610737
3vpb_B	0.475177304964539
3vpd_A	0.40569395017793597
3vps_A	0.6237623762376238
3vpt_A	0.27586206896551724
3vqi_B	0.0933852140077821
3vqj_A	0.29439252336448596
3vqx_A	0.04743083003952569
3vr0_C	0.18951612903225806
3vrd_A	0.3390804597701149
3vs8_F	0.297029702970297
3vse_A	0.48717948717948717
3vsg_B	0.2532894736842105
3vsm_A	0.11764705882352941
3vst_A	0.503921568627451
3vt0_C	0.3029045643153527
3vtg_A	0.33
3vu9_A	0.27906976744186046
3vuo_A	0.054901960784313725
3vup_A	0.4928774928774929
3vv1_A	0.2978723404255319
3vv3_A	0.45592705167173253
3vvm_B	0.5745257452574526
3vw7_A	0.15384615384615385
3vwa_A	0.4019607843137255
3vwm_A	0.22916666666666666
3vx7_A	0.11194029850746269
3vx8_A	0.12131147540983607
3vxb_A	0.3609022556390977
3vy9_X	0.40762463343108507
3vyg_G	0.4166666666666667
3vyl_A	0.5824915824915825
3vyr_B	0.3477088948787062
3vyt_C	0.28273809523809523
3vyw_D	0.42810457516339867
3vz2_B	0.26247288503253796
3vzy_B	0.5350877192982456
3w0l_B	0.3980392156862745
3w15_A	0.5476190476190477
3w1e_A	0.4887640449438202
3w1h_A	0.4225663716814159
3w1o_A	0.23478260869565218
3w1s_C	0.18421052631578946
3w1w_A	0.3593314763231198
3w1y_A	0.24166666666666667
3w36_B	0.09978768577494693
3w3s_A	0.17647058823529413
3w57_A	0.34234234234234234
3w5i_B	0.4720812182741117
3w5m_A	0.492156862745098
3w5w_A	0.4235294117647059
3w6w_A	0.0784313725490196
3w6z_A	0.4358108108108108
3w81_A	0.35294117647058826
3w8q_A	0.34276729559748426
3w8w_B	0.23210412147505424
3w91_C	0.4605263157894737
3w9t_A	0.11342592592592593
3was_B	0.2750642673521851
3wbz_E	0.23880597014925373
3wcy_A	0.4779874213836478
3wdm_A	0.18146718146718147
3wdo_A	0.434878587196468
3wdr_A	0.3939393939393939
3wea_A	0.4696969696969697
3wf0_A	0.396078431372549
3wfc_B	0.19376391982182628
3wfr_H	0.23758099352051837
3wg5_B	0.4703196347031963
3wgu_B	0.16501650165016502
3wh9_B	0.5362318840579711
3whd_C	0.20270270270270271
3whi_A	0.4704225352112676
3wi9_A	0.6171617161716172
3wib_B	0.5945017182130584
3wic_A	0.36666666666666664
3wir_A	0.21372549019607842
3wis_A	0.4444444444444444
3wiv_C	0.4609571788413098
3wj7_A	0.5787878787878787
3wkh_A	0.3975609756097561
3wky_A	0.058823529411764705
3wl1_A	0.4960835509138381
3wmd_B	0.4421768707482993
3wmu_B	0.1568627450980392
3wnb_A	0.4099722991689751
3wnk_A	0.5372549019607843
3wnv_A	0.5121951219512195
3wo4_B	0.6445182724252492
3woc_A	0.16666666666666666
3woy_A	0.5203252032520326
3woz_B	0.5283842794759825
3wp4_A	0.10526315789473684
3wpv_A	0.28823529411764703
3wpx_A	0.4429530201342282
3wqb_A	0.3196078431372549
3wqg_B	0.4190231362467866
3wqm_A	0.1836734693877551
3wqo_A	0.5940959409594095
3wqy_A	0.06666666666666667
3wr2_A	0.09900990099009901
3wr5_A	0.4314214463840399
3wr9_A	0.25721153846153844
3wrg_A	0.3215686274509804
3wrs_A	0.1935483870967742
3wry_B	0.5
3wsg_A	0.23387096774193547
3wso_A	0.1984126984126984
3wst_I	0.37058823529411766
3wt0_D	0.36772486772486773
3wt1_A	0.4344262295081967
3wt4_A	0.14823529411764705
3wtb_A	0.7090163934426229
3wub_A	0.5623003194888179
3wuc_B	0.25547445255474455
3wud_A	0.42424242424242425
3wv4_A	0.4897959183673469
3wv6_A	0.2323943661971831
3wv9_A	0.4682926829268293
3wvc_A	0.20710059171597633
3wvj_B	0.36363636363636365
3wvo_A	0.08431372549019608
3wvr_C	0.2817551963048499
3wvz_A	0.13541666666666666
3wwm_A	0.35315985130111527
3wwp_A	0.5886792452830188
3wx5_A	0.07860262008733625
3wx6_A	0.29464285714285715
3wxb_A	0.620817843866171
3wxk_D	0.25882352941176473
3wy0_B	0.41909814323607425
3wy8_A	0.3744292237442922
3wyz_A	0.37264150943396224
3wz4_G	0.36428571428571427
3wzi_A	0.18867924528301888
3x0i_A	0.4025157232704403
3x17_A	0.3509803921568627
3x1l_B	0.11598746081504702
3x1l_D	0.03927492447129909
3x1l_H	0.08754208754208755
3x27_D	0.06687898089171974
3x29_A	0.3433734939759036
3x2l_A	0.22777777777777777
3x2x_A	0.4933920704845815
3x37_B	0.09230769230769231
3x3m_A	0.06801007556675064
3x42_A	0.17254901960784313
3x44_A	0.37694704049844235
3zbg_A	0.2737819025522042
3zbo_A	0.3347457627118644
3zbq_A	0.3904761904761905
3zby_B	0.11633663366336634
3zc0_B	0.28272251308900526
3zc4_E	0.14556962025316456
3zc7_A	0.1507537688442211
3zd9_A	0.3654618473895582
3zeu_D	0.48695652173913045
3zf6_A	0.03550295857988166
3zf8_A	0.5486111111111112
3zfj_A	0.16666666666666666
3zga_B	0.22270742358078602
3zgh_A	0.03389830508474576
3zgo_A	0.33962264150943394
3zh3_A	0.2815533980582524
3zh9_B	0.4306784660766962
3zha_A	0.042105263157894736
3zhe_B	0.2153846153846154
3zhn_A	0.4580152671755725
3zi1_A	0.2591240875912409
3zid_A	0.46111111111111114
3zik_A	0.24456521739130435
3ziu_A	0.12352941176470589
3zj0_A	0.4306930693069307
3zjb_B	0.16847826086956522
3zjh_B	0.10362694300518134
3zjx_A	0.02888086642599278
3zk0_A	0.5128205128205128
3zl8_A	0.4496487119437939
3zle_A	0.06544502617801047
3zm8_A	0.5
3zmn_A	0.20175438596491227
3zmr_A	0.535181236673774
3zni_A	0.1
3zo5_A	0.12173913043478261
3zof_B	0.2808988764044944
3zoj_A	0.12927756653992395
3zpm_A	0.11848341232227488
3zpy_A	0.31451612903225806
3zq5_A	0.29215686274509806
3zq9_A	0.4215686274509804
3zqj_F	0.19607843137254902
3zrh_A	0.0911214953271028
3zri_A	0.08433734939759036
3zs3_A	0.1036036036036036
3zs6_A	0.3181818181818182
3zsc_A	0.513677811550152
3zt9_A	0.53125
3zth_A	0.16379310344827586
3ztr_D	0.10638297872340426
3ztv_A	0.3843137254901961
3zuk_A	0.0392156862745098
3zv0_B	0.10030395136778116
3zv3_B	0.6231884057971014
3zvh_A	0.43132530120481927
3zvj_R	0.39880952380952384
3zvk_A	0.5074626865671642
3zvx_A	0.3140495867768595
3zwa_A	0.43529411764705883
3zwf_B	0.41312741312741313
3zwm_C	0.1141732283464567
3zx1_A	0.5138004246284501
3zx4_B	0.36470588235294116
3zxa_C	0.2677966101694915
3zxf_B	0.38405797101449274
3zxl_B	0.34901960784313724
3zxn_A	0.5726495726495726
3zxp_A	0.22081218274111675
3zyj_A	0.6944444444444444
3zym_C	0.125
3zyt_A	0.260752688172043
3zyw_B	0.4954954954954955
3zyy_X	0.2549019607843137
3zzm_A	0.2529411764705882
3zzr_A	0.15789473684210525
4a0g_A	0.24901960784313726
4a1r_A	0.19718309859154928
4a25_B	0.17751479289940827
4a27_A	0.40764331210191085
4a2b_A	0.3756476683937824
4a2n_B	0.22395833333333334
4a2w_A	0.23921568627450981
4a35_A	0.42857142857142855
4a3t_B	0.355119825708061
4a42_A	0.6456692913385826
4a52_A	0.34911242603550297
4a5q_A	0.36666666666666664
4a5t_S	0.06274509803921569
4a6a_C	0.15873015873015872
4a6e_A	0.4666666666666667
4a6o_A	0.5
4a7z_A	0.4176470588235294
4a8x_A	0.5681818181818182
4a91_A	0.1310344827586207
4a9a_A	0.2696629213483146
4aax_A	0.6285714285714286
4ab5_B	0.6454545454545455
4abn_B	0.4460093896713615
4abt_A	0.3146853146853147
4ac1_X	0.49469964664310956
4ac8_A	0.18971061093247588
4acv_B	0.45528455284552843
4ad8_A	0.16371681415929204
4ad9_A	0.4513888888888889
4adf_M	0.5497382198952879
4adg_B	0.12009237875288684
4aef_A	0.3764705882352941
4aez_A	0.5337423312883436
4af1_A	0.32926829268292684
4af2_A	0.52
4af8_A	0.4174174174174174
4afd_A	0.18604651162790697
4afh_A	0.07042253521126761
4afs_A	0.3185840707964602
4ag4_A	0.5278592375366569
4ag6_B	0.32180851063829785
4ags_C	0.31235955056179776
4agv_A	0.2708333333333333
4ah7_B	0.511864406779661
4aia_A	0.0425531914893617
4aib_A	0.3480825958702065
4aim_A	0.10196078431372549
4aip_B	0.39019607843137255
4aiv_A	0.22123893805309736
4aiw_A	0.19205298013245034
4ak7_B	0.3941018766756032
4ak9_A	0.46688741721854304
4aka_A	0.08490566037735849
4akf_A	0.2647058823529412
4akk_A	0.12228260869565218
4akm_B	0.10191082802547771
4ako_A	0.45454545454545453
4akt_A	0.43636363636363634
4alm_A	0.6174242424242424
4alr_A	0.5120481927710844
4amb_B	0.4879356568364611
4amf_A	0.33137254901960783
4amm_A	0.21354166666666666
4an6_A	0.08139534883720931
4anj_A	0.049019607843137254
4ano_A	0.10526315789473684
4aod_A	0.05365853658536585
4aoz_B	0.1888111888111888
4ap0_C	0.10932475884244373
4apc_B	0.3614864864864865
4apm_A	0.07964601769911504
4aq1_A	0.5352941176470588
4aq4_A	0.3684210526315789
4aqb_A	0.391304347826087
4aqh_B	0.044386422976501305
4aqy_Q	0.2980769230769231
4aqz_A	0.3115942028985507
4arm_B	0.0893371757925072
4art_A	0.12658227848101267
4as2_A	0.3547400611620795
4asc_A	0.4642857142857143
4asm_B	0.23529411764705882
4at7_A	0.24550898203592814
4at7_B	0.20987654320987653
4atf_C	0.265993265993266
4atg_A	0.38461538461538464
4ato_A	0.02976190476190476
4aty_A	0.3818770226537217
4au5_A	0.13123359580052493
4aub_B	0.5343283582089552
4aur_A	0.2803921568627451
4av2_A	0.3054545454545455
4ava_A	0.45565749235474007
4avr_A	0.43157894736842106
4avs_E	0.35294117647058826
4awd_A	0.29292929292929293
4awe_A	0.5170603674540682
4axo_B	0.5255474452554745
4axz_A	0.013761467889908258
4ay8_A	0.49411764705882355
4ayz_A	0.3423913043478261
4az1_A	0.18027210884353742
4b0m_M	0.4481132075471698
4b0n_A	0.39841688654353563
4b15_A	0.40601503759398494
4b1m_A	0.49696969696969695
4b29_A	0.48205128205128206
4b2n_A	0.052941176470588235
4b2x_B	0.41721854304635764
4b45_A	0.45808383233532934
4b46_A	0.4909090909090909
4b5m_B	0.5328185328185329
4b5n_A	0.5084745762711864
4b5z_A	0.2838709677419355
4b62_A	0.46853146853146854
4b65_A	0.3442982456140351
4b6e_A	0.3176470588235294
4b6v_A	0.15458937198067632
4b6w_A	0.4418604651162791
4b7l_B	0.30303030303030304
4b8b_B	0.22745098039215686
4b8c_A	0.06741573033707865
4b8r_A	0.047109207708779445
4b93_B	0.7120418848167539
4b96_A	0.40397350993377484
4b9g_A	0.4246575342465753
4b9i_A	0.16
4b9p_A	0.3674698795180723
4ba0_A	0.3058823529411765
4ba2_A	0.145985401459854
4bas_A	0.5755813953488372
4bb7_D	0.059574468085106386
4bc2_A	0.22549019607843138
4bcu_A	0.047872340425531915
4be3_A	0.1346153846153846
4be4_A	0.31176470588235294
4be5_B	0.6794871794871795
4bed_A	0.1450980392156863
4beg_A	0.3651685393258427
4bej_A	0.22941176470588234
4bem_J	0.13736263736263737
4beu_A	0.3826530612244898
4bf4_B	0.13602015113350127
4bf5_A	0.3939393939393939
4bf7_A	0.591044776119403
4bf8_A	0.37606837606837606
4bf9_A	0.48427672955974843
4bfc_A	0.5077720207253886
4bfi_A	0.5026178010471204
4bg5_A	0.10945273631840796
4bga_C	0.34782608695652173
4bgu_B	0.49174917491749176
4bgv_A	0.4179566563467492
4bh9_A	0.45454545454545453
4bhq_A	0.3302752293577982
4bhu_E	0.2923076923076923
4bi3_A	0.3128834355828221
4bin_A	0.4339080459770115
4biv_A	0.483271375464684
4bj6_A	0.16382252559726962
4bjh_A	0.3341232227488152
4bji_A	0.1282051282051282
4bjr_A	0.036
4bju_A	0.1803921568627451
4bk3_A	0.369620253164557
4bkq_A	0.236144578313253
4bkw_A	0.0709812108559499
4blo_L	0.2727272727272727
4blp_D	0.2600732600732601
4blw_A	0.325
4bmc_A	0.41530054644808745
4bmd_A	0.5159574468085106
4bmh_A	0.47029702970297027
4bmq_A	0.21
4bmv_C	0.5736434108527132
4bmw_A	0.3904109589041096
4bnd_B	0.42292490118577075
4bo4_C	0.596078431372549
4bof_B	0.20194647201946472
4bop_B	0.04666666666666667
4bou_A	0.05673758865248227
4bpq_A	0.003289473684210526
4bpq_B	0.0031446540880503146
4bps_A	0.31722054380664655
4bpy_A	0.5214723926380368
4bpz_B	0.3253968253968254
4bq4_A	0.28431372549019607
4bqh_A	0.2803921568627451
4bql_A	0.32339449541284404
4bqn_A	0.2916666666666667
4br5_A	0.3175355450236967
4brv_A	0.5241935483870968
4bs2_A	0.4482758620689655
4bsj_A	0.6103286384976526
4bsk_A	0.5290697674418605
4bsr_A	0.6252587991718427
4bsz_B	0.5933333333333334
4bt6_A	0.12658227848101267
4btf_A	0.2929782082324455
4btp_I	0.050980392156862744
4bts_AI	0.32867132867132864
4bub_B	0.45134575569358176
4buc_A	0.4238875878220141
4bvk_B	0.436046511627907
4bvp_A	0.32054794520547947
4bwa_A	0.10384615384615385
4bwc_B	0.09034267912772585
4bwg_A	0.4236760124610592
4bwh_A	0.26136363636363635
4bwi_A	0.3228346456692913
4bwv_A	0.2775330396475771
4bwy_A	0.2881944444444444
4bx9_B	0.2019607843137255
4bxf_A	0.2988235294117647
4bxj_B	0.27450980392156865
4bxo_A	0.3712871287128713
4bxw_B	0.2857142857142857
4by6_A	0.15748031496062992
4by9_N	0.5110132158590308
4byz_A	0.07216494845360824
4bzg_B	0.24148606811145512
4bzj_C	0.4588235294117647
4c00_A	0.33137254901960783
4c0e_C	0.2
4c0n_A	0.18
4c0s_A	0.3458980044345898
4c0t_A	0.33676975945017185
4c0y_X	0.03686635944700461
4c0z_F	0.09090909090909091
4c12_A	0.4685598377281947
4c16_B	0.15714285714285714
4c1p_A	0.22941176470588234
4c1u_A	0.38636363636363635
4c1x_A	0.35106382978723405
4c23_A	0.2727272727272727
4c2e_A	0.31880733944954126
4c2l_A	0.6774193548387096
4c2u_A	0.2725490196078431
4c3h_E	0.14418604651162792
4c47_A	0.45549738219895286
4c49_A	0.035422343324250684
4c4k_O	0.5851063829787234
4c5f_A	0.20909090909090908
4c5m_B	0.463768115942029
4c5u_C	0.058823529411764705
4c6h_A	0.6426116838487973
4c6t_B	0.5301204819277109
4c6t_C	0.5874125874125874
4c76_A	0.5714285714285714
4c82_A	0.3333333333333333
4c89_A	0.5601173020527859
4c8g_A	0.37254901960784315
4c8y_A	0.08403361344537816
4c9f_D	0.1417910447761194
4c9r_A	0.391304347826087
4c9z_A	0.10362694300518134
4ca9_A	0.16326530612244897
4cab_A	0.09072978303747535
4cad_I	0.14566929133858267
4cbv_F	0.37890625
4cc8_D	0.011627906976744186
4ccl_B	0.3279569892473118
4ccs_A	0.504424778761062
4ccv_A	0.20869565217391303
4ccz_A	0.4568627450980392
4cdo_A	0.4866666666666667
4ce5_A	0.2676923076923077
4cej_A	0.17058823529411765
4cek_A	0.3125
4cem_B	0.22653721682847897
4cg4_C	0.13297872340425532
4cgz_A	0.4196078431372549
4ch7_A	0.3042071197411003
4chd_A	0.07407407407407407
4chg_E	0.45112781954887216
4chh_B	0.10759493670886076
4cht_A	0.1627450980392157
4cht_B	0.15348837209302327
4ci7_A	0.37719298245614036
4ci8_A	0.5235294117647059
4cij_B	0.08955223880597014
4cj1_A	0.2980392156862745
4ckw_D	0.5423728813559322
4cmn_A	0.35693215339233036
4cmr_A	0.2803921568627451
4cn9_A	0.5340050377833753
4cng_A	0.5384615384615384
4coq_B	0.10619469026548672
4cp6_A	0.4962962962962963
4cpd_A	0.4624277456647399
4cqb_A	0.46766169154228854
4cql_I	0.6972111553784861
4cqm_F	0.6514522821576764
4cr8_D	0.6212121212121212
4crm_P	0.3431372549019608
4crn_P	0.3767441860465116
4crz_A	0.3464566929133858
4csb_A	0.09734513274336283
4csg_H	0.02390438247011952
4cso_A	0.05092592592592592
4csq_A	0.1504424778761062
4csw_A	0.30412371134020616
4ct4_B	0.3941798941798942
4cta_A	0.467005076142132
4ctf_CC	0.020202020202020204
4cu8_A	0.503921568627451
4cu9_B	0.4972972972972973
4cub_B	0.4
4cvh_A	0.45524296675191817
4cvm_A	0.4401805869074492
4cvq_A	0.4381188118811881
4cw0_A	0.10299003322259136
4cw4_A	0.2607843137254902
4cw9_B	0.5096153846153846
4cyb_J	0.35260115606936415
4cyg_A	0.38660907127429806
4cyl_A	0.07939914163090128
4cz1_A	0.41545893719806765
4cz2_B	0.5418994413407822
4cz2_D	0.625
4cz8_A	0.0995260663507109
4czb_B	0.09307875894988067
4czp_A	0.0326975476839237
4czw_A	0.10392156862745099
4d01_A	0.03773584905660377
4d05_A	0.2558139534883721
4d06_A	0.2198581560283688
4d0k_A	0.4133738601823708
4d0l_E	0.1732776617954071
4d0q_A	0.6211180124223602
4d1j_D	0.36666666666666664
4d1y_A	0.5314285714285715
4d2i_A	0.2650862068965517
4d3l_A	0.5075757575757576
4d4o_A	0.34057971014492755
4d4z_B	0.6344827586206897
4d5e_B	0.45294117647058824
4d5y_H	0.08333333333333333
4d65_A	0.358600583090379
4d6h_A	0.2549019607843137
4d70_A	0.35
4d74_A	0.40397350993377484
4d7c_A	0.2682926829268293
4d7e_A	0.4015151515151515
4d7k_F	0.4658753709198813
4d7l_A	0.3004694835680751
4d7p_A	0.20833333333333334
4d7v_A	0.3524229074889868
4d8o_A	0.1905697445972495
4d8u_H	0.4743202416918429
4d9g_B	0.31887755102040816
4dad_A	0.6194029850746269
4dam_A	0.40707964601769914
4dap_A	0.40086206896551724
4dav_A	0.37662337662337664
4db3_A	0.3954983922829582
4dbe_A	0.3051643192488263
4dbh_A	0.17100371747211895
4dcm_A	0.5416666666666666
4ddd_A	0.5133333333333333
4ddg_L	0.12280701754385964
4ddx_A	0.3686274509803922
4del_A	0.34782608695652173
4dfb_B	0.31561461794019935
4dfd_A	0.47804878048780486
4dg6_A	0.3941176470588235
4dg9_A	0.39019607843137255
4dgk_A	0.19012345679012346
4dgq_A	0.6353790613718412
4dgs_A	0.3176895306859206
4dgu_A	0.11206896551724138
4dh2_A	0.44936708860759494
4dh4_A	0.40350877192982454
4dhe_A	0.4855769230769231
4di3_B	0.34065934065934067
4di3_E	0.38485804416403785
4di8_A	0.47278911564625853
4dim_A	0.356234096692112
4din_B	0.3536231884057971
4diu_A	0.6326530612244898
4dix_A	0.24056603773584906
4dj3_A	0.27181208053691275
4djb_A	0.1864406779661017
4djd_C	0.3333333333333333
4djd_D	0.43653250773993807
4dji_A	0.07302231237322515
4dk0_A	0.44135802469135804
4dk6_C	0.4827586206896552
4dkw_A	0.23711340206185566
4dll_A	0.4548611111111111
4dlq_A	0.16147308781869688
4dm0_A	0.1934782608695652
4dmg_A	0.4701298701298701
4dmi_B	0.4764705882352941
4dmo_A	0.22924901185770752
4dmu_J	0.6335078534031413
4dmu_K	0.425
4dn1_A	0.5012853470437018
4dn2_A	0.29842931937172773
4dn7_A	0.6280788177339901
4dn9_A	0.5408163265306123
4dna_A	0.3383947939262473
4dng_A	0.23893805309734514
4dnh_A	0.3756476683937824
4dni_A	0.23346303501945526
4dnj_A	0.11278195488721804
4dnr_A	0.2411764705882353
4dny_A	0.3944954128440367
4doh_A	0.13725490196078433
4doh_B	0.5803108808290155
4doh_R	0.5735294117647058
4dok_A	0.13942307692307693
4dol_A	0.1111111111111111
4dpk_A	0.3192090395480226
4dpo_A	0.5
4dqa_A	0.39255014326647564
4dqs_A	0.14901960784313725
4dqx_A	0.6313725490196078
4drf_A	0.08333333333333333
4drr_A	0.049079754601226995
4dry_B	0.6532258064516129
4drz_A	0.55
4dt1_A	0.17098445595854922
4dt4_A	0.24375
4dt5_A	0.08391608391608392
4dte_A	0.029411764705882353
4du5_B	0.5220338983050847
4dup_A	0.459214501510574
4dve_A	0.2222222222222222
4dvj_B	0.4269005847953216
4dw4_B	0.05521472392638037
4dwd_B	0.44235924932975873
4dwo_A	0.4552238805970149
4dws_A	0.3607843137254902
4dwz_C	0.3643122676579926
4dx8_A	0.05755395683453238
4dxl_A	0.28289473684210525
4dye_A	0.4867021276595745
4dyw_A	0.4728682170542636
4dz4_B	0.4241486068111455
4dzg_A	0.6929824561403509
4dzr_A	0.49693251533742333
4e0e_D	0.1301775147928994
4e0s_B	0.045098039215686274
4e0t_A	0.07352941176470588
4e11_A	0.45666666666666667
4e16_A	0.31877729257641924
4e1o_C	0.3762993762993763
4e1s_A	0.12396694214876033
4e1t_A	0.22448979591836735
4e1y_A	0.3031161473087819
4e2q_N	0.5426356589147286
4e4s_B	0.5304347826086957
4e4t_A	0.34782608695652173
4e4u_A	0.4813895781637717
4e4y_A	0.7066115702479339
4e51_A	0.21445783132530122
4e5v_A	0.46785714285714286
4e5z_B	0.4154228855721393
4e69_B	0.5434083601286174
4e6m_A	0.4688279301745636
4e6n_B	0.23853211009174313
4e6z_A	0.13636363636363635
4e7n_A	0.31512605042016806
4e84_A	0.5047923322683706
4e8c_A	0.3980392156862745
4e98_A	0.5181818181818182
4e9k_A	0.22916666666666666
4e9o_X	0.08695652173913043
4eay_C	0.3686868686868687
4eb5_C	0.15217391304347827
4ebf_A	0.5451807228915663
4ebj_A	0.23255813953488372
4ec5_A	0.463302752293578
4ecg_A	0.14402173913043478
4ecl_A	0.3521505376344086
4ed6_A	0.1527777777777778
4ed9_A	0.32275132275132273
4edp_A	0.43670886075949367
4edv_A	0.2585669781931464
4ee8_A	0.14666666666666667
4eee_A	0.5478260869565217
4eei_B	0.09456264775413711
4eez_B	0.49122807017543857
4efz_A	0.4440677966101695
4eg7_B	0.16862745098039217
4eg9_A	0.12121212121212122
4ege_A	0.3045822102425876
4egf_A	0.6964980544747081
4eh1_A	0.4978902953586498
4ehc_A	0.225
4ehi_B	0.2376237623762376
4ei0_B	0.2119205298013245
4eib_A	0.37962962962962965
4eis_B	0.4266666666666667
4eiu_A	0.5743801652892562
4ej0_A	0.5242424242424243
4ej6_A	0.4956268221574344
4eku_A	0.1867816091954023
4ekz_A	0.44989339019189767
4eld_A	0.28205128205128205
4emj_A	0.42610837438423643
4eo0_A	0.12264150943396226
4eo1_A	0.22388059701492538
4eog_A	0.2553648068669528
4eoy_A	0.20161290322580644
4ep0_I	0.11475409836065574
4ep4_A	0.5542168674698795
4epa_A	0.4196078431372549
4epc_A	0.3223684210526316
4eq2_A	0.5970873786407767
4eq8_A	0.2911392405063291
4eq9_A	0.6041666666666666
4eqb_A	0.4551083591331269
4eqi_B	0.2773722627737226
4eqm_A	0.3828996282527881
4equ_A	0.3467153284671533
4eqw_A	0.3684210526315789
4era_A	0.4608433734939759
4es7_A	0.07228915662650602
4es8_A	0.32781456953642385
4eso_B	0.6374501992031872
4esq_A	0.28350515463917525
4esy_A	0.2331288343558282
4ety_A	0.6138613861386139
4eu1_A	0.391644908616188
4eue_A	0.3015075376884422
4euk_A	0.5955882352941176
4euy_A	0.6046511627906976
4ev0_D	0.5560747663551402
4ev1_A	0.28761061946902655
4evf_A	0.1564625850340136
4evi_A	0.4388888888888889
4evq_B	0.6064690026954178
4evs_A	0.6195652173913043
4evu_B	0.11764705882352941
4ew6_A	0.5275080906148867
4ewc_A	0.05656565656565657
4ewf_A	0.3208955223880597
4ewg_A	0.3374083129584352
4ewp_A	0.46131805157593125
4ewt_C	0.4190231362467866
4ex5_A	0.1748971193415638
4ex6_A	0.5753424657534246
4ex9_A	0.17218543046357615
4exa_F	0.5366795366795367
4exj_B	0.3153153153153153
4exn_A	0.05232558139534884
4exr_A	0.29605263157894735
4eye_A	0.4472843450479233
4eys_A	0.4402332361516035
4eyw_B	0.0392156862745098
4ezb_A	0.47157190635451507
4eze_A	0.436426116838488
4ezi_A	0.5013477088948787
4f0b_A	0.3090909090909091
4f0c_A	0.32456140350877194
4f0j_A	0.625
4f0q_A	0.252212389380531
4f0r_A	0.40825688073394495
4f1i_A	0.45426829268292684
4f1m_A	0.37410071942446044
4f1n_A	0.06862745098039216
4f23_A	0.05304518664047151
4f2d_B	0.2931726907630522
4f2f_A	0.56
4f30_A	0.2372549019607843
4f3e_A	0.06976744186046512
4f3j_A	0.3356643356643357
4f3m_B	0.037037037037037035
4f3q_A	0.1623931623931624
4f3s_A	0.5497835497835498
4f3z_C	0.10963455149501661
4f47_A	0.36554621848739494
4f4c_A	0.25098039215686274
4f4j_A	0.455026455026455
4f4r_A	0.44607843137254904
4f52_E	0.2784313725490196
4f54_A	0.25
4f55_A	0.2578125
4f5c_F	0.2014388489208633
4f5f_B	0.4025
4f67_A	0.29924242424242425
4f6e_A	0.17391304347826086
4f6l_A	0.48677248677248675
4f6o_A	0.4962686567164179
4f78_A	0.250996015936255
4f7a_A	0.21485943775100402
4f7k_A	0.5915119363395226
4f7z_A	0.28823529411764703
4f88_1	0.14186046511627906
4f8p_B	0.20422535211267606
4f8x_A	0.47761194029850745
4f9j_A	0.4137254901960784
4f9l_A	0.5607476635514018
4f9z_A	0.5296803652968036
4fa4_B	0.12534818941504178
4faj_A	0.3175542406311637
4fak_A	0.37423312883435583
4fb9_C	0.13620071684587814
4fc4_B	0.156
4fc6_B	0.6159420289855072
4fc9_B	0.017142857142857144
4fcg_A	0.581081081081081
4fd3_D	0.5261194029850746
4fdb_A	0.37894736842105264
4fdt_A	0.04773869346733668
4fe9_A	0.2242152466367713
4fei_A	0.3137254901960784
4fek_A	0.4523809523809524
4ff5_A	0.5198237885462555
4ffi_A	0.36875
4ffk_A	0.14150943396226415
4ffp_A	0.36827195467422097
4ffu_I	0.3885350318471338
4fgm_A	0.23921568627450981
4fgr_A	0.11914893617021277
4fgs_A	0.6708333333333333
4fgu_A	0.343980343980344
4fio_A	0.16199376947040497
4fix_A	0.5549019607843138
4fjv_A	0.13852813852813853
4fk1_A	0.42474916387959866
4fk9_A	0.5509554140127388
4fkc_A	0.27297297297297296
4fl4_I	0.47896440129449835
4fmb_A	0.04843304843304843
4fml_A	0.11764705882352941
4fmm_B	0.24
4fmn_A	0.03018867924528302
4fmr_B	0.3881856540084388
4fmt_A	0.37320574162679426
4fmw_A	0.11797752808988764
4fn4_A	0.6850393700787402
4fnv_A	0.2627450980392157
4fo0_A	0.24302788844621515
4fo9_A	0.16475095785440613
4fod_A	0.38961038961038963
4fof_A	0.4523809523809524
4fok_A	0.5
4fom_A	0.5993377483443708
4fos_A	0.4600760456273764
4fp4_A	0.13580246913580246
4fpr_A	0.06923076923076923
4fpv_B	0.5136186770428015
4fqd_A	0.2798165137614679
4fqp_A	0.6111111111111112
4fr2_A	0.3577023498694517
4fr4_A	0.29714285714285715
4frf_A	0.12149532710280374
4frt_B	0.3342245989304813
4frw_A	0.6325581395348837
4frx_B	0.2825
4fsp_A	0.25824175824175827
4ftd_A	0.3340909090909091
4ftf_A	0.1559633027522936
4fu0_A	0.30029154518950435
4fu4_A	0.3532608695652174
4fvf_B	0.3418803418803419
4fvs_A	0.3130841121495327
4fw9_A	0.2
4fxq_A	0.09662921348314607
4fxt_E	0.6039603960396039
4fyc_A	0.5308641975308642
4fyp_A	0.38596491228070173
4fyu_A	0.4652777777777778
4fz2_A	0.14507772020725387
4fzb_C	0.07729468599033816
4fzh_A	0.03909465020576132
4fzm_A	0.13043478260869565
4fzq_C	0.12658227848101267
4fzy_A	0.3772455089820359
4g0k_A	0.2324159021406728
4g0m_A	0.26666666666666666
4g10_A	0.3231939163498099
4g1b_A	0.4321608040201005
4g1e_A	0.4823529411764706
4g1g_B	0.05649717514124294
4g1p_A	0.33820459290187893
4g1u_C	0.44274809160305345
4g24_A	0.3445378151260504
4g2b_A	0.26627218934911245
4g2c_B	0.056155507559395246
4g2r_B	0.4126984126984127
4g2t_A	0.5140449438202247
4g2u_A	0.04285714285714286
4g33_A	0.13333333333333333
4g3h_C	0.3741935483870968
4g3v_A	0.5370370370370371
4g48_A	0.1291139240506329
4g4v_A	0.5675675675675675
4g59_C	0.07575757575757576
4g65_A	0.5272331154684096
4g67_A	0.48320413436692505
4g68_A	0.37755102040816324
4g6u_A	0.1784037558685446
4g6v_A	0.29545454545454547
4g6v_B	0.2815533980582524
4g6x_A	0.3333333333333333
4g73_A	0.3644067796610169
4g75_A	0.11986301369863013
4g7w_C	0.09090909090909091
4g7x_B	0.46078431372549017
4g88_D	0.4878048780487805
4g8b_A	0.6064981949458483
4g9b_A	0.3700440528634361
4g9i_A	0.18627450980392157
4g9n_B	0.17482517482517482
4g9q_A	0.2773109243697479
4ga6_A	0.22515212981744423
4ga7_A	0.04065040650406504
4gae_A	0.3269230769230769
4gah_B	0.37948717948717947
4gak_A	0.364
4gb5_A	0.6013513513513513
4gb7_A	0.211340206185567
4gbj_C	0.4691780821917808
4gbm_A	0.3498233215547703
4gc0_A	0.31157894736842107
4gc2_A	0.04727272727272727
4gcw_A	0.5179153094462541
4gcy_A	0.1656441717791411
4gd5_A	0.48559670781893005
4gdf_A	0.2515090543259557
4gdi_A	0.22888283378746593
4gdm_C	0.555984555984556
4gdn_A	0.2916666666666667
4gdz_A	0.0738255033557047
4ge3_A	0.518324607329843
4ge8_A	0.45864661654135336
4gel_B	0.36363636363636365
4gey_A	0.3880952380952381
4gf0_A	0.3173076923076923
4gfi_C	0.42507645259938837
4ggj_A	0.44242424242424244
4ggm_X	0.51985559566787
4ggv_A	0.12626262626262627
4ghl_A	0.1590909090909091
4ghn_A	0.3711340206185567
4gi5_B	0.4904214559386973
4gic_A	0.33507853403141363
4gie_A	0.4756944444444444
4gik_A	0.1791530944625407
4gio_A	0.4895833333333333
4git_A	0.13043478260869565
4gk8_A	0.5019011406844106
4gk9_A	0.07168458781362007
4gkb_B	0.6976744186046512
4gkf_B	0.10204081632653061
4gki_A	0.34558823529411764
4gkp_B	0.05511811023622047
4gl6_B	0.1950207468879668
4gl8_A	0.312
4gle_A	0.4178082191780822
4glj_A	0.34494773519163763
4gm2_A	0.44808743169398907
4gm6_C	0.4720496894409938
4gmg_A	0.39664804469273746
4gn2_A	0.25416666666666665
4gn5_A	0.4424778761061947
4gnc_A	0.4261744966442953
4gnr_A	0.6436781609195402
4gnx_C	0.22863741339491916
4go6_D	0.41040462427745666
4go7_X	0.5696969696969697
4gos_A	0.5304347826086957
4got_A	0.4291497975708502
4gp2_A	0.12573099415204678
4gpu_A	0.03625377643504532
4gpv_B	0.13109756097560976
4gqf_A	0.44171779141104295
4gqn_B	0.16097560975609757
4gqo_A	0.3712871287128713
4gqy_A	0.2653061224489796
4gqz_B	0.33540372670807456
4gr4_C	0.43231441048034935
4gri_B	0.10927835051546392
4gs1_B	0.09308510638297872
4gs3_A	0.5111111111111111
4gs5_A	0.38857142857142857
4gsl_A	0.2549019607843137
4gt8_A	0.5488721804511278
4gtw_B	0.27058823529411763
4gu3_A	0.07804878048780488
4gua_A	0.3352941176470588
4guc_A	0.5739130434782609
4gud_B	0.48756218905472637
4guz_A	0.2323943661971831
4gvb_B	0.13513513513513514
4gve_A	0.23857868020304568
4gvo_A	0.538135593220339
4gvv_C	0.3614457831325301
4gx5_B	0.40588235294117647
4gxb_A	0.11406844106463879
4gxg_A	0.07655502392344497
4gxq_A	0.4841897233201581
4gxt_A	0.2513089005235602
4gxw_A	0.43902439024390244
4gyi_A	0.3303834808259587
4gyj_A	0.403921568627451
4gyt_A	0.12994350282485875
4gz9_A	0.45294117647058824
4gze_A	0.453027139874739
4gzu_A	0.11697247706422019
4h08_A	0.67
4h09_D	0.46949602122015915
4h0a_B	0.19933554817275748
4h0c_A	0.5857142857142857
4h0f_A	0.4015151515151515
4h0g_A	0.5495867768595041
4h0o_B	0.23273657289002558
4h0p_A	0.2505800464037123
4h15_A	0.6398467432950191
4h18_A	0.5016077170418006
4h19_A	0.5134408602150538
4h1h_A	0.4801223241590214
4h1l_J	0.6126126126126126
4h1x_A	0.3968871595330739
4h2a_A	0.2235294117647059
4h2d_A	0.5189873417721519
4h2p_B	0.39892183288409705
4h3e_A	0.13551401869158877
4h3t_A	0.041176470588235294
4h3v_A	0.4961038961038961
4h3z_B	0.28125
4h40_B	0.11842105263157894
4h41_B	0.5714285714285714
4h4g_D	0.43884892086330934
4h4j_A	0.2320675105485232
4h4n_A	0.25806451612903225
4h54_A	0.4124087591240876
4h56_A	0.14606741573033707
4h5b_A	0.2631578947368421
4h5g_A	0.475
4h5s_B	0.68
4h6a_A	0.11855670103092783
4h6q_A	0.34519572953736655
4h6w_A	0.5487364620938628
4h79_A	0.05649717514124294
4h7m_A	0.0752212389380531
4h7n_A	0.2605932203389831
4h7u_A	0.17254901960784313
4h83_F	0.5244565217391305
4h86_A	0.44919786096256686
4h87_A	0.3225806451612903
4h89_A	0.5357142857142857
4h8n_A	0.44224422442244227
4h8q_A	0.29411764705882354
4ha7_A	0.4072398190045249
4hac_A	0.2532051282051282
4han_A	0.20477815699658702
4hb9_A	0.34574468085106386
4hbz_A	0.46511627906976744
4hcf_B	0.71875
4hcj_A	0.5780346820809249
4hcy_A	0.32954545454545453
4hdj_A	0.5295774647887324
4hdr_B	0.19756838905775076
4hdt_A	0.3058823529411765
4he6_A	0.25842696629213485
4he8_I	0.14754098360655737
4hea_D	0.17058823529411765
4hea_H	0.07365439093484419
4hec_B	0.3987730061349693
4hes_A	0.2690909090909091
4het_A	0.2959770114942529
4hfq_A	0.35467980295566504
4hfs_A	0.2955665024630542
4hg2_B	0.461864406779661
4hg5_A	0.5
4hg6_A	0.3588235294117647
4hgn_A	0.4727272727272727
4hh1_A	0.391644908616188
4hh4_C	0.53125
4hh5_A	0.1411042944785276
4hic_A	0.09803921568627451
4hjh_A	0.35974304068522484
4hji_A	0.2077922077922078
4hk5_D	0.4026315789473684
4hkh_A	0.14093959731543623
4hkj_H	0.10215053763440861
4hkm_B	0.08459214501510574
4hkt_B	0.5242424242424243
4hl6_B	0.3191489361702128
4hl7_B	0.1276595744680851
4hl9_A	0.42105263157894735
4hln_A	0.48214285714285715
4hlq_C	0.06405693950177936
4hlu_C	0.4538152610441767
4hn3_B	0.18562874251497005
4hn9_B	0.4458204334365325
4hnn_F	0.46875
4hnr_A	0.6333333333333333
4hp5_A	0.2823529411764706
4hpn_A	0.5211640211640212
4hpp_A	0.1572769953051643
4hqo_B	0.5192307692307693
4hqz_B	0.4827586206896552
4hrr_B	0.15894039735099338
4hs4_A	0.5054347826086957
4hs7_A	0.40425531914893614
4hsp_A	0.30201342281879195
4hss_A	0.46958637469586373
4ht1_T	0.6259541984732825
4ht4_A	0.23195876288659795
4htg_A	0.3708609271523179
4htl_A	0.37800687285223367
4hu8_B	0.497787610619469
4huj_B	0.4878048780487805
4hut_A	0.49214659685863876
4huz_A	0.2302839116719243
4hvf_D	0.09333333333333334
4hvm_D	0.2100238663484487
4hvt_A	0.3156862745098039
4hvz_A	0.4719626168224299
4hw6_A	0.4716981132075472
4hwn_A	0.6941176470588235
4hwu_A	0.6296296296296297
4hwv_A	0.4959839357429719
4hwx_A	0.07017543859649122
4hx0_A	0.36645962732919257
4hx3_A	0.34328358208955223
4hx6_A	0.3389830508474576
4hxg_F	0.4235294117647059
4hxv_A	0.1861198738170347
4hy3_A	0.49691358024691357
4hyg_B	0.06072874493927125
4hyj_A	0.15677966101694915
4hyl_B	0.6173913043478261
4hyq_A	0.559322033898305
4hz2_B	0.34951456310679613
4hz9_A	0.3813559322033898
4hzi_A	0.4624505928853755
4hzs_A	0.3573667711598746
4hzu_S	0.2621951219512195
4i04_B	0.2161290322580645
4i0w_A	0.40217391304347827
4i14_A	0.07692307692307693
4i1d_A	0.4440993788819876
4i1k_A	0.1271186440677966
4i1t_A	0.2485207100591716
4i1y_B	0.3977272727272727
4i27_A	0.18282548476454294
4i2w_A	0.44901960784313727
4i2x_E	0.5573248407643312
4i3f_A	0.6254416961130742
4i3x_A	0.23949579831932774
4i42_A	0.3824561403508772
4i43_A	0.08982035928143713
4i4c_A	0.5024875621890548
4i4o_A	0.1232876712328767
4i4t_F	0.1792717086834734
4i58_D	0.28159645232815966
4i61_A	0.33771929824561403
4i68_A	0.3888888888888889
4i6j_B	0.6548223350253807
4i6v_B	0.26046511627906976
4i6x_A	0.23076923076923078
4i72_A	0.47560975609756095
4i7u_B	0.5394736842105263
4i9f_B	0.4289855072463768
4i9x_B	0.30851063829787234
4ia0_A	0.21575342465753425
4iao_B	0.2703962703962704
4iau_A	0.13043478260869565
4ibn_A	0.43601895734597157
4ibo_D	0.609375
4ibp_A	0.33658536585365856
4ic4_A	0.04838709677419355
4ic6_A	0.3264705882352941
4ics_A	0.22760290556900725
4idf_A	0.4236760124610592
4idg_A	0.5670731707317073
4idi_A	0.3025210084033613
4ie6_A	0.1610738255033557
4ied_C	0.27530364372469635
4iee_A	0.4247787610619469
4ief_C	0.041025641025641026
4ieg_C	0.03137254901960784
4iel_B	0.35436893203883496
4ifa_A	0.19798657718120805
4ifd_H	0.1694915254237288
4ifu_A	0.15151515151515152
4igb_B	0.2160919540229885
4igg_B	0.2372549019607843
4igi_A	0.6649746192893401
4ihq_A	0.25098039215686274
4ihu_B	0.40865384615384615
4iiu_A	0.6584362139917695
4iiw_B	0.13355048859934854
4iix_A	0.5355029585798816
4ij5_A	0.44075829383886256
4ija_A	0.4297520661157025
4ijd_A	0.14883720930232558
4iju_B	0.6205673758865248
4ikc_A	0.23357664233576642
4ikn_A	0.1285140562248996
4il1_A	0.30196078431372547
4il3_B	0.2273781902552204
4ile_A	0.5056818181818182
4ilk_B	0.49258160237388726
4ilm_J	0.10954063604240283
4ilv_B	0.37579617834394907
4imh_A	0.037463976945244955
4imm_A	0.5558912386706949
4imp_A	0.5509803921568628
4in0_A	0.5319148936170213
4in3_D	0.17647058823529413
4ind_L	0.41114058355437666
4ine_A	0.5336426914153132
4ink_A	0.4039408866995074
4io0_A	0.5763888888888888
4io7_B	0.540650406504065
4iod_A	0.1292517006802721
4iop_B	0.14049586776859505
4ip8_D	0.02857142857142857
4ipa_C	0.14893617021276595
4ipu_A	0.12408759124087591
4iqd_A	0.5448275862068965
4iqf_C	0.4158730158730159
4iqj_D	0.27450980392156865
4iqm_A	0.2747603833865815
4iqn_A	0.05855855855855856
4irn_A	0.26455026455026454
4irq_C	0.46184738955823296
4irx_A	0.668918918918919
4irz_A	0.4411764705882353
4isc_A	0.5576923076923077
4isy_C	0.4595300261096606
4it4_B	0.2857142857142857
4it7_A	0.22429906542056074
4itr_A	0.1806020066889632
4itu_A	0.6679841897233202
4iu2_A	0.45454545454545453
4iu2_B	0.10084033613445378
4iub_L	0.027450980392156862
4iuh_A	0.45454545454545453
4iuw_A	0.03529411764705882
4iuy_C	0.6771653543307087
4iv6_B	0.2950391644908616
4iv9_A	0.22941176470588234
4ivf_F	0.31718061674008813
4ivk_A	0.297029702970297
4ivn_A	0.4734848484848485
4iw3_A	0.43781094527363185
4iw7_A	0.43283582089552236
4iwy_A	0.37755102040816324
4ixj_B	0.12280701754385964
4ixo_B	0.35359116022099446
4ixp_A	0.31736526946107785
4iyb_A	0.19285714285714287
4iyj_A	0.6066350710900474
4iym_C	0.26883910386965376
4izc_B	0.40225563909774437
4izj_A	0.09359605911330049
4izt_A	0.5779467680608364
4j07_A	0.5789473684210527
4j0m_A	0.788235294117647
4j15_A	0.1902552204176334
4j18_A	0.13402061855670103
4j1q_A	0.45083932853717024
4j1x_C	0.5282051282051282
4j1y_A	0.23015873015873015
4j2f_A	0.3348623853211009
4j2g_A	0.09405940594059406
4j2h_A	0.7142857142857143
4j34_B	0.3076923076923077
4j3o_G	0.3125
4j4r_A	0.06048387096774194
4j56_E	0.5333333333333333
4j5t_A	0.050980392156862744
4j6f_A	0.4861878453038674
4j6o_A	0.4789272030651341
4j7g_A	0.03794642857142857
4j7l_A	0.0782122905027933
4j8l_A	0.39058171745152354
4j8p_A	0.5769230769230769
4j8q_A	0.11855670103092783
4j8r_B	0.5863636363636363
4j9j_A	0.3876651982378855
4jar_B	0.4475920679886686
4jav_A	0.5040650406504065
4jay_A	0.15384615384615385
4jb0_A	0.6212534059945504
4jb3_A	0.48623853211009177
4jbb_A	0.32211538461538464
4jbe_B	0.32524271844660196
4jbi_P	0.45645645645645644
4jbl_A	0.4336283185840708
4jbu_A	0.13405797101449277
4jc0_A	0.49528301886792453
4jcc_A	0.4471830985915493
4jcs_A	0.33962264150943394
4jcu_A	0.373134328358209
4jd0_A	0.4897959183673469
4jde_A	0.1736111111111111
4je5_B	0.3460764587525151
4je6_A	0.12953367875647667
4jej_A	0.5020746887966805
4jer_A	0.0718232044198895
4jev_B	0.4079601990049751
4jf7_A	0.09780439121756487
4jfc_A	0.40077821011673154
4jg2_A	0.11891891891891893
4jg5_A	0.31547619047619047
4jg9_A	0.5251798561151079
4jgb_A	0.6941747572815534
4jgi_B	0.5533980582524272
4jgl_A	0.06578947368421052
4jgu_A	0.7157894736842105
4jgx_B	0.2265625
4jhc_A	0.2604166666666667
4jhm_A	0.43733333333333335
4jhy_A	0.2564102564102564
4jie_A	0.41115702479338845
4jin_A	0.3188976377952756
4jiv_D	0.10752688172043011
4jj9_A	0.4144736842105263
4jja_A	0.3342776203966006
4jjo_A	0.3564356435643564
4jkv_B	0.19555555555555557
4jm1_A	0.39285714285714285
4jm3_B	0.12406015037593984
4jmh_A	0.425
4jmr_B	0.12138728323699421
4jn3_B	0.25727069351230425
4jn7_A	0.4481012658227848
4jn9_A	0.41471571906354515
4jnb_A	0.38125
4jnd_A	0.33088235294117646
4jnq_A	0.45714285714285713
4jo3_H	0.4933920704845815
4jo5_A	0.34705882352941175
4jo8_A	0.06751054852320675
4jod_A	0.24338624338624337
4joq_A	0.6531986531986532
4jot_A	0.36470588235294116
4jou_A	0.4258064516129032
4jox_A	0.2542372881355932
4jp0_A	0.1111111111111111
4jpc_A	0.1865671641791045
4jpj_A	0.10588235294117647
4jqr_A	0.32882882882882886
4jqs_A	0.5183673469387755
4jqt_A	0.3990719257540603
4jrf_A	0.12317327766179541
4jrn_A	0.25787965616045844
4jrr_A	0.4095744680851064
4jrw_A	0.7471264367816092
4js1_A	0.25157232704402516
4js4_A	0.23504273504273504
4jsb_A	0.36923076923076925
4jso_A	0.3392156862745098
4jst_B	0.5263157894736842
4jvy_A	0.2513089005235602
4jw1_A	0.1450980392156863
4jwg_A	0.11229946524064172
4jwj_A	0.15544041450777202
4jwo_A	0.44366197183098594
4jwv_A	0.35826771653543305
4jx0_A	0.5
4jx2_A	0.06467661691542288
4jxf_A	0.37446808510638296
4jxj_A	0.47560975609756095
4jxq_B	0.4972972972972973
4jxu_A	0.23674911660777384
4jyj_A	0.4111111111111111
4jyl_A	0.3895582329317269
4jys_A	0.44696969696969696
4jz5_A	0.558252427184466
4jz7_C	0.3037974683544304
4jzt_D	0.3227848101265823
4k00_A	0.4233576642335766
4k02_A	0.4645669291338583
4k05_A	0.3203125
4k0e_A	0.20588235294117646
4k0v_A	0.49411764705882355
4k1c_A	0.040106951871657755
4k1p_B	0.06358381502890173
4k24_U	0.10622710622710622
4k28_A	0.5263157894736842
4k29_A	0.4052044609665427
4k2h_D	0.6075268817204301
4k2j_J	0.2536231884057971
4k2m_A	0.40497737556561086
4k2n_A	0.3970037453183521
4k2p_A	0.19327731092436976
4k2x_B	0.3469387755102041
4k30_A	0.29411764705882354
4k34_B	0.20512820512820512
4k36_A	0.4540682414698163
4k3b_A	0.30392156862745096
4k3f_A	0.4791666666666667
4k3w_A	0.39245283018867927
4k3z_A	0.5387096774193548
4k4k_B	0.20233463035019456
4k5r_B	0.3665987780040733
4k6b_B	0.3782051282051282
4k6m_A	0.3156862745098039
4k6n_A	0.10795454545454546
4k7c_A	0.1367713004484305
4k7g_D	0.06534090909090909
4k90_B	0.1642512077294686
4k9d_H	0.29846153846153844
4k9q_A	0.49019607843137253
4ka0_A	0.5034965034965035
4ka8_A	0.12156862745098039
4kbz_A	0.37662337662337664
4kc3_B	0.5287769784172662
4kc8_A	0.36302895322939865
4kcd_B	0.46048109965635736
4kd5_A	0.5720524017467249
4kd6_A	0.4
4kdc_A	0.6175115207373272
4kdi_D	0.22666666666666666
4kdx_A	0.36231884057971014
4kdy_A	0.35585585585585583
4ke4_A	0.1945080091533181
4kf7_A	0.08823529411764706
4kf9_A	0.29874213836477986
4kfr_B	0.5192307692307693
4kh0_C	0.4806451612903226
4kh6_B	0.13725490196078433
4kh7_B	0.3490566037735849
4kh8_A	0.07395498392282958
4kh9_A	0.4903047091412742
4kha_A	0.09722222222222222
4kie_A	0.42528735632183906
4kjg_A	0.257201646090535
4kjr_A	0.08
4kk0_A	0.3052109181141439
4kkd_B	0.2123456790123457
4kki_A	0.3241206030150754
4kks_A	0.4290909090909091
4kky_X	0.1630170316301703
4klk_A	0.19879518072289157
4km3_A	0.1993006993006993
4kma_A	0.1409090909090909
4kmh_B	0.07455012853470437
4kmr_A	0.6323529411764706
4kn4_A	0.1238390092879257
4kn9_L	0.04294478527607362
4knb_D	0.3805668016194332
4knd_A	0.5523809523809524
4kng_E	0.4563758389261745
4knk_B	0.2644230769230769
4knp_A	0.3944223107569721
4knu_A	0.5649122807017544
4kp1_A	0.23877068557919623
4kpp_A	0.0810126582278481
4kq9_A	0.6912751677852349
4kqe_A	0.049019607843137254
4kqt_A	0.28994082840236685
4kqx_B	0.32238805970149254
4krd_B	0.07368421052631578
4krf_A	0.12745098039215685
4krg_A	0.555793991416309
4krr_A	0.17010309278350516
4krt_A	0.4207492795389049
4krw_A	0.1791044776119403
4krx_A	0.569620253164557
4ks9_B	0.22025316455696203
4ksa_A	0.21052631578947367
4kss_A	0.22941176470588234
4kt6_A	0.07874015748031496
4kt7_A	0.5462555066079295
4ktb_A	0.3375
4ktw_A	0.48125
4ku4_A	0.5722543352601156
4kv2_A	0.34444444444444444
4kvf_A	0.6114649681528662
4kvo_F	0.5620915032679739
4kw1_C	0.12420382165605096
4kw3_A	0.14661654135338345
4kwb_A	0.4430379746835443
4kwh_B	0.6848249027237354
4kwv_F	0.27147766323024053
4kwy_A	0.48175182481751827
4kxd_A	0.2372549019607843
4kys_A	0.33879781420765026
4kyw_A	0.24015748031496062
4kyx_A	0.4748201438848921
4kzk_A	0.5980066445182725
4kzp_C	0.6
4l07_A	0.5817307692307693
4l0c_A	0.6823529411764706
4l0e_A	0.11363636363636363
4l0m_A	0.43037974683544306
4l0z_A	0.30612244897959184
4l1n_A	0.37888198757763975
4l22_A	0.06274509803921569
4l35_A	0.19672131147540983
4l3a_A	0.3752665245202559
4l3r_B	0.1736111111111111
4l4l_B	0.12050739957716702
4l4u_A	0.4742268041237113
4l4x_A	0.5347912524850894
4l5j_A	0.38311688311688313
4l5t_B	0.3675675675675676
4l63_A	0.1606425702811245
4l68_B	0.3384615384615385
4l69_A	0.38524590163934425
4l6u_A	0.17725752508361203
4l7a_A	0.21839080459770116
4l7m_A	0.5210727969348659
4l7t_A	0.24693877551020407
4l80_B	0.4438040345821326
4l83_A	0.09090909090909091
4l87_A	0.06722689075630252
4l8j_A	0.35276073619631904
4l8k_A	0.38095238095238093
4l8n_A	0.14732142857142858
4l8p_A	0.42857142857142855
4l92_B	0.340153452685422
4l9a_A	0.5164835164835165
4l9m_A	0.1411764705882353
4l9p_B	0.25442477876106195
4l9x_B	0.4366812227074236
4la6_A	0.14461538461538462
4lba_B	0.6238532110091743
4lbp_A	0.5510204081632653
4lc3_A	0.3968253968253968
4lcv_B	0.48091603053435117
4ld6_A	0.26495726495726496
4ld7_A	0.0982367758186398
4lda_B	0.59375
4ldg_A	0.2037037037037037
4ldn_A	0.4139344262295082
4ldq_B	0.3707865168539326
4lds_A	0.31353919239904987
4le5_A	0.1134020618556701
4lea_A	0.07086614173228346
4lee_A	0.06389776357827476
4lef_A	0.5120274914089347
4lej_A	0.5295774647887324
4ler_A	0.21663019693654267
4lfg_A	0.19310344827586207
4lfk_C	0.5633802816901409
4lfk_D	0.5581395348837209
4lg1_A	0.5898617511520737
4lg3_C	0.1712707182320442
4lgc_A	0.4758269720101781
4lgd_A	0.3171428571428571
4lgq_A	0.47761194029850745
4lgt_A	0.2589641434262948
4lgv_A	0.4026258205689278
4lhs_A	0.5608308605341247
4liq_E	0.6204690831556503
4lj2_B	0.08950617283950617
4lji_A	0.3233082706766917
4ljs_A	0.4272151898734177
4lk4_A	0.4171779141104294
4lkb_B	0.38524590163934425
4lks_A	0.554140127388535
4ll4_C	0.41637010676156583
4ll8_A	0.08177570093457943
4llf_D	0.27102803738317754
4lls_A	0.17666666666666667
4lm1_A	0.17771084337349397
4lmh_D	0.24509803921568626
4lmv_A	0.3134920634920635
4ln5_A	0.3576158940397351
4lns_A	0.11842105263157894
4lo5_B	0.501187648456057
4lo7_B	0.1048951048951049
4lob_A	0.1165644171779141
4lot_A	0.3048780487804878
4lp2_B	0.6234309623430963
4lpl_A	0.5563380281690141
4lpq_A	0.23039215686274508
4lps_A	0.4744186046511628
4lq0_A	0.18120805369127516
4lq8_B	0.09966777408637874
4lqb_A	0.3076923076923077
4lqx_B	0.16828478964401294
4lqz_A	0.2366412213740458
4lr4_C	0.3092485549132948
4lrh_D	0.047619047619047616
4lrl_C	0.13186813186813187
4lrv_A	0.08411214953271028
4lrx_A	0.3848314606741573
4lrx_C	0.42033898305084744
4lrz_A	0.22748815165876776
4ls3_A	0.4370860927152318
4lsb_B	0.5143884892086331
4lsd_A	0.6938775510204082
4lsw_A	0.4811320754716981
4ltd_A	0.46524064171123
4lu5_A	0.16091954022988506
4lua_A	0.5641025641025641
4lub_B	0.4
4lum_A	0.3894736842105263
4luq_A	0.21271393643031786
4luy_A	0.39425587467362927
4lv8_A	0.3138888888888889
4lvq_B	0.40752351097178685
4lw8_A	0.6600660066006601
4lwm_A	0.3121951219512195
4lwo_G	0.2807017543859649
4lx0_B	0.10732984293193717
4lxr_A	0.7215686274509804
4ly0_B	0.3905109489051095
4lya_A	0.36470588235294116
4lzh_A	0.26258992805755393
4lzi_A	0.06498194945848375
4lzk_C	0.15517241379310345
4lzp_C	0.50920245398773
4m00_A	0.5089820359281437
4m05_B	0.3875
4m0d_D	0.4280936454849498
4m0h_A	0.37037037037037035
4m0m_A	0.30196078431372547
4m1a_A	0.2962962962962963
4m1b_A	0.535
4m1h_B	0.17559523809523808
4m1v_A	0.031746031746031744
4m2k_A	0.4109947643979058
4m4w_O	0.324
4m57_A	0.5078431372549019
4m58_A	0.16299559471365638
4m6r_A	0.13392857142857142
4m6t_A	0.07909604519774012
4m6y_B	0.4778761061946903
4m7o_A	0.5348837209302325
4m7p_A	0.5012658227848101
4m7u_A	0.3352941176470588
4m7x_A	0.36996336996337
4m85_A	0.3783783783783784
4m88_A	0.5746478873239437
4m8b_R	0.0718232044198895
4m8k_A	0.5586854460093896
4m8r_A	0.30295566502463056
4m90_A	0.5454545454545454
4m9p_A	0.6193771626297578
4m9r_A	0.5234375
4maa_A	0.5308310991957105
4maf_B	0.25495049504950495
4mb3_A	0.47843137254901963
4mbo_A	0.11363636363636363
4mbr_A	0.33544303797468356
4mbu_A	0.593939393939394
4mc7_A	0.13774104683195593
4mc8_A	0.07432432432432433
4mch_A	0.46502057613168724
4mcj_G	0.43506493506493504
4mck_A	0.24378109452736318
4mco_C	0.39308176100628933
4mcu_E	0.45263157894736844
4mdc_B	0.34334763948497854
4mdw_A	0.061224489795918366
4me3_A	0.21544715447154472
4me4_B	0.39118457300275483
4me8_A	0.1623931623931624
4mea_A	0.595679012345679
4mee_A	0.40264026402640263
4mf4_A	0.43023255813953487
4mfj_A	0.11890243902439024
4mg4_C	0.5533596837944664
4mge_A	0.6111111111111112
4mgg_A	0.45528455284552843
4mgq_A	0.610062893081761
4mgr_C	0.36210526315789476
4mgu_A	0.018469656992084433
4mj7_A	0.37579617834394907
4mjf_A	0.044444444444444446
4mjg_A	0.05084745762711865
4mjk_A	0.11297071129707113
4mjz_A	0.3458904109589041
4mkh_A	0.3944954128440367
4mkm_A	0.2705479452054795
4ml1_B	0.3872549019607843
4ml9_A	0.45652173913043476
4mlb_B	0.30176211453744495
4mlc_A	0.5238095238095238
4mll_B	0.2868525896414343
4mlm_A	0.1276595744680851
4mlz_A	0.5117056856187291
4mmh_A	0.22156862745098038
4mmo_A	0.3707093821510298
4mn8_A	0.807843137254902
4mnd_A	0.375
4mng_E	0.5570175438596491
4mnm_A	0.49709302325581395
4mnn_A	0.42424242424242425
4mnr_A	0.2158273381294964
4mo9_A	0.4355300859598854
4moa_A	0.08627450980392157
4mob_A	0.3949843260188088
4mou_A	0.39846743295019155
4mp6_A	0.36227544910179643
4mpg_B	0.2896825396825397
4mpo_B	0.47297297297297297
4mpq_A	0.5308641975308642
4mqb_A	0.45320197044334976
4mqd_A	0.12030075187969924
4msj_A	0.32105263157894737
4msp_A	0.3544973544973545
4msx_A	0.1189873417721519
4mt0_A	0.4337078651685393
4mt5_A	0.266304347826087
4mtl_B	0.4474885844748858
4mtn_A	0.23192019950124687
4mts_A	0.34108527131782945
4mu9_A	0.3861111111111111
4mud_D	0.242152466367713
4muu_A	0.28651685393258425
4muz_A	0.5518867924528302
4mv2_A	0.5785123966942148
4mvd_B	0.39920948616600793
4mvf_A	0.29901960784313725
4mwh_A	0.2857142857142857
4mwz_B	0.5811320754716981
4mx8_A	0.40728476821192056
4mxw_D	0.6074074074074074
4my0_C	0.43112244897959184
4my5_A	0.4128205128205128
4myb_A	0.5069124423963134
4mza_B	0.2814645308924485
4mzu_F	0.4523809523809524
4mzv_A	0.1440329218106996
4mzy_A	0.19547325102880658
4n01_A	0.4594594594594595
4n03_A	0.596401028277635
4n04_A	0.3963963963963964
4n06_B	0.16714697406340057
4n09_B	0.463768115942029
4n0i_A	0.22666666666666666
4n0i_B	0.05964912280701754
4n0l_A	0.11044776119402985
4n0n_A	0.1546134663341646
4n0p_A	0.5970149253731343
4n0q_B	0.6144927536231884
4n0r_A	0.44901960784313727
4n13_A	0.4782608695652174
4n1d_A	0.14285714285714285
4n1i_A	0.28525641025641024
4n1y_B	0.06167400881057269
4n2p_A	0.20279720279720279
4n30_A	0.5054945054945055
4n40_A	0.4412811387900356
4n4r_B	0.4304635761589404
4n4u_A	0.4407894736842105
4n4z_A	0.1650485436893204
4n58_A	0.19924812030075187
4n5a_A	0.3156862745098039
4n5c_D	0.23333333333333334
4n5h_X	0.5365079365079365
4n6c_A	0.24725274725274726
4n6e_A	0.5163934426229508
4n6k_A	0.3954983922829582
4n6m_A	0.08547008547008547
4n6r_B	0.16161616161616163
4n72_C	0.1862348178137652
4n77_A	0.14358974358974358
4n7b_A	0.3238993710691824
4n7c_A	0.10344827586206896
4n7t_A	0.2736318407960199
4n82_B	0.43790849673202614
4n8g_A	0.3723076923076923
4n8j_A	0.32662192393736017
4n8x_1	0.2222222222222222
4n9x_A	0.31266846361185985
4na9_H	0.2795275590551181
4nao_A	0.35815602836879434
4nar_A	0.2857142857142857
4nat_A	0.5555555555555556
4nat_B	0.5769230769230769
4nbi_A	0.13496932515337423
4nbr_A	0.6567164179104478
4nbw_A	0.6956521739130435
4nc6_A	0.054982817869415807
4nc9_A	0.5555555555555556
4nd3_A	0.4069400630914827
4nds_B	0.19148936170212766
4nec_B	0.5737704918032787
4neh_A	0.43529411764705883
4ney_B	0.23699421965317918
4nfu_A	0.22745098039215686
4nfu_B	0.24313725490196078
4ng3_D	0.42388059701492536
4nh0_A	0.2823529411764706
4nh4_A	0.45170454545454547
4nhb_B	0.40514469453376206
4nhe_B	0.4785276073619632
4nhy_B	0.3383947939262473
4nhz_H	0.2967479674796748
4ni3_B	0.3862745098039216
4ni5_B	0.6504424778761062
4ni7_A	0.059602649006622516
4nif_A	0.3226837060702875
4nim_A	0.6791666666666667
4nj5_A	0.12240663900414937
4nji_A	0.3588516746411483
4nk4_A	0.6589147286821705
4nk6_A	0.6108490566037735
4nkp_C	0.4413793103448276
4nkq_A	0.4587378640776699
4nl0_B	0.08582089552238806
4nl5_A	0.43564356435643564
4nla_A	0.27049180327868855
4nlb_A	0.27298050139275765
4nle_A	0.0603448275862069
4nlh_A	0.46956521739130436
4nml_A	0.424
4nmn_A	0.3458823529411765
4nn3_A	0.3858520900321543
4nn5_A	0.05504587155963303
4nn5_C	0.5191256830601093
4nnq_B	0.4043478260869565
4noh_A	0.11976047904191617
4noi_A	0.09691629955947137
4nov_A	0.4444444444444444
4npc_B	0.6403162055335968
4npo_B	0.42857142857142855
4nq0_A	0.3937007874015748
4nq1_A	0.5517241379310345
4nqg_A	0.1116751269035533
4nrs_A	0.4230769230769231
4ns4_A	0.6383763837638377
4nsy_B	0.20754716981132076
4nt5_A	0.10752688172043011
4ntc_A	0.4523076923076923
4ntd_A	0.39622641509433965
4ntk_A	0.39669421487603307
4ntl_A	0.43388429752066116
4ntw_C	0.00847457627118644
4nux_A	0.3487179487179487
4nv0_B	0.35333333333333333
4nv2_A	0.30303030303030304
4nvr_A	0.5960264900662252
4nwr_j	0.14912280701754385
4nx0_D	0.4298850574712644
4nx1_A	0.39935064935064934
4nx2_A	0.2523961661341853
4nx8_A	0.11877394636015326
4nx9_A	0.18772563176895307
4nxy_A	0.5397727272727273
4nyn_A	0.5714285714285714
4nyp_A	0.5882352941176471
4nyu_A	0.3054187192118227
4o00_B	0.6538461538461539
4o06_A	0.30392156862745096
4o0q_A	0.5164835164835165
4o1s_A	0.08235294117647059
4o29_A	0.4975845410628019
4o2i_A	0.1346153846153846
4o2z_A	0.27548209366391185
4o4a_B	0.19047619047619047
4o4b_B	0.152
4o4s_A	0.06532663316582915
4o56_A	0.045081967213114756
4o5a_A	0.6715867158671587
4o5f_A	0.3992248062015504
4o5h_A	0.26666666666666666
4o5o_B	0.6206896551724138
4o5v_A	0.3192488262910798
4o65_A	0.5228758169934641
4o6k_A	0.125
4o6r_A	0.25153374233128833
4o6v_C	0.6340425531914894
4o7j_B	0.13924050632911392
4o7k_A	0.015789473684210527
4o7p_B	0.22172949002217296
4o87_B	0.034482758620689655
4o89_A	0.21700879765395895
4o8m_A	0.39933993399339934
4o8s_A	0.1724137931034483
4o8v_A	0.43884892086330934
4o92_A	0.32142857142857145
4o94_A	0.4045307443365696
4o98_B	0.50814332247557
4o9c_A	0.3638676844783715
4o9d_B	0.42346938775510207
4o9g_A	0.5797101449275363
4o9k_A	0.3384615384615385
4o9u_B	0.3159090909090909
4oak_A	0.22105263157894736
4oan_A	0.391025641025641
4obm_A	0.15503875968992248
4obq_A	0.39636363636363636
4obv_A	0.4140127388535032
4obw_C	0.5617021276595745
4ocz_A	0.45294117647058824
4od4_A	0.19636363636363635
4od6_A	0.5
4odd_B	0.039473684210526314
4odv_H	0.5900900900900901
4oet_A	0.3360323886639676
4of3_B	0.6008583690987125
4of8_A	0.7156398104265402
4ofc_A	0.43582089552238806
4ofd_B	0.6040609137055838
4ofo_A	0.30985915492957744
4ofq_A	0.23738872403560832
4ofz_A	0.28708133971291866
4og1_A	0.4280155642023346
4oh1_A	0.46438746438746437
4oh3_B	0.2725490196078431
4oh4_A	0.30033003300330036
4ohc_D	0.4622222222222222
4ohf_B	0.2314410480349345
4ohw_A	0.16791979949874686
4oi6_A	0.5802469135802469
4oj8_B	0.25461254612546125
4ojm_X	0.1256544502617801
4ojo_C	0.3215686274509804
4ojv_A	0.39944903581267216
4okd_A	0.3392156862745098
4oko_A	0.38275862068965516
4oku_B	0.5435684647302904
4okz_D	0.0838150289017341
4ol4_A	0.327683615819209
4ol8_B	0.21017699115044247
4ol9_A	0.4006734006734007
4ole_A	0.6229508196721312
4olk_B	0.2787878787878788
4om8_A	0.42071197411003236
4omf_A	0.04935064935064935
4omu_B	0.5425531914893617
4omw_A	0.16666666666666666
4on1_A	0.2634730538922156
4ony_A	0.26862745098039215
4oo0_A	0.1875
4oo3_A	0.31662870159453305
4oob_A	0.363265306122449
4oon_A	0.18127490039840638
4oop_B	0.2535211267605634
4opd_A	0.3473451327433628
4ope_A	0.307843137254902
4opf_A	0.36239782016348776
4oph_A	0.10396039603960396
4opw_A	0.33195020746887965
4oq1_A	0.56797583081571
4oqd_C	0.5892116182572614
4oqp_A	0.4330708661417323
4oqt_A	0.7473684210526316
4oqz_A	0.4558303886925795
4ord_A	0.4855072463768116
4osx_A	0.11333333333333333
4ot7_A	0.5584415584415584
4ot9_A	0.6174496644295302
4otv_A	0.0967741935483871
4oul_A	0.553030303030303
4ov1_A	0.48484848484848486
4ov9_A	0.49473684210526314
4ovd_A	0.26303317535545023
4ovj_A	0.4116161616161616
4ovk_A	0.3799392097264438
4ovs_B	0.4258064516129032
4ovx_A	0.6333333333333333
4ovy_A	0.3344262295081967
4owl_D	0.1678832116788321
4owt_A	0.22532188841201717
4ox3_A	0.2383177570093458
4ox9_Y	0.547945205479452
4oxd_A	0.2702702702702703
4oxi_A	0.4411764705882353
4oxx_A	0.6209150326797386
4oy2_A	0.031914893617021274
4oy4_A	0.13432835820895522
4oy7_G	0.45918367346938777
4oyu_B	0.5195530726256983
4ozw_A	0.32934131736526945
4p07_A	0.32745098039215687
4p0d_A	0.31210191082802546
4p0g_A	0.46153846153846156
4p0q_A	0.25263157894736843
4p0u_B	0.24210526315789474
4p17_B	0.03103448275862069
4p1u_A	0.11392405063291139
4p1z_A	0.3543307086614173
4p27_A	0.16774193548387098
4p2b_A	0.09072978303747535
4p2v_A	0.4875444839857651
4p37_A	0.08634538152610442
4p3l_A	0.3564356435643564
4p3x_A	0.21311475409836064
4p3y_B	0.3867403314917127
4p3z_A	0.2328767123287671
4p47_A	0.4
4p56_B	0.3785488958990536
4p5b_B	0.05106382978723404
4p5f_A	0.4084507042253521
4p5i_A	0.11666666666666667
4p5p_A	0.5466666666666666
4p6q_A	0.44405594405594406
4p7a_A	0.24092409240924093
4p7x_A	0.2972027972027972
4p85_A	0.2641025641025641
4p8b_A	0.39171974522292996
4p8i_A	0.09090909090909091
4p8l_A	0.2363238512035011
4p98_A	0.56
4p9c_A	0.4411764705882353
4p9f_A	0.3915094339622642
4pab_B	0.29411764705882354
4paw_A	0.467005076142132
4pba_C	0.23248407643312102
4pbg_A	0.41025641025641024
4pbh_A	0.4090909090909091
4pbp_B	0.35714285714285715
4pbq_A	0.40789473684210525
4pbw_A	0.5741444866920152
4pc4_C	0.21666666666666667
4pca_A	0.5882352941176471
4pcd_A	0.43
4pcg_B	0.06691449814126393
4pck_A	0.25471698113207547
4pdy_A	0.29518072289156627
4pe6_B	0.595679012345679
4ped_A	0.19638242894056848
4per_B	0.08256880733944955
4peu_A	0.552
4pf6_A	0.31475409836065577
4pfb_A	0.3961038961038961
4pfr_A	0.40522875816993464
4pfu_B	0.33725490196078434
4pg7_A	0.35074626865671643
4pgl_A	0.5771812080536913
4ph6_A	0.5791666666666667
4ph7_D	0.056511056511056514
4ph8_A	0.52
4phz_B	0.012295081967213115
4pi2_A	0.31794871794871793
4pia_A	0.21777777777777776
4pic_A	0.44155844155844154
4piq_A	0.20588235294117646
4pit_B	0.08333333333333333
4pj1_Z	0.3425925925925926
4pk1_A	0.5080971659919028
4pkd_B	0.45416666666666666
4pkf_B	0.15942028985507245
4pkx_A	0.03829787234042553
4pl9_A	0.6533333333333333
4plp_A	0.3031578947368421
4pm0_A	0.18553459119496854
4pmh_A	0.5109289617486339
4pmo_A	0.41232227488151657
4pmv_A	0.5266106442577031
4pmx_A	0.46405228758169936
4pn6_B	0.07738095238095238
4pne_B	0.6286764705882353
4png_B	0.3452914798206278
4ppm_A	0.32112068965517243
4pqi_A	0.31092436974789917
4pqx_A	0.3681592039800995
4pr3_A	0.2682926829268293
4psd_A	0.5112107623318386
4psu_A	0.6223776223776224
4psw_B	0.5273224043715847
4pt2_A	0.10469314079422383
4ptn_A	0.5838926174496645
4pu5_A	0.1643835616438356
4pug_A	0.3617021276595745
4pv6_A	0.5
4pva_A	0.27439024390243905
4pve_A	0.19795918367346937
4pw0_A	0.6181818181818182
4pw1_B	0.06976744186046512
4pw3_A	0.410958904109589
4pwp_A	0.448
4pwu_C	0.6153846153846154
4pwy_A	0.624
4pxa_A	0.3574660633484163
4pxc_A	0.3215130023640662
4pxd_A	0.3333333333333333
4pxg_A	0.09012875536480687
4py5_A	0.250936329588015
4pyg_A	0.29215686274509806
4pyr_A	0.5618729096989966
4pys_A	0.34959349593495936
4pyt_A	0.2251655629139073
4pz0_A	0.6386292834890965
4pzk_A	0.4339622641509434
4pzv_A	0.4406779661016949
4q04_B	0.11682242990654206
4q05_A	0.5382262996941896
4q0c_A	0.4745098039215686
4q0z_A	0.27639751552795033
4q1h_A	0.3794466403162055
4q1t_B	0.29178470254957506
4q1v_A	0.32941176470588235
4q1z_A	0.3264781491002571
4q20_A	0.5454545454545454
4q24_A	0.2767857142857143
4q25_A	0.3127962085308057
4q2d_A	0.30196078431372547
4q2g_B	0.18587360594795538
4q2j_A	0.17751479289940827
4q2s_A	0.21323529411764705
4q34_A	0.4953271028037383
4q3g_A	0.6073059360730594
4q3k_B	0.5785123966942148
4q3l_H	0.6321428571428571
4q3m_D	0.4981684981684982
4q3n_A	0.40445859872611467
4q3v_C	0.3746312684365782
4q4f_A	0.06598984771573604
4q4h_A	0.2980392156862745
4q4k_A	0.38746438746438744
4q4n_A	0.22596153846153846
4q51_B	0.022641509433962263
4q52_A	0.26857142857142857
4q56_A	0.0891089108910891
4q5f_D	0.32038834951456313
4q5h_C	0.07741935483870968
4q5i_B	0.3754646840148699
4q5n_A	0.32727272727272727
4q5o_A	0.375886524822695
4q5q_A	0.3532110091743119
4q5r_C	0.27722772277227725
4q5w_B	0.14754098360655737
4q62_A	0.6930946291560103
4q6j_B	0.4979757085020243
4q6u_B	0.06172839506172839
4q6w_A	0.5797872340425532
4q75_A	0.45278450363196127
4q7f_A	0.37254901960784315
4q7g_A	0.11
4q7x_A	0.33617021276595743
4q86_B	0.12745098039215685
4q95_A	0.0425531914893617
4q97_A	0.6018518518518519
4q98_A	0.11204481792717087
4q9b_A	0.5148514851485149
4qa8_A	0.20952380952380953
4qam_A	0.4697802197802198
4qam_B	0.18888888888888888
4qan_A	0.13766233766233765
4qas_A	0.350253807106599
4qaw_A	0.5450980392156862
4qb5_D	0.392
4qb7_A	0.15615615615615616
4qba_A	0.5784313725490197
4qbl_E	0.38095238095238093
4qbu_A	0.22247706422018348
4qc6_A	0.553072625698324
4qdc_A	0.15447154471544716
4qdg_B	0.2251655629139073
4qdk_A	0.6210045662100456
4qdy_A	0.3282828282828283
4qe0_A	0.028089887640449437
4qen_A	0.1694915254237288
4qf0_A	0.48072562358276644
4qf5_A	0.46405228758169936
4qfh_B	0.2568627450980392
4qfu_E	0.4682203389830508
4qg5_A	0.29411764705882354
4qg9_D	0.4123456790123457
4qgl_A	0.40804597701149425
4qgr_A	0.3962765957446808
4qhx_A	0.2525
4qhz_C	0.31666666666666665
4qi7_A	0.14901960784313725
4qi8_A	0.5
4qii_G	0.3521594684385382
4qiw_B	0.029411764705882353
4qj1_D	0.3930635838150289
4qjf_A	0.1774193548387097
4qkf_A	0.3473684210526316
4qkh_A	0.18699186991869918
4qko_D	0.06766917293233082
4ql0_A	0.29411764705882354
4ql6_B	0.28094302554027506
4qla_A	0.49764150943396224
4qlb_D	0.2803921568627451
4qlp_B	0.07537688442211055
4qlx_A	0.31797235023041476
4qmh_A	0.5508474576271186
4qmj_A	0.537117903930131
4qmk_A	0.2
4qn9_B	0.45962732919254656
4qnl_A	0.35490196078431374
4qnn_A	0.4882154882154882
4qnw_A	0.5176151761517616
4qny_B	0.32448377581120946
4qo5_A	0.06862745098039216
4qoy_C	0.15490196078431373
4qpj_B	0.3444976076555024
4qpn_A	0.5467980295566502
4qpv_A	0.2591240875912409
4qpw_A	0.5704225352112676
4qq1_A	0.12745098039215685
4qq8_C	0.4803921568627451
4qqf_A	0.4494949494949495
4qqi_A	0.6988636363636364
4qqr_A	0.5364963503649635
4qri_A	0.5286624203821656
4qrk_A	0.4811320754716981
4qrn_A	0.3693181818181818
4qro_A	0.4457831325301205
4qrz_A	0.4255874673629243
4qs4_A	0.11290322580645161
4qt6_A	0.39622641509433965
4qt8_B	0.2
4qt8_C	0.2987012987012987
4qts_A	0.11254019292604502
4qts_C	0.1989247311827957
4qur_A	0.10361445783132531
4qv2_B	0.09627329192546584
4qvb_B	0.4236111111111111
4qvh_A	0.3392156862745098
4qvr_A	0.10062893081761007
4qvz_B	0.2549019607843137
4qxd_B	0.2491349480968858
4qxz_A	0.17123287671232876
4qys_B	0.34210526315789475
4qzz_a	0.12017167381974249
4r01_A	0.6142857142857143
4r0b_A	0.0718954248366013
4r0j_A	0.04639175257731959
4r0l_D	0.6186440677966102
4r0z_A	0.6392156862745098
4r12_A	0.28823529411764703
4r16_A	0.5382775119617225
4r1d_A	0.19215686274509805
4r1i_A	0.10256410256410256
4r1j_A	0.29310344827586204
4r1m_A	0.4045977011494253
4r27_A	0.4988009592326139
4r2f_A	0.383248730964467
4r2k_A	0.6334405144694534
4r31_A	0.3783783783783784
4r3a_A	0.4591194968553459
4r3u_A	0.27058823529411763
4r3v_A	0.4022346368715084
4r4g_A	0.38819875776397517
4r4x_A	0.20784313725490197
4r5q_A	0.14883720930232558
4r60_B	0.26884422110552764
4r6g_A	0.5775862068965517
4r6h_A	0.37055837563451777
4r6i_A	0.25
4r6k_A	0.37373737373737376
4r78_A	0.33797909407665505
4r7f_A	0.28463476070528965
4r7k_A	0.48214285714285715
4r7o_C	0.49642857142857144
4r7p_A	0.22474226804123712
4r7r_A	0.09836065573770492
4r7x_A	0.43333333333333335
4r81_A	0.5829145728643216
4r8d_A	0.44986449864498645
4r99_D	0.10559006211180125
4r9f_A	0.3656716417910448
4r9i_A	0.04497354497354497
4r9l_C	0.35625
4r9n_A	0.4574898785425101
4r9p_A	0.06190476190476191
4r9u_A	0.09567901234567901
4r9u_C	0.42338709677419356
4r9x_A	0.6088888888888889
4rb4_E	0.36666666666666664
4rc1_B	0.5867768595041323
4rca_B	0.6348547717842323
4rck_A	0.4068627450980392
4rcm_A	0.21341463414634146
4rcn_B	0.26862745098039215
4rcw_A	0.6239316239316239
4rd7_A	0.6134453781512605
4rd8_B	0.013761467889908258
4rdb_A	0.1617161716171617
4rdr_A	0.34901960784313724
4rdz_B	0.49050632911392406
4rem_A	0.4618834080717489
4rep_A	0.23721881390593047
4rfa_A	0.42990654205607476
4rfs_S	0.26737967914438504
4rg1_A	0.07719298245614035
4rgb_A	0.6642335766423357
4rgl_A	0.1753846153846154
4rgv_B	0.2072072072072072
4rhi_A	0.35443037974683544
4rhz_B	0.376
4ri0_A	0.35947712418300654
4ri7_A	0.35514018691588783
4rk0_D	0.620817843866171
4rk2_B	0.3975
4rk6_A	0.6333333333333333
4rkk_A	0.3028391167192429
4rkn_A	0.0392156862745098
4rks_B	0.13125
4rl3_A	0.5202952029520295
4rl5_B	0.1111111111111111
4rlb_A	0.5023474178403756
4rlc_A	0.34814814814814815
4rlv_A	0.6803921568627451
4rm7_A	0.24533333333333332
4rmm_A	0.39705882352941174
4rmo_A	0.07741935483870968
4rn3_A	0.4523809523809524
4rn7_A	0.6290322580645161
4rnd_B	0.4915254237288136
4rnl_B	0.24853801169590642
4rnu_C	0.4077922077922078
4rnx_A	0.441025641025641
4rny_A	0.32590529247910865
4ro1_B	0.056862745098039215
4rot_A	0.5447761194029851
4rp9_A	0.07317073170731707
4rpc_A	0.676
4rpf_A	0.24193548387096775
4rpm_A	0.07341772151898734
4rpo_A	0.5159817351598174
4rpp_C	0.398989898989899
4rpu_A	0.21568627450980393
4rqo_B	0.17857142857142858
4rqr_A	0.45794392523364486
4rr5_A	0.3003412969283277
4rrl_A	0.4264705882352941
4rrq_B	0.2857142857142857
4rru_A	0.07936507936507936
4rs1_B	0.4943820224719101
4rs2_B	0.5300546448087432
4rs3_A	0.653968253968254
4rs4_F	0.057803468208092484
4rsj_A	0.16296296296296298
4rsl_A	0.26146788990825687
4rsu_G	0.5666666666666667
4rt0_A	0.3669724770642202
4rt5_A	0.1782178217821782
4rt6_A	0.43333333333333335
4ru0_A	0.39759036144578314
4ru4_B	0.5705882352941176
4ru5_C	0.5705882352941176
4rul_A	0.19019607843137254
4run_B	0.19078947368421054
4ruw_A	0.5310880829015544
4rv0_B	0.3783783783783784
4rv4_B	0.46445497630331756
4rvc_A	0.44166666666666665
4rvs_A	0.48632218844984804
4rvt_A	0.3736654804270463
4rw0_A	0.5706521739130435
4rwe_A	0.662020905923345
4rwn_A	0.17765042979942694
4rx1_A	0.5633802816901409
4rx6_B	0.5304347826086957
4rxl_A	0.48034934497816595
4rxm_A	0.7353951890034365
4rxu_A	0.5588235294117647
4rxv_A	0.10480349344978165
4rxx_A	0.3544600938967136
4ry0_A	0.6968641114982579
4ry8_B	0.5981308411214953
4ry9_A	0.6666666666666666
4rym_A	0.2012987012987013
4rz0_A	0.24561403508771928
4rz2_A	0.5271317829457365
4rzb_A	0.4279379157427938
4rzk_A	0.2413793103448276
4rzm_B	0.35335689045936397
4rzp_A	0.32644628099173556
4s00_A	0.2733485193621868
4s0n_D	0.0873015873015873
4s0u_C	0.045714285714285714
4s17_A	0.09734513274336283
4s1a_A	0.4789473684210526
4s1b_D	0.26635514018691586
4s1h_A	0.3832752613240418
4s1p_A	0.5978260869565217
4s1w_B	0.5481049562682215
4s23_A	0.4962962962962963
4s2a_A	0.3215686274509804
4s2r_P	0.20980392156862746
4s35_A	0.49230769230769234
4s3i_B	0.21657754010695188
4s3p_A	0.35294117647058826
4tjv_A	0.3515151515151515
4tkr_B	0.2903225806451613
4tlv_A	0.050980392156862744
4tm0_D	0.3542168674698795
4tmd_A	0.25263157894736843
4tn5_A	0.5132743362831859
4tnb_A	0.2607843137254902
4toi_A	0.23127035830618892
4toz_A	0.33725490196078434
4tpv_A	0.09340659340659341
4tq4_D	0.19310344827586207
4tqg_A	0.531986531986532
4tqj_A	0.24317617866004962
4tqx_A	0.26865671641791045
4tr2_B	0.3924050632911392
4tr3_A	0.4308510638297872
4trb_A	0.49282296650717705
4trt_A	0.2548476454293629
4ts6_A	0.42857142857142855
4tsd_B	0.3867403314917127
4tv5_A	0.4448979591836735
4tw1_D	0.11764705882352941
4tw5_A	0.38257575757575757
4twb_F	0.5323741007194245
4twe_A	0.3764705882352941
4twg_C	0.5796178343949044
4twl_A	0.100418410041841
4tx3_B	0.2713347921225383
4tx8_A	0.39572192513368987
4txa_A	0.11716621253405994
4txd_A	0.03869047619047619
4txe_A	0.5694444444444444
4txg_A	0.3784313725490196
4txj_B	0.28865979381443296
4txv_C	0.5224719101123596
4txw_A	0.4591194968553459
4tym_A	0.37872340425531914
4tyv_B	0.4745098039215686
4tzm_A	0.03347280334728033
4tzw_A	0.48148148148148145
4u0p_B	0.5598591549295775
4u10_A	0.42045454545454547
4u18_A	0.40625
4u3e_A	0.07058823529411765
4u3h_A	0.64
4u3v_A	0.256198347107438
4u44_A	0.3811188811188811
4u45_A	0.3875432525951557
4u4e_A	0.2861111111111111
4u4h_A	0.09090909090909091
4u4i_A	0.4603174603174603
4u4p_A	0.21982758620689655
4u4t_A	0.32432432432432434
4u5h_G	0.28888888888888886
4u5r_B	0.07894736842105263
4u65_A	0.13740458015267176
4u65_E	0.27624309392265195
4u6d_B	0.33246753246753247
4u7k_A	0.7209302325581395
4u7l_A	0.7648351648351648
4u7m_A	0.6816608996539792
4u7u_H	0.1184573002754821
4u7w_B	0.5152284263959391
4u7x_A	0.5079872204472844
4u83_A	0.2749326145552561
4u8g_A	0.5864661654135338
4u9k_A	0.22994652406417113
4ua3_A	0.3548387096774194
4uac_A	0.3629242819843342
4uap_A	0.5533333333333333
4uaq_A	0.27647058823529413
4uau_A	0.5
4uav_A	0.5
4ub9_A	0.4346895074946467
4ud1_A	0.08270676691729323
4udq_A	0.14705882352941177
4ue0_A	0.12173913043478261
4uei_A	0.2440944881889764
4uel_A	0.04966887417218543
4ufc_B	0.17450980392156862
4uhc_A	0.6438848920863309
4uhv_B	0.24313725490196078
4uir_A	0.16862745098039217
4uj6_A	0.3784313725490196
4um2_A	0.20784313725490197
4um7_A	0.44571428571428573
4umg_A	0.5686274509803921
4uml_A	0.40298507462686567
4ums_A	0.5714285714285714
4umv_A	0.17647058823529413
4unm_B	0.34901960784313724
4uoj_A	0.35490196078431374
4uop_B	0.38875305623471884
4uos_A	0.09042553191489362
4up8_A	0.1627450980392157
4upk_A	0.25691699604743085
4upl_A	0.24509803921568626
4uqf_F	0.14516129032258066
4uqv_G	0.4125874125874126
4uqw_A	0.12883435582822086
4uqx_A	0.14122137404580154
4ur3_A	0.15502183406113537
4urj_D	0.46551724137931033
4url_A	0.18406593406593408
4urp_A	0.0782122905027933
4urs_A	0.5
4us5_C	0.4789156626506024
4usj_C	0.49295774647887325
4usk_A	0.2
4usr_A	0.3333333333333333
4usz_A	0.1614457831325301
4uuc_A	0.669683257918552
4uuo_A	0.4268292682926829
4uvq_A	0.12547528517110265
4uw0_A	0.40718562874251496
4uw9_A	0.4166666666666667
4uwq_A	0.3392156862745098
4uwq_K	0.4793388429752066
4ux9_A	0.3323615160349854
4uxd_D	0.5547445255474452
4uxm_A	0.22900763358778625
4uy7_A	0.44954128440366975
4uyb_A	0.4538653366583541
4uyp_C	0.5958904109589042
4uyr_A	0.2978723404255319
4uyz_D	0.3821138211382114
4uzg_A	0.45126353790613716
4uzm_A	0.10084033613445378
4v07_B	0.08482142857142858
4v0h_D	0.4798206278026906
4v12_A	0.314540059347181
4v17_A	0.12987012987012986
4v1r_A	0.39058171745152354
4v1y_I	0.3881856540084388
4v2k_A	0.2936170212765957
4v2x_A	0.4803921568627451
4v34_A	0.3560371517027864
4v36_A	0.37846153846153846
4v3g_A	0.4393939393939394
4v3j_A	0.07246376811594203
4v3p_LG	0.1141552511415525
4v3p_SH	0.1
4v3p_Sa	0.5078947368421053
4v4e_T	0.2518248175182482
4v4e_U	0.10980392156862745
4v4l_A	0.2372549019607843
4v4p_AI	0.34375
4v4t_BE	0.05235602094240838
4v59_G	0.07254901960784314
4v5o_AU	0.3064516129032258
4v5r_BJ	0.007692307692307693
4v5z_B5	0.05238095238095238
4v5z_B6	0.3274336283185841
4v60_I	0.11960784313725491
4v61_AC	0.12442396313364056
4v6l_AG	0.23706896551724138
4v6l_AJ	0.4222222222222222
4v6n_AJ	0.17073170731707318
4v6u_AR	0.3185840707964602
4v6u_BA	0.1388888888888889
4v6u_BC	0.0136986301369863
4v6u_BE	0.1989247311827957
4v6u_BF	0.09239130434782608
4v6u_BY	0.12903225806451613
4v6u_Ba	0.24444444444444444
4v6v_BC	0.20085470085470086
4v6w_CJ	0.04395604395604396
4v6x_Az	0.22745098039215686
4v6x_Cq	0.15
4v8j_B3	0.43333333333333335
4v8l_A	0.2549019607843137
4v8p_BG	0.008130081300813009
4v8p_CV	0.1452991452991453
4v8p_CW	0.10909090909090909
4v8p_EE	0.0913978494623656
4v8p_GA	0.15953307392996108
4v8z_Bq	0.14482758620689656
4v94_f	0.06274509803921569
4v96_AJ	0.10367892976588629
4v96_Bd	0.12727272727272726
4v98_A3	0.07086614173228346
4v99_Bg	0.12903225806451613
4v9f_G	0.1732283464566929
4v9f_J	0.24305555555555555
4v9f_M	0.19487179487179487
4v9f_X	0.3
4v9i_DC	0.015789473684210527
4w4l_C	0.09090909090909091
4w5u_B	0.4945945945945946
4w64_A	0.30994152046783624
4w66_A	0.3093220338983051
4w6q_B	0.4879518072289157
4w6v_A	0.2753623188405797
4w6y_A	0.1506849315068493
4w6z_A	0.5043227665706052
4w78_C	0.3595505617977528
4w7l_A	0.078125
4w8b_A	0.533678756476684
4w8i_A	0.4380165289256198
4w8j_A	0.11764705882352941
4w8k_B	0.11784511784511785
4w8l_A	0.5
4w8o_A	0.4894117647058824
4w8w_D	0.054474708171206226
4w8y_A	0.1
4w98_A	0.09655172413793103
4w9r_B	0.43213296398891965
4wa0_A	0.18435754189944134
4wad_A	0.463855421686747
4wai_A	0.054945054945054944
4wam_A	0.24157303370786518
4wat_A	0.08734939759036145
4wbd_A	0.17254901960784313
4wbq_A	0.41954022988505746
4wbs_B	0.45136186770428016
4wbt_A	0.46883468834688347
4wby_A	0.22580645161290322
4wcj_A	0.45064377682403434
4wcw_C	0.2905982905982906
4wcx_A	0.3854625550660793
4wcz_C	0.392
4wd1_A	0.45098039215686275
4wd2_A	0.41457286432160806
4wd9_A	0.03333333333333333
4wec_A	0.6821705426356589
4wed_A	0.35403726708074534
4weo_D	0.6846473029045643
4wer_A	0.47017543859649125
4wfv_A	0.2222222222222222
4wgi_A	0.3431372549019608
4wgk_B	0.2647058823529412
4wh3_A	0.351123595505618
4whb_E	0.4400871459694989
4whs_B	0.31932773109243695
4whx_A	0.24836601307189543
4wid_A	0.028328611898016998
4wig_A	0.4523809523809524
4wiq_A	0.36363636363636365
4wj0_A	0.11428571428571428
4wj7_A	0.16058394160583941
4wjg_W	0.27419354838709675
4wjg_X	0.24305555555555555
4wji_A	0.5494880546075085
4wjw_B	0.18627450980392157
4wl2_A	0.069164265129683
4wma_A	0.43812709030100333
4wmx_A	0.34509803921568627
4wmy_A	0.0989399293286219
4wny_A	0.5757575757575758
4woe_A	0.03529411764705882
4woh_A	0.35443037974683544
4wok_A	0.6276923076923077
4wp3_C	0.40106951871657753
4wp5_A	0.135678391959799
4wpg_A	0.5853658536585366
4wpm_A	0.38823529411764707
4wq0_A	0.14105793450881612
4wqm_A	0.4815950920245399
4wqr_39	0.14423076923076922
4wqy_BZ	0.30980392156862746
4wr2_A	0.5
4wsi_A	0.3790322580645161
4wsk_B	0.4304932735426009
4wso_A	0.5110132158590308
4wsq_A	0.38485804416403785
4wt8_DA	0.010526315789473684
4wtr_A	0.5488721804511278
4wu3_A	0.09411764705882353
4wui_A	0.5170731707317073
4wut_A	0.7551724137931034
4wuv_A	0.65
4wv3_B	0.47843137254901963
4wvb_B	0.28776978417266186
4wvm_A	0.08431372549019608
4wvm_B	0.09803921568627451
4wvr_C	0.696969696969697
4wvz_D	0.4039408866995074
4wwu_C	0.23030303030303031
4wwv_A	0.3287292817679558
4wx5_A	0.07792207792207792
4wxe_A	0.6151079136690647
4wxx_B	0.12745098039215685
4wy5_A	0.571875
4wy8_A	0.5846153846153846
4wy9_A	0.3508771929824561
4wyi_A	0.5565476190476191
4wyk_C	0.3786127167630058
4wyt_A	0.263681592039801
4wz7_1	0.03459119496855346
4wz7_5	0.12352941176470589
4wz7_A	0.027450980392156862
4wz7_B	0.04054054054054054
4wz7_E	0.035897435897435895
4wzf_B	0.3817427385892116
4wzi_B	0.15330188679245282
4wzn_B	0.07746478873239436
4wzr_B	0.39215686274509803
4wzz_A	0.6479750778816199
4x00_A	0.663003663003663
4x09_A	0.1015625
4x0j_B	0.0916030534351145
4x0o_E	0.45
4x1j_B	0.09574468085106383
4x27_A	0.23452768729641693
4x28_A	0.25129533678756477
4x28_C	0.2774725274725275
4x2m_A	0.21468926553672316
4x2z_A	0.16943521594684385
4x3f_B	0.39285714285714285
4x3l_A	0.5192307692307693
4x3n_A	0.05405405405405406
4x4r_A	0.16478555304740405
4x4w_A	0.19095477386934673
4x5l_A	0.7395833333333334
4x61_A	0.4019607843137255
4x6g_E	0.5537459283387622
4x7g_A	0.5139442231075697
4x7v_A	0.5238095238095238
4x8d_A	0.2827102803738318
4x8r_A	0.3848684210526316
4x8y_A	0.10714285714285714
4x9n_A	0.3411458333333333
4x9x_A	0.45149253731343286
4xa9_G	0.6975806451612904
4xab_A	0.45934959349593496
4xae_A	0.2006079027355623
4xah_B	0.05056179775280899
4xau_B	0.34656084656084657
4xb2_A	0.36363636363636365
4xb6_B	0.211340206185567
4xc6_A	0.4294117647058823
4xcb_A	0.38461538461538464
4xch_A	0.06711409395973154
4xcm_B	0.3486238532110092
4xcq_A	0.44884488448844884
4xd9_A	0.2711864406779661
4xea_A	0.2647754137115839
4xed_A	0.711340206185567
4xer_A	0.5151515151515151
4xes_A	0.18259023354564755
4xf5_A	0.41324921135646686
4xf6_A	0.42857142857142855
4xfe_A	0.42483660130718953
4xfj_B	0.36272040302267
4xfm_A	0.4
4xfr_A	0.3940149625935162
4xgc_E	0.3308457711442786
4xh3_A	0.2757009345794392
4xh7_A	0.2727272727272727
4xhc_A	0.3803921568627451
4xhf_B	0.10222222222222223
4xhm_A	0.5454545454545454
4xhp_A	0.1568627450980392
4xi6_A	0.26170798898071623
4xij_A	0.5111940298507462
4xin_A	0.2631578947368421
4xix_C	0.09623430962343096
4xj2_A	0.3148148148148148
4xjc_A	0.14124293785310735
4xk2_A	0.5047318611987381
4xkg_A	0.08484848484848485
4xkq_A	0.3978494623655914
4xky_D	0.49666666666666665
4xkz_A	0.1553784860557769
4xla_A	0.6705882352941176
4xlx_A	0.09375
4xm4_D	0.5222929936305732
4xnn_A	0.04943820224719101
4xnw_C	0.19428571428571428
4xoh_B	0.1791044776119403
4xp7_A	0.5246913580246914
4xpq_A	0.27450980392156865
4xpu_B	0.41904761904761906
4xq7_A	0.19461077844311378
4xr0_A	0.045454545454545456
4xr8_H	0.2781456953642384
4xr9_A	0.5460526315789473
4xra_C	0.44623655913978494
4xrb_A	0.3252032520325203
4xri_A	0.5333333333333333
4xrp_A	0.4662379421221865
4xru_C	0.3561320754716981
4xrw_A	0.380327868852459
4xs7_A	0.49853372434017595
4xsq_B	0.48333333333333334
4xsu_A	0.6277173913043478
4xt0_A	0.2880658436213992
4xtx_A	0.39097744360902253
4xu4_A	0.19047619047619047
4xup_A	0.5727272727272728
4xuv_A	0.3825301204819277
4xvc_A	0.5959595959595959
4xvw_A	0.4369369369369369
4xvx_B	0.22788203753351208
4xw3_B	0.24742268041237114
4xwh_A	0.32745098039215687
4xx6_B	0.5109034267912772
4xxf_A	0.05622489959839357
4xxh_A	0.6784313725490196
4xxt_A	0.2398190045248869
4xyw_A	0.6265432098765432
4xz5_A	0.14347826086956522
4xz6_A	0.3230240549828179
4xz7_B	0.21204188481675393
4xza_B	0.0273972602739726
4xzj_A	0.07657657657657657
4xzx_A	0.3072916666666667
4xzz_A	0.2721518987341772
4y0a_A	0.5363128491620112
4y0c_A	0.0949367088607595
4y0e_H	0.18506493506493507
4y0h_D	0.31533477321814257
4y0k_A	0.4271604938271605
4y0l_A	0.4875
4y0n_B	0.5625
4y13_A	0.3729508196721312
4y23_A	0.0803921568627451
4y25_A	0.3310344827586207
4y2h_B	0.3522727272727273
4y2w_A	0.40463917525773196
4y3o_B	0.31453362255965295
4y4q_B	0.2057142857142857
4y5j_A	0.4977973568281938
4y68_A	0.44947735191637633
4y6t_E	0.08783783783783784
4y7d_A	0.6366782006920415
4y7p_A	0.29239766081871343
4y7s_A	0.18018018018018017
4y9d_A	0.6297872340425532
4y9j_B	0.17647058823529413
4y9m_A	0.3984375
4y9t_A	0.6635514018691588
4y9v_A	0.49019607843137253
4yah_X	0.45714285714285713
4yai_A	0.6153846153846154
4yar_A	0.22843822843822845
4yay_A	0.1984732824427481
4yb8_A	0.5948275862068966
4ybf_A	0.20059880239520958
4ybg_A	0.15966386554621848
4ybh_A	0.6125827814569537
4ybn_A	0.24766355140186916
4ybo_D	0.060453400503778336
4ycg_B	0.17676767676767677
4ycs_A	0.5284552845528455
4ydo_B	0.32281553398058255
4yds_A	0.4247787610619469
4ye5_A	0.27647058823529413
4ye6_A	0.11176470588235295
4yec_A	0.42063492063492064
4yed_D	0.4588235294117647
4yep_A	0.032432432432432434
4yer_A	0.4631578947368421
4yg0_A	0.0975609756097561
4yg8_A	0.532608695652174
4ygr_A	0.44651162790697674
4ygt_A	0.19594594594594594
4ygu_D	0.41714285714285715
4ygx_A	0.4954954954954955
4yh7_B	0.5740740740740741
4yhb_B	0.45038167938931295
4yhc_A	0.3325740318906606
4yic_A	0.375
4yik_A	0.4079601990049751
4yit_D	0.19494584837545126
4yj1_A	0.1
4yj6_A	0.2571428571428571
4yjh_A	0.3742690058479532
4yjm_A	0.5529411764705883
4yk8_A	0.06790123456790123
4yk8_B	0.030927835051546393
4ykf_A	0.4745098039215686
4ykk_B	0.5333333333333333
4yle_A	0.7314487632508834
4yli_D	0.24516129032258063
4yly_A	0.35858585858585856
4ymg_B	0.5271966527196653
4ymk_A	0.08695652173913043
4ymx_A	0.4955357142857143
4yn3_A	0.28627450980392155
4yn8_A	0.5671641791044776
4ynt_A	0.15490196078431373
4ynz_B	0.32507739938080493
4yo7_A	0.7386759581881533
4yo8_B	0.4214876033057851
4yoc_C	0.2568627450980392
4yod_A	0.37184115523465705
4yok_A	0.5577889447236181
4yp6_A	0.5029585798816568
4ypr_A	0.19436619718309858
4yrc_A	0.19331742243436753
4ys2_A	0.4444444444444444
4ys6_A	0.6265432098765432
4ytb_A	0.4265402843601896
4yu6_A	0.17058823529411765
4yub_B	0.11377245508982035
4yuc_A	0.3787878787878788
4yue_C	0.09615384615384616
4yut_A	0.39316239316239315
4yv7_A	0.7083333333333334
4yw2_A	0.2607843137254902
4yw7_B	0.18181818181818182
4ywo_A	0.3536036036036036
4ywr_A	0.5131578947368421
4yws_B	0.3282442748091603
4ywt_B	0.05104408352668213
4yxb_B	0.10465116279069768
4yxf_A	0.691304347826087
4yy8_B	0.46949602122015915
4yyc_A	0.19832985386221294
4yzh_A	0.36394557823129253
4yzl_A	0.12742382271468145
4yzo_A	0.3305785123966942
4yzr_A	0.12628865979381443
4yzt_A	0.4725490196078431
4yzw_B	0.10980392156862745
4z04_A	0.3709677419354839
4z06_A	0.4444444444444444
4z0c_A	0.7607843137254902
4z0n_A	0.6677524429967426
4z11_A	0.058823529411764705
4z29_A	0.42613636363636365
4z2c_C	0.25252525252525254
4z2y_A	0.49498327759197325
4z2z_B	0.3115942028985507
4z34_A	0.16363636363636364
4z38_B	0.3325740318906606
4z3p_A	0.26450116009280744
4z48_A	0.225
4z4p_A	0.2608695652173913
4z5s_A	0.23318385650224216
4z5v_A	0.2981366459627329
4z61_A	0.7490196078431373
4z6o_B	0.31301939058171746
4z6y_A	0.08058608058608059
4z7a_A	0.476056338028169
4z7r_A	0.48494983277591974
4z7x_A	0.41706161137440756
4z81_A	0.084
4z8i_A	0.19196428571428573
4z8m_B	0.25949367088607594
4z8n_A	0.07046979865771812
4z8s_A	0.032388663967611336
4z8u_A	0.2680722891566265
4z8w_A	0.488
4z8z_A	0.534375
4z94_G	0.5276872964169381
4z99_A	0.43902439024390244
4z9c_A	0.10762331838565023
4z9e_A	0.058823529411764705
4z9f_C	0.6926229508196722
4z9h_A	0.20606060606060606
4z9m_G	0.04792332268370607
4za1_A	0.45454545454545453
4za2_A	0.6363636363636364
4zad_A	0.06666666666666667
4zbg_A	0.42207792207792205
4zbp_B	0.31851851851851853
4zby_A	0.4484536082474227
4zc0_A	0.3258426966292135
4zcf_A	0.3156862745098039
4zcf_C	0.307843137254902
4zch_A	0.2890995260663507
4zcp_A	0.5348837209302325
4zcq_A	0.5230769230769231
4zel_A	0.3509803921568627
4zem_A	0.4329268292682927
4zev_A	0.3620689655172414
4zfv_A	0.3394495412844037
4zgd_I	0.07766990291262135
4zgf_A	0.3546099290780142
4zgj_H	0.2621359223300971
4zgs_A	0.6069364161849711
4zgv_A	0.39019607843137255
4zht_A	0.5104166666666666
4zhv_A	0.49640287769784175
4zic_B	0.32212885154061627
4zke_A	0.3276955602536998
4zkf_A	0.44805194805194803
4zkq_A	0.07989690721649484
4zl4_A	0.1670886075949367
4zla_A	0.3628865979381443
4zlf_A	0.23137254901960785
4zlp_A	0.06224066390041494
4zm4_B	0.33176470588235296
4zm6_A	0.47058823529411764
4zme_A	0.05725190839694656
4zmh_A	0.30980392156862746
4zmi_A	0.059574468085106386
4zmq_A	0.41
4zms_A	0.5942028985507246
4zmu_A	0.4897360703812317
4zng_A	0.27624309392265195
4znk_A	0.3992248062015504
4znm_B	0.268018018018018
4zo2_B	0.4489795918367347
4zo4_A	0.44554455445544555
4zo8_B	0.43137254901960786
4zoh_A	0.22941176470588234
4zoh_B	0.25547445255474455
4zoq_F	0.3870967741935484
4zoq_I	0.4540059347181009
4zpj_A	0.5768194070080862
4zqb_B	0.5126582278481012
4zqu_B	0.13218390804597702
4zqx_A	0.029535864978902954
4zr1_B	0.09454545454545454
4zrb_E	0.421875
4zrc_A	0.33248081841432225
4zs9_B	0.3915343915343915
4zsf_A	0.09926470588235294
4zsv_A	0.17687074829931973
4ztb_C	0.34579439252336447
4ztc_A	0.4
4ztk_A	0.2873134328358209
4ztx_A	0.35294117647058826
4zu9_A	0.37058823529411766
4zua_A	0.4645161290322581
4zuz_B	0.07647058823529412
4zv4_D	0.07975460122699386
4zvg_A	0.503030303030303
4zw0_C	0.4444444444444444
4zxa_A	0.5521472392638037
4zxi_A	0.19019607843137254
4zxn_A	0.15718157181571815
4zxo_A	0.42151162790697677
4zy8_A	0.0821917808219178
4zyl_B	0.5486111111111112
4zyn_B	0.22857142857142856
4zzf_A	0.4520547945205479
4zzt_A	0.06912442396313365
5a07_A	0.34430379746835443
5a0d_B	0.10227272727272728
5a0m_B	0.2687224669603524
5a0n_A	0.08411214953271028
5a21_E	0.3577981651376147
5a2a_A	0.39823008849557523
5a2f_A	0.5596330275229358
5a2t_Y	0.10784313725490197
5a3c_A	0.36713286713286714
5a3g_A	0.07017543859649122
5a3j_C	0.4434250764525994
5a42_A	0.40784313725490196
5a4g_A	0.20555555555555555
5a4p_A	0.013157894736842105
5a51_A	0.23636363636363636
5a5c_B	0.6897590361445783
5a60_A	0.13752913752913754
5a62_A	0.5992647058823529
5a66_A	0.02843601895734597
5a6c_B	0.5609756097560976
5a6k_A	0.37058823529411766
5a6s_A	0.42700729927007297
5a78_B	0.22151898734177214
5a7v_A	0.32608695652173914
5a8d_A	0.4503311258278146
5a8i_A	0.3879310344827586
5a8j_A	0.4328767123287671
5a8m_A	0.5192878338278932
5a8r_L	0.03802281368821293
5a8t_A	0.1330049261083744
5a96_A	0.08835341365461848
5a97_C	0.0709812108559499
5a98_A	0.0425531914893617
5a9j_A	0.35294117647058826
5aa0_AI	0.13071895424836602
5aa5_A	0.336231884057971
5aa6_B	0.03333333333333333
5aar_A	0.654054054054054
5ab5_A	0.32186732186732187
5abr_A	0.47115384615384615
5ac3_A	0.2857142857142857
5ac7_B	0.5668016194331984
5aca_1	0.08465608465608465
5acn_A	0.16862745098039217
5ad1_A	0.4413793103448276
5adz_A	0.20980392156862746
5ae5_A	0.5308219178082192
5aec_A	0.45604395604395603
5aed_A	0.2725490196078431
5aex_A	0.1162280701754386
5af0_C	0.04602510460251046
5af7_B	0.2506393861892583
5afi_Z	0.29310344827586204
5afo_A	0.18658892128279883
5ag3_C	0.37910447761194027
5ah5_A	0.11764705882352941
5ahk_A	0.49411764705882355
5aii_H	0.46153846153846156
5ail_B	0.36813186813186816
5ait_A	0.17054263565891473
5aiw_A	0.296875
5aj4_Ae	0.017857142857142856
5aj8_A	0.023809523809523808
5ajh_A	0.48756218905472637
5ajq_A	0.4035714285714286
5ams_A	0.5535714285714286
5amt_A	0.2571428571428571
5anp_A	0.4246575342465753
5anr_A	0.16326530612244897
5ao9_A	0.6142857142857143
5aoh_A	0.2943396226415094
5aoq_M	0.09090909090909091
5aor_A	0.2725490196078431
5aot_A	0.4411764705882353
5aov_A	0.49101796407185627
5aoz_A	0.5531914893617021
5ap8_B	0.1592356687898089
5apg_A	0.11956521739130435
5apm_A	0.08080808080808081
5aq9_A	0.44630071599045346
5aqd_M	0.10326086956521739
5ar1_A	0.35648148148148145
5aup_I	0.43983402489626555
5ave_A	0.3253968253968254
5awe_A	0.40487804878048783
5awf_A	0.6025974025974026
5awh_A	0.19019607843137254
5awp_A	0.38235294117647056
5awz_A	0.1574468085106383
5ax7_A	0.4864864864864865
5axh_B	0.49019607843137253
5axn_B	0.200836820083682
5ay6_A	0.07920792079207921
5ay7_B	0.5337423312883436
5ayk_A	0.44901960784313727
5ayp_B	0.20833333333333334
5ayq_B	0.5619834710743802
5ays_A	0.18695652173913044
5az1_A	0.4892966360856269
5aza_A	0.33725490196078434
5azb_A	0.20422535211267606
5azw_A	0.648936170212766
5azx_A	0.46
5b04_B	0.43573667711598746
5b0l_B	0.17065868263473055
5b0o_B	0.26373626373626374
5b0p_B	0.2056338028169014
5b0v_A	0.12790697674418605
5b12_E	0.6177777777777778
5b19_A	0.5021645021645021
5b1r_A	0.1206896551724138
5b1y_B	0.6995884773662552
5b2k_A	0.36742424242424243
5b3f_A	0.3627450980392157
5b3g_A	0.3045822102425876
5b3l_A	0.5533333333333333
5b3t_A	0.5188679245283019
5b46_A	0.27450980392156865
5b4a_B	0.4939271255060729
5b4s_B	0.06451612903225806
5b4x_A	0.39019607843137255
5b51_A	0.4228395061728395
5b57_C	0.4846153846153846
5b58_A	0.08459214501510574
5b5r_A	0.07090464547677261
5b6e_A	0.08463949843260188
5b6i_A	0.273972602739726
5b6o_A	0.07096774193548387
5b7c_A	0.2961165048543689
5b7i_A	0.11764705882352941
5b7p_A	0.3654618473895582
5b82_A	0.2670807453416149
5b88_A	0.38823529411764707
5b8i_C	0.42857142857142855
5bjx_B	0.538235294117647
5bke_C	0.23183391003460208
5bmo_C	0.4669421487603306
5bmq_A	0.3170731707317073
5bmt_A	0.15948275862068967
5bmx_A	0.46558704453441296
5bnc_A	0.2896825396825397
5bnd_A	0.17318435754189945
5bo5_D	0.31382978723404253
5bow_A	0.19205298013245034
5bp4_A	0.41568627450980394
5bp7_A	0.570281124497992
5bp8_A	0.34901960784313724
5bp9_A	0.459915611814346
5bpb_D	0.05384615384615385
5bpx_A	0.5032679738562091
5bq9_B	0.11670480549199085
5bqf_A	0.4794952681388013
5bqn_A	0.056862745098039215
5bqo_B	0.4406779661016949
5brl_A	0.06190476190476191
5bs6_D	0.34210526315789475
5bsz_A	0.5951417004048583
5bt8_B	0.380352644836272
5bte_B	0.1331521739130435
5btr_A	0.26756756756756755
5bty_A	0.16296296296296298
5bu6_A	0.4090909090909091
5bud_A	0.1432225063938619
5buf_B	0.2449438202247191
5bun_C	0.4295612009237875
5bup_A	0.1509433962264151
5but_A	0.30597014925373134
5but_I	0.09976798143851508
5buv_C	0.3693181818181818
5bv2_P	0.07450980392156863
5bv9_A	0.1588235294117647
5bvi_A	0.04945054945054945
5bw4_B	0.6026785714285714
5bwe_A	0.1
5bwi_A	0.49547511312217196
5bwj_D	0.3891625615763547
5bx9_A	0.5362318840579711
5bxg_A	0.44370860927152317
5bxr_B	0.33137254901960783
5bxx_A	0.6859504132231405
5by0_A	0.1978494623655914
5by3_A	0.30196078431372547
5by4_A	0.4
5by7_A	0.4896142433234421
5byc_A	0.4968553459119497
5byw_E	0.5077399380804953
5bz1_A	0.38005390835579517
5bz2_A	0.11979166666666667
5c00_A	0.38613861386138615
5c0p_A	0.3767605633802817
5c0q_B	0.47921225382932164
5c14_A	0.572139303482587
5c17_A	0.2524271844660194
5c1c_A	0.5050167224080268
5c1s_A	0.2986111111111111
5c21_A	0.30337078651685395
5c2b_H	0.5643153526970954
5c2g_A	0.21258134490238612
5c2i_A	0.05555555555555555
5c2k_A	0.3769633507853403
5c2m_A	0.24472573839662448
5c2v_D	0.3137254901960784
5c2w_E	0.6278409090909091
5c2w_F	0.1592356687898089
5c2y_A	0.11797752808988764
5c3q_A	0.21492537313432836
5c3u_A	0.41904761904761906
5c59_G	0.033112582781456956
5c5g_A	0.531496062992126
5c5h_B	0.40848214285714285
5c5s_A	0.07142857142857142
5c6n_A	0.2713004484304933
5c73_B	0.24705882352941178
5c7t_A	0.34615384615384615
5c86_A	0.44190871369294604
5c88_A	0.6139240506329114
5c8w_B	0.5454545454545454
5c94_A	0.0603448275862069
5c98_B	0.04120879120879121
5c9a_B	0.09491525423728814
5c9f_C	0.2727272727272727
5c9g_A	0.4432234432234432
5c9i_A	0.06470588235294118
5cad_A	0.47229551451187335
5cag_A	0.24295774647887325
5caj_A	0.011494252873563218
5cao_A	0.3566666666666667
5cb2_A	0.2823529411764706
5ccx_B	0.21024258760107817
5cd4_A	0.19095477386934673
5cd4_I	0.06275303643724696
5cd6_B	0.21764705882352942
5cd9_A	0.4258373205741627
5cdd_B	0.07308970099667775
5ce3_B	0.2627450980392157
5ce7_A	0.21428571428571427
5ce9_B	0.03313253012048193
5cef_C	0.2479108635097493
5cet_A	0.42073170731707316
5cfa_B	0.29878048780487804
5cfc_B	0.125
5cfi_A	0.41496598639455784
5cfl_A	0.0855614973262032
5cg9_A	0.3782771535580524
5cge_E	0.4044943820224719
5cgz_A	0.5
5ch6_A	0.16433566433566432
5chi_A	0.34782608695652173
5cht_A	0.16883116883116883
5ci5_A	0.39185750636132316
5ci7_A	0.4151624548736462
5cio_A	0.2196078431372549
5cj5_B	0.38235294117647056
5cjf_A	0.149812734082397
5ck3_B	0.362962962962963
5ck7_A	0.21428571428571427
5ckn_A	0.460431654676259
5cl2_A	0.4634146341463415
5cm2_M	0.07258064516129033
5cm8_A	0.13126491646778043
5cn2_A	0.13043478260869565
5cnl_A	0.31654676258992803
5cnv_H	0.10584958217270195
5cnx_A	0.2972222222222222
5cod_L6	0.012170385395537525
5cod_M1	0.009111617312072893
5coz_A	0.1844380403458213
5cp1_A	0.33877551020408164
5cp7_B	0.5280373831775701
5cpg_A	0.49032258064516127
5cqf_A	0.3317422434367542
5cqx_B	0.26495726495726496
5cr4_B	0.29646017699115046
5cr9_A	0.4724137931034483
5crb_A	0.203125
5crf_B	0.29896907216494845
5cs2_A	0.23809523809523808
5csl_B	0.28823529411764703
5csr_C	0.4863636363636364
5cuk_A	0.2978723404255319
5cuo_B	0.15873015873015872
5cuy_D	0.06565656565656566
5cv0_A	0.07647058823529412
5cv3_A	0.06837606837606838
5cvo_D	0.38823529411764707
5cwa_A	0.06336633663366337
5cwc_A	0.10714285714285714
5cwd_A	0.22807017543859648
5cwf_A	0.11864406779661017
5cwi_A	0.2145922746781116
5cwn_A	0.26570048309178745
5cwq_A	0.1759656652360515
5cx6_B	0.027450980392156862
5cxm_A	0.2828282828282828
5cxo_B	0.3582089552238806
5cxx_B	0.5620437956204379
5cxy_A	0.2773972602739726
5cy0_A	0.1111111111111111
5cya_B	0.27976190476190477
5cyl_A	0.13850415512465375
5cyw_B	0.2550335570469799
5cyx_A	0.4968553459119497
5cz3_A	0.31125827814569534
5cz8_Y	0.11764705882352941
5czl_A	0.24126984126984127
5d08_A	0.28125
5d0n_A	0.4416058394160584
5d16_A	0.11180124223602485
5d1i_A	0.5641025641025641
5d1o_A	0.13066666666666665
5d28_A	0.021645021645021644
5d2e_A	0.5505154639175258
5d2m_C	0.15822784810126583
5d2u_A	0.45
5d3d_B	0.12307692307692308
5d3u_A	0.1141439205955335
5d55_B	0.10884353741496598
5d5p_A	0.3184713375796178
5d68_B	0.3180778032036613
5d6a_A	0.1607843137254902
5d6j_A	0.43333333333333335
5d6s_A	0.23783783783783785
5d74_B	0.2777777777777778
5d77_A	0.5121951219512195
5d7b_A	0.498567335243553
5d7v_A	0.40892193308550184
5d7z_A	0.2978723404255319
5d84_A	0.4088050314465409
5d88_A	0.4534412955465587
5d8f_A	0.41284403669724773
5d92_B	0.2046783625730994
5d9g_A	0.08130081300813008
5d9h_B	0.31399317406143346
5d9r_A	0.3787878787878788
5da0_A	0.2398286937901499
5dax_A	0.375
5dbj_C	0.38215102974828374
5dbn_F	0.40186915887850466
5dbo_A	0.4507936507936508
5dcq_E	0.085
5dcx_A	0.27751196172248804
5dd7_A	0.34098360655737703
5ddt_A	0.5560344827586207
5dfk_A	0.43243243243243246
5dfm_A	0.33398821218074654
5dfz_B	0.09215686274509804
5dgk_A	0.2235294117647059
5dgo_A	0.21176470588235294
5dgq_A	0.4019607843137255
5dh0_B	0.5017921146953405
5dhh_B	0.19638242894056848
5di3_B	0.5588235294117647
5dih_B	0.33663366336633666
5dil_A	0.0948905109489051
5dir_A	0.17834394904458598
5diy_A	0.3779697624190065
5djf_A	0.23308270676691728
5djs_A	0.5
5djw_A	0.2803921568627451
5dk1_A	0.3391304347826087
5dk4_A	0.13719512195121952
5dk6_A	0.4049586776859504
5dku_B	0.16862745098039217
5dkv_A	0.6501650165016502
5dl5_A	0.4014423076923077
5dl6_A	0.3189873417721519
5dl7_A	0.31592039800995025
5dl8_B	0.3248081841432225
5dle_D	0.6538461538461539
5dlq_B	0.3509803921568627
5dmd_A	0.10416666666666667
5dmh_A	0.37142857142857144
5dml_A	0.565068493150685
5dmp_A	0.005917159763313609
5dmu_A	0.13953488372093023
5dn6_G	0.03461538461538462
5dn6_I	0.26666666666666666
5dn7_A	0.5208333333333334
5dnd_D	0.45938375350140054
5dnl_A	0.1590909090909091
5dob_A	0.10970464135021098
5dom_A	0.1111111111111111
5dov_B	0.4467455621301775
5dpl_A	0.3607843137254902
5dqp_A	0.405152224824356
5dqs_D	0.12643678160919541
5ds1_A	0.40217391304347827
5dss_B	0.10270270270270271
5dt6_A	0.4548872180451128
5dt9_A	0.42744063324538256
5dtc_A	0.1724137931034483
5dte_B	0.7317073170731707
5dtw_C	0.4024390243902439
5du3_A	0.047619047619047616
5dud_B	0.13
5dvb_A	0.4472361809045226
5dvh_A	0.06486486486486487
5dvj_A	0.4015151515151515
5dwa_A	0.2014388489208633
5dwd_B	0.6816143497757847
5dwy_B	0.09345794392523364
5dx9_A	0.36156351791530944
5dxd_A	0.3948497854077253
5dxf_B	0.5641025641025641
5dy0_A	0.33181818181818185
5dy2_A	0.5079365079365079
5dye_D	0.07114624505928854
5dz8_A	0.0718562874251497
5dzo_A	0.5794392523364486
5dzs_B	0.48518518518518516
5dzy_B	0.5228915662650603
5dzz_A	0.05725971370143149
5e0s_B	0.43283582089552236
5e1l_A	0.04046242774566474
5e1q_B	0.29411764705882354
5e1v_B	0.35036496350364965
5e21_A	0.3368421052631579
5e33_A	0.0803921568627451
5e3e_B	0.17543859649122806
5e3s_A	0.1553398058252427
5e4m_A	0.4293785310734463
5e53_D	0.6810631229235881
5e55_B	0.6742671009771987
5e57_A	0.3127962085308057
5e5n_B	0.2980392156862745
5e6u_A	0.43529411764705883
5e6w_A	0.2903225806451613
5e72_A	0.48297213622291024
5e7g_A	0.5448430493273543
5e7l_A	0.6887417218543046
5e7o_A	0.14313725490196078
5e7p_A	0.34901960784313724
5e7t_A	0.14728682170542637
5e7t_B	0.40559440559440557
5e7t_H	0.45664739884393063
5e8j_A	0.5290322580645161
5e9q_A	0.4235294117647059
5ea2_C	0.4963768115942029
5ean_A	0.22156862745098038
5ec0_A	0.2955145118733509
5ec3_A	0.2712765957446808
5ec6_A	0.10596026490066225
5ecj_A	0.19771863117870722
5ecl_A	0.2196078431372549
5ed4_E	0.5089285714285714
5ed7_A	0.03571428571428571
5ed8_A	0.4857142857142857
5edj_A	0.12053571428571429
5edp_A	0.36271186440677966
5ee2_A	0.08196721311475409
5ee5_A	0.46534653465346537
5ees_A	0.41295546558704455
5ef5_A	0.01568627450980392
5ef5_E	0.0196078431372549
5efr_A	0.49627791563275436
5eg7_A	0.11801242236024845
5egf_C	0.23648648648648649
5egh_B	0.33078880407124683
5egn_A	0.6807692307692308
5egp_A	0.6134751773049646
5eha_A	0.08496732026143791
5ehk_A	0.06862745098039216
5ei0_A	0.0456989247311828
5eik_A	0.04700854700854701
5eio_A	0.30523255813953487
5ej0_A	0.3915094339622642
5ejb_D	0.06086956521739131
5ejl_A	0.3574468085106383
5ejr_A	0.18886679920477137
5ejy_A	0.144
5ek5_B	0.225
5ek8_A	0.2
5eke_C	0.4820846905537459
5eku_B	0.3976945244956772
5ekz_A	0.10407239819004525
5el5_71	0.022222222222222223
5el8_A	0.3145539906103286
5elw_A	0.16080402010050251
5elx_A	0.4424552429667519
5eo2_C	0.37341772151898733
5eo9_A	0.6915887850467289
5ep0_A	0.5342105263157895
5ep5_B	0.4132231404958678
5epa_A	0.437984496124031
5epf_A	0.5
5epi_C	0.08235294117647059
5epi_R	0.0784313725490196
5epo_A	0.6973180076628352
5eq9_B	0.2076923076923077
5eqb_A	0.08431372549019608
5eqc_A	0.3544600938967136
5eqn_A	0.17407407407407408
5eqx_A	0.5353075170842825
5er3_A	0.5188679245283019
5er6_A	0.6772908366533864
5erg_A	0.2088235294117647
5erm_B	0.11464968152866242
5ero_A	0.14285714285714285
5esp_A	0.1678082191780822
5ess_A	0.44509803921568625
5esv_G	0.37433155080213903
5esw_A	0.4842105263157895
5et1_A	0.6978851963746223
5ete_A	0.18309859154929578
5eud_A	0.42731277533039647
5euh_C	0.4788732394366197
5ev7_A	0.18672199170124482
5evf_A	0.2571428571428571
5evj_A	0.5490196078431373
5ew5_A	0.1326530612244898
5ew6_A	0.14705882352941177
5ewp_A	0.5145228215767634
5ewq_A	0.2316831683168317
5ews_D	0.3282442748091603
5ewt_A	0.5020242914979757
5ex0_A	0.317016317016317
5ex1_C	0.1801470588235294
5ex2_A	0.1198501872659176
5ex9_A	0.10386473429951691
5exd_D	0.4137055837563452
5exe_C	0.40445859872611467
5exk_A	0.545751633986928
5ey3_A	0.1334841628959276
5eyf_B	0.5473251028806584
5eyi_A	0.04484304932735426
5ez2_A	0.15384615384615385
5ez3_B	0.17254901960784313
5ez7_A	0.32231404958677684
5f06_A	0.3145539906103286
5f0j_B	0.3562091503267974
5f0n_A	0.38823529411764707
5f0u_A	0.4461538461538462
5f15_A	0.3254901960784314
5f1p_A	0.6859504132231405
5f1q_A	0.3215686274509804
5f1s_A	0.6699029126213593
5f2k_A	0.46089385474860334
5f2t_B	0.45038167938931295
5f37_B	0.3135593220338983
5f3y_A	0.18627450980392157
5f4b_A	0.6416184971098265
5f4z_D	0.5089514066496164
5f55_A	0.37254901960784315
5f5l_A	0.603448275862069
5f7c_C	0.17450980392156862
5f7j_B	0.30927835051546393
5f7q_E	0.4090909090909091
5f7v_A	0.4072164948453608
5f87_F	0.3041095890410959
5f8v_A	0.3106267029972752
5f9p_A	0.43983402489626555
5f9q_A	0.2994652406417112
5fag_A	0.45897435897435895
5fb5_B	0.1588235294117647
5fby_A	0.34285714285714286
5fc5_A	0.431924882629108
5fc9_A	0.5473684210526316
5fcd_A	0.6578947368421053
5fce_B	0.4827586206896552
5fcu_G	0.15384615384615385
5ff5_A	0.38699690402476783
5ffn_A	0.4855305466237942
5ffq_A	0.6262135922330098
5fg3_A	0.28431372549019607
5fgn_A	0.32745098039215687
5fgu_A	0.05454545454545454
5fhi_A	0.3674418604651163
5fhy_A	0.11353711790393013
5fhz_F	0.289532293986637
5fhz_G	0.30303030303030304
5fib_A	0.40980392156862744
5fid_A	0.2518518518518518
5fiq_A	0.2396694214876033
5fjd_B	0.36036036036036034
5fjl_A	0.07352941176470588
5fjn_A	0.23937360178970918
5fjw_F	0.3269961977186312
5fku_A	0.2725490196078431
5fl3_A	0.2796610169491525
5flc_2	0.005479452054794521
5flu_K	0.2883435582822086
5flv_M	0.1091703056768559
5fly_A	0.44086021505376344
5fm5_M	0.6016260162601627
5fmv_A	0.5811965811965812
5fn0_A	0.2923076923076923
5fno_A	0.07058823529411765
5fo4_B	0.08832807570977919
5fok_A	0.40980392156862744
5foo_A	0.41252699784017277
5foy_A	0.035326086956521736
5fp1_A	0.43137254901960786
5fp2_A	0.3246492985971944
5fpz_A	0.6727272727272727
5fq0_A	0.6363636363636364
5fq6_M	0.396078431372549
5fq7_C	0.19166666666666668
5fq8_F	0.1917808219178082
5fq8_G	0.33962264150943394
5fr7_B	0.06164383561643835
5fr8_A	0.4019607843137255
5fra_A	0.38578680203045684
5frd_A	0.5859375
5fsc_A	0.3230088495575221
5fsz_A	0.3673469387755102
5ft0_A	0.050980392156862744
5ftf_A	0.2638888888888889
5ftt_A	0.5190839694656488
5ftt_F	0.6445783132530121
5ftt_G	0.26902173913043476
5ftw_A	0.4666666666666667
5ftx_A	0.34705882352941175
5fu5_A	0.4188034188034188
5fuc_A	0.05921052631578947
5fui_A	0.6854838709677419
5fv5_A	0.24858757062146894
5fvj_A	0.4
5fx8_U	0.2750809061488673
5fya_B	0.41568627450980394
5fyo_A	0.3087248322147651
5fzp_A	0.41569767441860467
5g06_J	0.1627450980392157
5g0f_A	0.18181818181818182
5g0j_A	0.296078431372549
5g0y_B	0.3713527851458886
5g1r_G	0.4329896907216495
5g3p_A	0.5045871559633027
5g4j_A	0.3829787234042553
5g56_A	0.5764705882352941
5g5g_B	0.20569620253164558
5g5g_C	0.24901960784313726
5g5r_A	0.2459016393442623
5g5s_A	0.12156862745098039
5g5y_A	0.3319838056680162
5g6t_B	0.4426751592356688
5g6v_A	0.3181818181818182
5gai_I	0.1392156862745098
5gg6_B	0.3898305084745763
5ggi_B	0.3509803921568627
5ghu_A	0.4626865671641791
5gi0_A	0.36885245901639346
5gi4_B	0.44933920704845814
5gij_B	0.7725490196078432
5giz_A	0.5424354243542435
5gj3_A	0.5
5gjo_A	0.36623376623376624
5gjs_A	0.134375
5gjx_B	0.5673076923076923
5gk2_A	0.40789473684210525
5gka_A	0.2608695652173913
5gka_B	0.1981981981981982
5gkm_A	0.14935064935064934
5gkv_A	0.2668463611859838
5gky_E	0.15294117647058825
5gl5_A	0.45707656612529
5gl6_A	0.34911242603550297
5gl9_A	0.31343283582089554
5glj_A	0.3125
5glw_A	0.2589928057553957
5glx_A	0.10138248847926268
5gm6_b	0.16
5gma_E	0.5771604938271605
5gmc_A	0.5344827586206896
5gmd_A	0.2553846153846154
5gmj_B	0.21428571428571427
5gmt_A	0.352059925093633
5gmx_A	0.27100271002710025
5gnx_A	0.4434589800443459
5got_A	0.42
5goy_A	0.14313725490196078
5gp4_A	0.3854875283446712
5gq0_A	0.48520710059171596
5gqo_B	0.3979591836734694
5gqt_A	0.3829787234042553
5gqz_A	0.4803921568627451
5grb_B	0.39622641509433965
5gro_A	0.34951456310679613
5gsm_A	0.3843137254901961
5gt1_A	0.33986928104575165
5gt5_A	0.31756756756756754
5gt7_C	0.27358490566037735
5gt9_B	0.6007604562737643
5gu5_A	0.49074074074074076
5gu6_A	0.44562334217506633
5guf_A	0.17088607594936708
5guh_A	0.19607843137254902
5guj_A	0.2932098765432099
5guq_C	0.10738255033557047
5gv3_B	0.09815950920245399
5gva_A	0.521311475409836
5gve_B	0.2545454545454545
5gvx_A	0.3860103626943005
5gvy_A	0.2
5gw8_B	0.43006993006993005
5gwd_A	0.34309623430962344
5gwe_A	0.14814814814814814
5gwn_A	0.4098360655737705
5gwr_A	0.6049382716049383
5gwy_B	0.06229508196721312
5gx6_A	0.339662447257384
5gxd_A	0.4745098039215686
5gxe_A	0.4350453172205438
5gxx_A	0.3176470588235294
5gy2_C	0.14792899408284024
5gyd_C	0.10964912280701754
5gyn_A	0.488135593220339
5gyq_A	0.08284023668639054
5gyy_B	0.09135802469135802
5gza_A	0.3103448275862069
5gzs_A	0.35648148148148145
5h02_A	0.5952380952380952
5h06_B	0.4348697394789579
5h10_C	0.24615384615384617
5h1a_B	0.30864197530864196
5h1j_A	0.46862745098039216
5h1w_A	0.5888888888888889
5h1y_B	0.3673469387755102
5h2d_A	0.0430622009569378
5h34_B	0.3125
5h36_E	0.08762886597938144
5h3h_B	0.6617100371747212
5h3k_A	0.19019607843137254
5h3w_B	0.14056224899598393
5h3x_A	0.0898876404494382
5h42_B	0.08235294117647059
5h45_B	0.24203821656050956
5h4e_A	0.072
5h4s_A	0.10211267605633803
5h5l_B	0.3316582914572864
5h5t_A	0.11224489795918367
5h5v_C	0.07303370786516854
5h5x_C	0.6926070038910506
5h60_A	0.21052631578947367
5h64_B	0.08823529411764706
5h69_A	0.20634920634920634
5h6i_A	0.17209302325581396
5h6n_A	0.07407407407407407
5h6t_B	0.2567849686847599
5h75_D	0.4711111111111111
5h7d_A	0.35353535353535354
5h7v_A	0.2125
5h7x_E	0.543859649122807
5h8l_C	0.5481727574750831
5h8w_A	0.2901960784313726
5h92_B	0.16470588235294117
5h9i_A	0.2708333333333333
5ha8_A	0.5657142857142857
5has_A	0.3123359580052493
5hb6_B	0.13286713286713286
5hb7_A	0.128
5hba_A	0.5338345864661654
5hbf_B	0.47058823529411764
5hbh_B	0.11851851851851852
5hc1_D	0.10454545454545454
5hc3_A	0.5290697674418605
5hc8_A	0.15254237288135594
5hca_A	0.36466165413533835
5hcc_C	0.04054054054054054
5hcy_A	0.3675496688741722
5hd2_A	0.06493506493506493
5hdf_B	0.56875
5hdi_A	0.12090680100755667
5hdw_A	0.16793893129770993
5hec_A	0.5869565217391305
5hee_A	0.3473282442748092
5hev_C	0.5714285714285714
5hfk_A	0.34299516908212563
5hft_A	0.10163934426229508
5hgc_A	0.032171581769437
5hgz_A	0.4976303317535545
5hh7_A	0.078125
5hh9_A	0.38461538461538464
5hic_A	0.3509933774834437
5hih_A	0.281437125748503
5hiu_A	0.5282555282555282
5hiw_A	0.12531969309462915
5hj5_B	0.4307116104868914
5hjf_D	0.35135135135135137
5hji_A	0.46418338108882523
5hjn_A	0.07467532467532467
5hk8_A	0.5720338983050848
5hkc_A	0.3157894736842105
5hki_A	0.4857142857142857
5hl3_A	0.449438202247191
5hlb_A	0.11176470588235295
5hm2_A	0.11442786069651742
5hmb_A	0.512
5hmq_D	0.4823529411764706
5hn3_A	0.3614457831325301
5hno_B	0.5178571428571429
5ho1_A	0.5465116279069767
5hoe_A	0.6465116279069767
5hos_A	0.6012658227848101
5hp5_A	0.20588235294117646
5hpn_A	0.47126436781609193
5hqc_A	0.27058823529411763
5hqg_A	0.5185185185185185
5hqh_A	0.3333333333333333
5hqj_A	0.6747404844290658
5hqw_A	0.32752613240418116
5hr4_J	0.3137254901960784
5hsa_A	0.1588235294117647
5hsg_A	0.6912280701754386
5hsj_A	0.2549019607843137
5hsq_A	0.29918032786885246
5ht6_A	0.13821138211382114
5ht7_A	0.14634146341463414
5hu4_A	0.33793103448275863
5hu7_A	0.13026819923371646
5hup_A	0.22105263157894736
5huq_A	0.3325635103926097
5hus_A	0.17406143344709898
5huu_A	0.5692963752665245
5hux_A	0.2564102564102564
5hv1_A	0.12352941176470589
5hvk_A	0.4161073825503356
5hw3_A	0.30855018587360594
5hw4_A	0.33771929824561403
5hwf_A	0.4251497005988024
5hwq_A	0.361244019138756
5hws_C	0.39603960396039606
5hwy_A	0.08666666666666667
5hx2_A	0.3215686274509804
5hx2_B	0.1317365269461078
5hy0_C	0.057692307692307696
5hyc_A	0.15384615384615385
5hyh_A	0.1986062717770035
5hyx_B	0.8529411764705882
5hyz_A	0.40331491712707185
5hz2_A	0.4742268041237113
5hzd_A	0.10084033613445378
5hzf_A	0.5174129353233831
5hzi_A	0.20798319327731093
5hzl_B	0.4785714285714286
5i0d_A	0.307843137254902
5i0g_B	0.38823529411764707
5i0i_A	0.09411764705882353
5i0n_A	0.07157464212678936
5i1u_A	0.08666666666666667
5i20_E	0.18900343642611683
5i25_A	0.1843137254901961
5i2a_B	0.10196078431372549
5i2d_G	0.46153846153846156
5i32_A	0.12605042016806722
5i3e_B	0.11206896551724138
5i4e_A	0.06862745098039216
5i5k_B	0.503921568627451
5i5n_A	0.11764705882352941
5i61_A	0.0803921568627451
5i65_A	0.05333333333333334
5i87_A	0.0196078431372549
5i87_B	0.0196078431372549
5i8s_A	0.40782122905027934
5i99_A	0.6934673366834171
5i9j_A	0.3691588785046729
5iai_A	0.43609022556390975
5iaz_A	0.11864406779661017
5ibv_A	0.1882716049382716
5ibz_B	0.2694805194805195
5ic5_A	0.5481927710843374
5icc_A	0.4375
5icq_A	0.31176470588235294
5icu_A	0.5686274509803921
5idj_A	0.45041322314049587
5idu_C	0.25925925925925924
5idy_B	0.6553030303030303
5if3_A	0.5185185185185185
5if9_A	0.5418326693227091
5ifw_A	0.21311475409836064
5ig9_A	0.31974921630094044
5igo_C	0.544891640866873
5ihs_A	0.5522875816993464
5ijt_H	0.47305389221556887
5ijt_I	0.4682080924855491
5ijw_B	0.532608695652174
5ik6_A	0.07647058823529412
5iki_B	0.14786967418546365
5ikj_A	0.08482142857142858
5ikl_B	0.3627450980392157
5il0_A	0.45023696682464454
5il1_B	0.43157894736842106
5il5_B	0.21011673151750973
5il6_B	0.37050359712230213
5ila_A	0.41
5ilg_A	0.6641509433962264
5im2_A	0.38509316770186336
5im3_A	0.08235294117647059
5imh_D	0.06209850107066381
5imm_A	0.6416666666666667
5imu_A	0.09216589861751152
5imy_A	0.14135021097046413
5int_B	0.5808080808080808
5inw_A	0.06865671641791045
5iob_G	0.44891640866873067
5ioj_B	0.45656565656565656
5ioo_A	0.15311004784688995
5iov_B	0.41568627450980394
5ipw_A	0.3137254901960784
5ipx_A	0.07092198581560284
5iqj_A	0.25190839694656486
5iqk_B	0.5111111111111111
5ir2_A	0.23423423423423423
5ir6_A	0.13657407407407407
5ir6_B	0.09393939393939393
5irm_C	0.22549019607843138
5irr_B	0.3665480427046263
5isv_A	0.6153846153846154
5itg_A	0.21487603305785125
5itq_A	0.0979020979020979
5its_D	0.5255102040816326
5itw_A	0.6549019607843137
5iuy_C	0.43902439024390244
5iv5_t	0.2916666666666667
5iv5_u	0.15294117647058825
5ivl_B	0.4430992736077482
5ivu_B	0.18181818181818182
5iwd_A	0.08812260536398467
5iwe_A	0.23297491039426524
5iwz_A	0.3225806451612903
5ix3_A	0.4939759036144578
5ix9_A	0.35526315789473684
5ixg_B	0.3431952662721893
5ixh_B	0.36645962732919257
5ixo_A	0.7745098039215687
5ixp_A	0.3816793893129771
5iy8_C	0.08363636363636363
5iy8_E	0.3476190476190476
5iy8_H	0.09333333333333334
5iz3_A	0.17088607594936708
5iz4_A	0.7004048582995951
5iz5_A	0.2647058823529412
5izd_A	0.2732793522267207
5izo_B	0.4
5j06_B	0.586046511627907
5j0a_B	0.3069306930693069
5j11_C	0.5947368421052631
5j12_A	0.047244094488188976
5j1d_A	0.1260053619302949
5j1i_A	0.07492795389048991
5j1l_B	0.3516483516483517
5j1m_A	0.3614457831325301
5j1t_B	0.10212765957446808
5j32_A	0.2899728997289973
5j37_C	0.07766990291262135
5j3b_B	0.1452513966480447
5j3e_A	0.1686046511627907
5j3u_A	0.4674329501915709
5j44_A	0.1843137254901961
5j49_A	0.4486301369863014
5j4g_A	0.6868686868686869
5j4z_F	0.023310023310023312
5j5g_B	0.0779816513761468
5j5l_A	0.13157894736842105
5j5u_B	0.2323008849557522
5j5z_B	0.3091286307053942
5j67_C	0.27450980392156865
5j6f_A	0.5056818181818182
5j6p_B	0.09803921568627451
5j6q_A	0.24509803921568626
5j6r_B	0.019230769230769232
5j72_A	0.34705882352941175
5j7o_F	0.029411764705882353
5j7r_B	0.35570469798657717
5j7t_A	0.17647058823529413
5j7y_B	0.07142857142857142
5j7y_S	0.0
5j7y_Y	0.015527950310559006
5j85_A	0.28431372549019607
5j8b_z	0.3588235294117647
5j8k_G	0.045098039215686274
5j8k_L	0.00980392156862745
5j8k_M	0.004395604395604396
5j8k_N	0.005797101449275362
5j98_A	0.09523809523809523
5j98_B	0.15384615384615385
5j98_C	0.1486810551558753
5j9s_A	0.08666666666666667
5j9u_E	0.20477815699658702
5ja2_A	0.26666666666666666
5jab_A	0.3851851851851852
5jb2_A	0.44509803921568625
5jca_L	0.4267515923566879
5jce_B	0.4006734006734007
5jd4_A	0.5962145110410094
5jd5_B	0.5628930817610063
5jd6_A	0.6484018264840182
5jda_A	0.1615598885793872
5jdd_A	0.6463878326996197
5je1_A	0.5778688524590164
5je8_B	0.4523809523809524
5jea_D	0.15178571428571427
5jea_I	0.0851063829787234
5jfm_B	0.2411504424778761
5jgw_A	0.4554140127388535
5jh5_A	0.6704119850187266
5jh8_A	0.5646687697160884
5jh9_B	0.0880503144654088
5jhe_A	0.28865979381443296
5jho_A	0.12244897959183673
5jhq_D	0.5961123110151187
5jig_A	0.2033898305084746
5jir_A	0.28087167070217917
5jis_C	0.39233038348082594
5jiz_A	0.4966887417218543
5jj5_A	0.5324675324675324
5jk5_A	0.115
5jk9_A	0.33195020746887965
5jkj_A	0.5027027027027027
5jkq_B	0.1702127659574468
5jlb_A	0.1814516129032258
5jld_A	0.1843137254901961
5jm6_A	0.07640449438202247
5jm8_A	0.0784313725490196
5jma_A	0.46464646464646464
5jmb_A	0.2087912087912088
5jmd_A	0.2
5jn8_C	0.06818181818181818
5jne_A	0.150997150997151
5jnm_A	0.35013262599469497
5jnq_A	0.13029315960912052
5jo9_A	0.6443514644351465
5joz_A	0.41222879684418146
5jp0_A	0.3862745098039216
5jp3_A	0.11707317073170732
5jpm_A	0.5411764705882353
5jpn_C	0.1206896551724138
5jpo_A	0.3425925925925926
5jpq_H	0.029154518950437316
5jpq_m	0.06796116504854369
5jpw_A	0.16083916083916083
5jqc_A	0.20967741935483872
5jqk_A	0.08823529411764706
5jqm_C	0.1271186440677966
5jrk_A	0.34705882352941175
5js6_A	0.6380597014925373
5jsy_A	0.22968197879858657
5jt8_B	0.23076923076923078
5jto_A	0.15483870967741936
5jug_A	0.10119047619047619
5juh_A	0.19708029197080293
5juy_B	0.2784313725490196
5jv4_A	0.2746478873239437
5jvg_H	0.23880597014925373
5jvk_A	0.5265306122448979
5jwg_A	0.08431372549019608
5jwy_A	0.21621621621621623
5jx8_A	0.21585903083700442
5jxl_A	0.050980392156862744
5jy1_A	0.6616541353383458
5jy5_A	0.580952380952381
5jy7_B	0.28431372549019607
5jy9_B	0.06367924528301887
5jyb_A	0.5087209302325582
5jym_B	0.5422222222222223
5jyu_A	0.5299145299145299
5jyx_B	0.1926605504587156
5jz9_A	0.6302816901408451
5jze_A	0.11320754716981132
5jzg_C	0.026402640264026403
5jzv_A	0.45714285714285713
5jzx_A	0.13736263736263737
5k1c_C	0.4668304668304668
5k1s_A	0.49162011173184356
5k2x_A	0.34541062801932365
5k39_A	0.3652694610778443
5k3j_A	0.12156862745098039
5k3w_A	0.2214765100671141
5k59_B	0.09897610921501707
5k5a_B	0.2873134328358209
5k5w_B	0.05752212389380531
5k5x_A	0.34202898550724636
5k5z_D	0.3471337579617834
5k6k_B	0.09887005649717515
5k78_B	0.48148148148148145
5k79_A	0.08333333333333333
5k7v_A	0.07885304659498207
5k7x_A	0.17210682492581603
5k8g_A	0.29215686274509806
5k8k_A	0.46835443037974683
5k9a_A	0.2651162790697674
5k9h_A	0.4215686274509804
5k9z_B	0.6691729323308271
5kak_E	0.475
5kas_A	0.4174757281553398
5kau_A	0.4666666666666667
5kbc_B	0.37948717948717947
5kbe_B	0.06796116504854369
5kbf_A	0.46808510638297873
5kbk_A	0.17834394904458598
5kbw_B	0.22807017543859648
5kca_A	0.43529411764705883
5kck_A	0.07126436781609195
5kd2_A	0.11568627450980393
5kda_A	0.0875
5kdm_D	0.016666666666666666
5kdp_C	0.0803921568627451
5kdv_A	0.30392156862745096
5ke1_A	0.30745341614906835
5keh_A	0.09917355371900827
5kej_A	0.3108108108108108
5ket_A	0.4603658536585366
5keu_B	0.2714285714285714
5kf9_A	0.4952681388012618
5khl_B	0.4980544747081712
5kia_A	0.4277286135693215
5kiv_A	0.3473282442748092
5kja_A	0.36929460580912865
5kkg_A	0.2383073496659243
5kkl_A	0.3471933471933472
5kkp_A	0.09037328094302555
5kkw_A	0.4641350210970464
5klh_A	0.14027149321266968
5klq_A	0.08333333333333333
5kmy_A	0.5229007633587787
5knn_A	0.13333333333333333
5kol_A	0.3699421965317919
5kpv_33	0.15098039215686274
5kqb_A	0.41379310344827586
5kqj_A	0.32972972972972975
5kre_A	0.6383928571428571
5ks7_A	0.2764227642276423
5ks8_C	0.3607843137254902
5ksd_A	0.13137254901960785
5kte_H	0.5355450236966824
5ktk_A	0.5176991150442478
5kuc_A	0.024875621890547265
5kut_A	0.44692737430167595
5kva_B	0.5350877192982456
5kvp_A	0.39622641509433965
5kwe_A	0.6235294117647059
5kwy_C	0.39097744360902253
5kxf_A	0.15447154471544716
5kyh_H	0.12396694214876033
5kym_A	0.3900414937759336
5kyw_A	0.3627450980392157
5kzf_K	0.2991967871485944
5kzl_A	0.06829268292682927
5kzt_B	0.3196078431372549
5l09_B	0.08536585365853659
5l0l_A	0.17209302325581396
5l0z_A	0.4618320610687023
5l10_A	0.4127906976744186
5l19_A	0.56
5l1n_B	0.40632054176072235
5l1t_A	0.12090680100755667
5l22_B	0.3627450980392157
5l25_A	0.015037593984962405
5l2h_B	0.6938775510204082
5l2p_A	0.5784313725490197
5l2q_D	0.42517006802721086
5l2x_A	0.0959409594095941
5l37_C	0.4418604651162791
5l3t_B	0.24835164835164836
5l3w_A	0.4444444444444444
5l4k_V	0.24232081911262798
5l4k_W	0.576530612244898
5l4s_A	0.5483870967741935
5l54_O	0.112
5l59_A	0.17450980392156862
5l6m_J	0.5196850393700787
5l73_A	0.5747126436781609
5l7o_C	0.10869565217391304
5l7r_A	0.3058823529411765
5l84_A	0.3754646840148699
5l8s_D	0.43137254901960786
5l8x_A	0.27906976744186046
5l9a_A	0.557632398753894
5l9p_B	0.35964912280701755
5l9s_A	0.3834355828220859
5l9w_A	0.16862745098039217
5l9w_b	0.2901960784313726
5la7_A	0.41929133858267714
5lak_C	0.0891089108910891
5lal_B	0.08387096774193549
5lam_A	0.42592592592592593
5lb9_A	0.4767123287671233
5lbd_A	0.0782608695652174
5lbk_A	0.17647058823529413
5lbp_A	0.4336734693877551
5ld2_D	0.25882352941176473
5lda_A	0.34615384615384615
5ldd_F	0.5379746835443038
5ldp_A	0.2857142857142857
5ldr_A	0.5019607843137255
5ldt_B	0.3598014888337469
5ldw_G	0.10980392156862745
5ldy_B	0.4277286135693215
5lej_B	0.4978902953586498
5lem_A	0.625
5lf2_A	0.46357615894039733
5lf8_A	0.2924901185770751
5lg9_A	0.1346153846153846
5lgd_A	0.0725
5lh9_D	0.3585746102449889
5lhd_C	0.27058823529411763
5lhf_B	0.5023923444976076
5lhk_A	0.34945054945054943
5lhu_A	0.46830985915492956
5li2_F	0.1522248243559719
5lie_B	0.11083123425692695
5liv_A	0.12342569269521411
5ljl_A	0.6870748299319728
5ljm_A	0.04926108374384237
5ljw_A	0.40181268882175225
5lkd_A	0.17329545454545456
5lkm_A	0.36923076923076925
5llw_B	0.29411764705882354
5lmc_A	0.5533498759305211
5lnc_A	0.35714285714285715
5lne_B	0.16049382716049382
5lnm_A	0.6066666666666667
5lo7_B	0.24603174603174602
5lo9_A	0.29936305732484075
5loi_A	0.3375959079283887
5lom_B	0.476
5lp2_A	0.11944444444444445
5lp5_A	0.22549019607843138
5lp5_C	0.10191082802547771
5lp7_D	0.344559585492228
5lpc_A	0.03529411764705882
5lpe_A	0.3431372549019608
5lq4_B	0.1913978494623656
5lq7_A	0.07281553398058252
5lqd_D	0.5324384787472036
5lrv_A	0.08741258741258741
5ls7_B	0.546875
5lsf_A	0.053497942386831275
5lst_A	0.3431372549019608
5lth_A	0.08982035928143713
5ltv_D	0.3805309734513274
5lu3_A	0.09090909090909091
5luf_B	0.1048951048951049
5luf_F	0.031630170316301706
5luf_G	0.029411764705882353
5luf_I	0.08024691358024691
5luf_N	0.006134969325153374
5luf_P	0.12301587301587301
5lvc_c	0.24663677130044842
5lvf_A	0.2887323943661972
5lvy_A	0.474025974025974
5lw0_B	0.25980392156862747
5lw6_A	0.2895927601809955
5lwa_A	0.10810810810810811
5lwe_B	0.14736842105263157
5lwg_A	0.0625
5lwx_A	0.47843137254901963
5lx1_A	0.3403141361256545
5lxf_B	0.08053691275167785
5lxk_A	0.5520833333333334
5lxv_C	0.43352601156069365
5ly8_A	0.12173913043478261
5ly9_A	0.03804347826086957
5lz1_A	0.1276595744680851
5lzl_D	0.49702380952380953
5lzz_ii	0.32526881720430106
5m00_G	0.5240641711229946
5m0a_A	0.6627906976744186
5m0p_A	0.125
5m0t_A	0.3205574912891986
5m11_A	0.4
5m1h_A	0.15
5m1j_A6	0.3803921568627451
5m1x_D	0.11278195488721804
5m21_H	0.2972972972972973
5m2u_B	0.06542056074766354
5m3e_A	0.40789473684210525
5m41_A	0.023529411764705882
5m43_A	0.3630952380952381
5m4d_A	0.3826879271070615
5m4o_E	0.46706586826347307
5m4s_A	0.11961722488038277
5m4v_A	0.21052631578947367
5m59_H	0.07865168539325842
5m5j_B	0.46474358974358976
5m5w_B	0.03137254901960784
5m60_A	0.5196078431372549
5m6g_A	0.44509803921568625
5m6q_A	0.04
5m7h_A	0.4584323040380047
5m7o_A	0.4486607142857143
5m85_A	0.5220125786163522
5m86_A	0.09345794392523364
5m89_B	0.5045592705167173
5m8q_C	0.03139013452914798
5m99_A	0.3715415019762846
5m9f_A	0.19811320754716982
5m9n_A	0.15346534653465346
5mac_A	0.3086680761099366
5mbx_A	0.2478813559322034
5mc1_B	0.2556701030927835
5mc9_A	0.2568627450980392
5mcp_F	0.24853801169590642
5mdh_B	0.3303303303303303
5mdn_A	0.2529411764705882
5mdq_A	0.34285714285714286
5me3_A	0.22745098039215686
5me7_C	0.0989010989010989
5mef_A	0.07450980392156863
5meh_A	0.2899543378995434
5mg3_D	0.16908212560386474
5mg3_F	0.2422145328719723
5mg3_Y	0.06997742663656885
5mgs_H	0.20930232558139536
5mgu_A	0.16707616707616707
5mgx_G	0.4774436090225564
5mgy_H	0.1360759493670886
5mgz_A	0.6608695652173913
5mh3_A	0.17482517482517482
5mha_A	0.4902597402597403
5mhf_D	0.15490196078431373
5mhs_E	0.5571428571428572
5mht_A	0.42201834862385323
5mhw_A	0.44889779559118237
5mif_A	0.5695364238410596
5min_B	0.40176600441501104
5mio_C	0.31027253668763105
5miy_A	0.15748031496062992
5mj7_A	0.5093167701863354
5mjy_B	0.29085872576177285
5mk9_A	0.3835978835978836
5mld_A	0.5634920634920635
5mlf_A	0.08866995073891626
5mlg_A	0.22527472527472528
5mlp_A	0.21176470588235294
5mlq_A	0.2345132743362832
5mlz_A	0.5070422535211268
5mm2_A	0.04395604395604396
5mm2_B	0.008298755186721992
5mmh_A	0.558252427184466
5mmi_D	0.09502262443438914
5mmi_E	0.07075471698113207
5mmi_F	0.13989637305699482
5mmi_I	0.145985401459854
5mmj_b	0.18025751072961374
5mmj_f	0.5486725663716814
5mmj_i	0.2916666666666667
5mmm_T	0.2616279069767442
5mmm_y	0.3706896551724138
5mnt_B	0.047505938242280284
5mog_B	0.2584745762711864
5mp4_A	0.5279187817258884
5mp9_m	0.11261261261261261
5mpb_W	0.5126903553299492
5mpc_8	0.1341772151898734
5mpi_A	0.17560975609756097
5mpo_B	0.4523809523809524
5mpt_A	0.48021108179419525
5mq3_AK	0.6024844720496895
5mq6_A	0.26666666666666666
5mqc_A	0.07857142857142857
5mqc_B	0.19047619047619047
5mqc_C	0.08846153846153847
5mqf_F	0.4788273615635179
5mqo_A	0.3137254901960784
5mqp_E	0.49019607843137253
5mqz_A	0.27526132404181186
5mqz_B	0.2517482517482518
5mr3_B	0.1623931623931624
5mr6_T	0.25757575757575757
5mrc_JJ	0.04838709677419355
5mrc_d	0.10679611650485436
5mre_1	0.15517241379310345
5mre_D	0.0873015873015873
5mre_E	0.14233576642335766
5mri_A	0.28627450980392155
5msz_A	0.2923076923076923
5mt2_A	0.35511363636363635
5mtd_A	0.15328467153284672
5mtz_A	0.19607843137254902
5mu4_A	0.18877551020408162
5muf_A	0.4238095238095238
5mun_A	0.06043956043956044
5mus_B	0.08231707317073171
5mv0_B	0.22815533980582525
5mv5_B	0.176
5mv7_A	0.10547667342799188
5mv9_B	0.30833333333333335
5mwl_A	0.04275534441805225
5mx0_B	0.5882352941176471
5mxc_A	0.3035143769968051
5mxp_A	0.6020408163265306
5my1_Y	0.06862745098039216
5my3_A	0.07281553398058252
5my4_B	0.5483870967741935
5my5_A	0.56
5myi_D	0.17575757575757575
5myj_BP	0.12686567164179105
5myp_A	0.2907216494845361
5mz4_A	0.307843137254902
5mzf_B	0.39634146341463417
5mzh_B	0.5325301204819277
5mzn_A	0.2549019607843137
5mzy_B	0.38524590163934425
5n06_A	0.4946236559139785
5n0c_A	0.08235294117647059
5n0s_B	0.20297029702970298
5n1t_M	0.4112903225806452
5n2b_A	0.33793103448275863
5n2i_A	0.5466666666666666
5n2s_A	0.2297650130548303
5n2u_D	0.06932773109243698
5n3u_A	0.5864661654135338
5n3u_B	0.5941176470588235
5n40_A	0.45170454545454547
5n47_A	0.1
5n4k_A	0.09230769230769231
5n5p_A	0.6594202898550725
5n5p_B	0.09195402298850575
5n6n_C	0.13725490196078433
5n6u_A	0.4980392156862745
5n77_A	0.1245136186770428
5n80_A	0.5670391061452514
5n83_C	0.18877551020408162
5n86_B	0.19285714285714287
5n9d_B	0.4
5n9j_Y	0.02702702702702703
5n9y_B	0.16819571865443425
5n9z_I	0.05755395683453238
5na4_A	0.44472361809045224
5na8_A	0.0784313725490196
5naf_A	0.5994318181818182
5nb9_A	0.24060150375939848
5nbp_A	0.2869198312236287
5ncc_A	0.1627450980392157
5ncm_A	0.08743169398907104
5nco_i	0.3888888888888889
5ncr_B	0.29310344827586204
5ncs_A	0.0374331550802139
5nd1_A	0.060784313725490195
5nd1_B	0.050980392156862744
5ndc_B	0.5209580838323353
5ndx_A	0.3980392156862745
5nek_B	0.5388349514563107
5nf3_A	0.16498993963782696
5nf4_A	0.2745762711864407
5nfi_B	0.3898916967509025
5nfq_A	0.587248322147651
5nfr_A	0.41214057507987223
5nfy_N	0.045112781954887216
5ngh_A	0.13580246913580246
5ngo_A	0.08426966292134831
5nii_B	0.46308724832214765
5nik_D	0.38235294117647056
5nj2_A	0.33088235294117646
5nj9_C	0.22083333333333333
5njb_D	0.24044943820224718
5njl_A	0.0896551724137931
5njo_A	0.47107438016528924
5njx_A	0.4406779661016949
5nkm_D	0.25475285171102663
5nkm_E	0.1225071225071225
5nl8_A	0.08196721311475409
5nla_A	0.3726937269372694
5nmp_A	0.3132075471698113
5nmx_D	0.2762836185819071
5nmz_A	0.12871287128712872
5nnl_B	0.30994152046783624
5nns_A	0.4222222222222222
5nny_B	0.190625
5no5_A	0.5186246418338109
5no7_A	0.05755395683453238
5noa_A	0.4096045197740113
5nod_A	0.12
5nok_B	0.37058823529411766
5np0_A	0.027450980392156862
5np9_A	0.3157894736842105
5npl_A	0.30386740331491713
5npw_C	0.13059701492537312
5nq2_B	0.54
5nqg_A	0.09424083769633508
5nr1_A	0.3185840707964602
5nri_A	0.4437299035369775
5nrk_A	0.5594405594405595
5nrn_B	0.4028436018957346
5ntb_A	0.3090909090909091
5nth_A	0.29215686274509806
5ntt_A	0.3971119133574007
5ntu_A	0.3409090909090909
5nus_A	0.4028436018957346
5nuv_A	0.5481727574750831
5nuz_C	0.035211267605633804
5nv6_A	0.17450980392156862
5nv9_A	0.14583333333333334
5nvs_C	0.05142857142857143
5nvu_H	0.010169491525423728
5nw4_a	0.0
5nw4_b	0.0
5nw5_A	0.27450980392156865
5nws_A	0.14177215189873418
5nx4_A	0.027303754266211604
5nxa_H	0.1069182389937107
5nxb_A	0.38235294117647056
5ny0_A	0.6209912536443148
5nyp_A	0.046948356807511735
5nzz_D	0.24802110817941952
5o0o_B	0.7318611987381703
5o0x_A	0.44061302681992337
5o0y_A	0.3993055555555556
5o15_A	0.3944636678200692
5o1l_A	0.050666666666666665
5o1n_A	0.28054298642533937
5o2c_A	0.3451086956521739
5o2k_A	0.5639097744360902
5o2w_A	0.2540322580645161
5o31_P	0.1166077738515901
5o34_A	0.39712918660287083
5o3m_A	0.10547667342799188
5o3z_F	0.667953667953668
5o46_A	0.08771929824561403
5o4n_A	0.2727272727272727
5o5c_B	0.4081196581196581
5o5e_A	0.11286089238845144
5o5u_A	0.3568627450980392
5o60_D	0.0514018691588785
5o63_B	0.043478260869565216
5o65_B	0.4222972972972973
5o6b_A	0.2627450980392157
5o6f_A	0.3902439024390244
5o6u_B	0.1043956043956044
5o7h_F	0.0625
5o7j_A	0.14666666666666667
5o7y_A	0.18156424581005587
5o95_B	0.38114754098360654
5o9f_A	0.47109826589595377
5oa3_0	0.09603340292275574
5oac_A	0.14193548387096774
5oak_A	0.28888888888888886
5oar_D	0.3273092369477912
5obn_A	0.39705882352941174
5oc2_A	0.2766439909297052
5ocd_A	0.15486725663716813
5och_E	0.2901960784313726
5ocm_A	0.43448275862068964
5ocq_B	0.27956989247311825
5ocr_B	0.2733812949640288
5ocs_B	0.49595687331536387
5ocw_A	0.4980544747081712
5ode_A	0.3395061728395062
5odh_E	0.3422818791946309
5odh_J	0.5072463768115942
5odj_A	0.15083798882681565
5odo_B	0.20980392156862746
5oe3_A	0.4365482233502538
5oe9_C	0.37349397590361444
5oed_A	0.24615384615384617
5oet_B	0.17857142857142858
5oeu_A	0.2217391304347826
5oey_C	0.17177914110429449
5ofl_A	0.5162241887905604
5ofx_H	0.4297520661157025
5oge_G	0.16013071895424835
5ogl_A	0.18627450980392157
5ogx_A	0.45345345345345345
5oi9_A	0.12612612612612611
5oj2_B	0.5686274509803921
5oj3_A	0.38819875776397517
5oj7_A	0.3776223776223776
5ojg_A	0.6653846153846154
5ok6_A	0.2694063926940639
5oku_A	0.4782608695652174
5ol5_A	0.05
5ol6_A	0.04827586206896552
5ola_A	0.05188679245283019
5olc_A	0.49002849002849
5olk_A	0.19240506329113924
5olp_A	0.6851851851851852
5olt_A	0.3394255874673629
5olu_A	0.5709677419354838
5onl_A	0.24752475247524752
5onu_A	0.246875
5oon_A	0.11481481481481481
5ooo_A	0.04216867469879518
5opf_A	0.31958762886597936
5opi_C	0.5090361445783133
5opq_A	0.23529411764705882
5opz_B	0.40601503759398494
5oq2_A	0.5444444444444444
5oql_R	0.44214876033057854
5or3_B	0.0456989247311828
5ore_A	0.4789272030651341
5ot1_A	0.4
5otf_A	0.2871046228710462
5ov5_A	0.38620689655172413
5ovk_A	0.6735537190082644
5ovo_A	0.17288135593220338
5ovs_K	0.0855614973262032
5ovu_A	0.08064516129032258
5ovw_A	0.5306122448979592
5ovz_A	0.4749034749034749
5ow0_A	0.410958904109589
5ow3_C	0.257847533632287
5ow4_A	0.0379746835443038
5own_A	0.04745762711864407
5oxf_A	0.2372549019607843
5oxp_A	0.2987012987012987
5oxt_A	0.04281345565749235
5oyh_L	0.5027027027027027
5oyj_C	0.6412556053811659
5oyn_A	0.2627450980392157
5oyp_B	0.22594142259414227
5oyp_C	0.1684981684981685
5prn_A	0.17993079584775087
5q1x_A	0.187683284457478
5qhk_A	0.514792899408284
5qi1_A	0.41208791208791207
5qoz_A	0.38926174496644295
5r1r_A	0.07647058823529412
5rad_B	0.15406976744186046
5sct_A	0.3583815028901734
5sd6_A	0.3315508021390374
5ssz_A	0.2697841726618705
5suh_A	0.4019607843137255
5sv2_A	0.3111111111111111
5sv5_A	0.7238095238095238
5sv6_A	0.43089430894308944
5sv9_A	0.023109243697478993
5swb_A	0.36123348017621143
5swc_A	0.3004484304932735
5swu_A	0.44621513944223107
5swv_C	0.5098039215686274
5sy4_A	0.5333333333333333
5syd_B	0.35877862595419846
5szn_A	0.5058823529411764
5t09_A	0.4608294930875576
5t0z_A	0.4177215189873418
5t11_B	0.5319148936170213
5t13_A	0.09042553191489362
5t17_A	0.3176470588235294
5t1o_B	0.09803921568627451
5t1p_D	0.45121951219512196
5t2a_Y	0.09022556390977443
5t2u_A	0.6473029045643154
5t3b_A	0.4017467248908297
5t3p_C	0.2986425339366516
5t3u_A	0.4264705882352941
5t43_A	0.2088607594936709
5t4m_A	0.45244956772334294
5t57_A	0.38405797101449274
5t5d_A	0.37333333333333335
5t5i_J	0.24129930394431554
5t5i_K	0.21189591078066913
5t5i_L	0.15384615384615385
5t5i_P	0.2716049382716049
5t5q_C	0.6816326530612244
5t61_S	0.2980392156862745
5t61_p	0.11206896551724138
5t64_A	0.5369458128078818
5t69_A	0.3626760563380282
5t76_A	0.32211538461538464
5t7j_A	0.1888412017167382
5t81_A	0.23260437375745527
5t86_I	0.12195121951219512
5t89_Y	0.5980392156862745
5t8v_A	0.16862745098039217
5t96_B	0.09393939393939393
5t9a_B	0.4470588235294118
5t9c_E	0.4866920152091255
5t9f_B	0.5098814229249012
5t9j_B	0.24552429667519182
5ta1_A	0.40588235294117647
5ta8_A	0.35034013605442177
5tbf_A	0.15
5tbk_I	0.4081145584725537
5tcb_A	0.4426877470355731
5tch_H	0.3645320197044335
5te9_A	0.46715328467153283
5ted_B	0.6285714285714286
5teu_B	0.4406779661016949
5tf2_A	0.5029585798816568
5tfm_A	0.559375
5tfq_A	0.3574007220216607
5tfy_D	0.42073170731707316
5tg0_A	0.5693430656934306
5tg5_A	0.21224489795918366
5tgc_D	0.26401869158878505
5tge_A	0.3105263157894737
5th5_A	0.4149377593360996
5thk_G	0.6
5thq_B	0.684
5thz_B	0.4444444444444444
5tif_A	0.6098901098901099
5tjj_A	0.40551181102362205
5tkm_A	0.42391304347826086
5tkw_A	0.11440677966101695
5tl4_A	0.24511930585683298
5tls_A	0.35685483870967744
5tma_A	0.4627450980392157
5tmb_A	0.44124168514412415
5tmp_A	0.3952380952380952
5tnv_A	0.5522875816993464
5tnx_A	0.45675675675675675
5to3_B	0.2506811989100817
5tod_D	0.10828025477707007
5tos_A	0.3357142857142857
5tp4_B	0.30317848410757947
5tpk_A	0.6089108910891089
5tpr_A	0.3025
5tqj_A	0.4838709677419355
5tr1_A	0.09019607843137255
5trd_A	0.2328767123287671
5trq_A	0.4275618374558304
5tse_A	0.4485294117647059
5tt0_A	0.6535433070866141
5tt6_A	0.14133333333333334
5tta_A	0.07511737089201878
5tu5_A	0.08417508417508418
5tub_A	0.04776119402985075
5tug_A	0.5043478260869565
5tug_B	0.49230769230769234
5tuo_E	0.08771929824561403
5tv6_A	0.08786610878661087
5tvk_B	0.49586776859504134
5tvm_E	0.13513513513513514
5tvn_A	0.2035623409669211
5tvz_A	0.6407766990291263
5tw7_C	0.42073170731707316
5twa_A	0.08074534161490683
5tx1_N	0.09513742071881606
5tx7_A	0.544891640866873
5txc_A	0.3843137254901961
5txf_A	0.40476190476190477
5txk_A	0.14195583596214512
5txr_A	0.3695198329853862
5txu_A	0.10175438596491228
5tz5_A	0.2846975088967972
5tz6_A	0.31724137931034485
5tz8_A	0.5019607843137255
5tzb_C	0.1267605633802817
5tzn_G	0.05555555555555555
5tzs_R	0.049019607843137254
5tzs_Y	0.0392156862745098
5tzs_i	0.0
5tzy_A	0.16267942583732056
5u07_E	0.07084468664850137
5u0h_A	0.3333333333333333
5u0l_A	0.3073770491803279
5u1e_A	0.46417445482866043
5u1h_C	0.4959349593495935
5u1s_A	0.1980392156862745
5u22_A	0.4640198511166253
5u23_D	0.4016393442622951
5u2p_A	0.3805774278215223
5u4n_A	0.35714285714285715
5u4o_A	0.3755274261603376
5u4q_A	0.6043613707165109
5u4u_A	0.45222929936305734
5u4v_A	0.3897058823529412
5u4z_A	0.03867403314917127
5u5n_A	0.30824372759856633
5u6b_D	0.38144329896907214
5u6f_A	0.3159722222222222
5u75_A	0.06944444444444445
5u7x_F	0.2645631067961165
5u81_A	0.08130081300813008
5u89_A	0.3784313725490196
5u8k_B	0.48695652173913045
5u8o_B	0.41388888888888886
5u8u_D	0.31865828092243187
5u90_C	0.36726546906187624
5u93_B	0.4409937888198758
5u9c_D	0.5910652920962199
5uan_B	0.07792207792207792
5uao_A	0.27647058823529413
5uay_A	0.2682119205298013
5ub4_B	0.5017921146953405
5uba_A	0.2748091603053435
5ubd_A	0.1724137931034483
5ubl_A	0.049019607843137254
5ubp_A	0.08315565031982942
5ubu_B	0.08157099697885196
5ubv_A	0.45081967213114754
5uc0_A	0.19875776397515527
5uc7_A	0.34106728538283065
5ucg_A	0.3333333333333333
5uct_B	0.15
5ud6_C	0.5852842809364549
5udf_A	0.2822966507177033
5udg_A	0.11724137931034483
5udy_A	0.36855670103092786
5udz_A	0.2805755395683453
5ue0_A	0.09285714285714286
5ue9_B	0.4770992366412214
5ueb_B	0.1388888888888889
5uei_A	0.6138211382113821
5uen_A	0.1796875
5uf2_A	0.30493273542600896
5ufa_A	0.483739837398374
5ufm_A	0.5511111111111111
5uft_A	0.18055555555555555
5ufv_A	0.4166666666666667
5ufy_A	0.6145251396648045
5ugr_A	0.4613003095975232
5ugz_A	0.5899581589958159
5uib_A	0.564327485380117
5uid_A	0.45776566757493187
5uif_A	0.4375
5uin_A	0.44611528822055135
5uiv_A	0.4222222222222222
5uj6_B	0.47058823529411764
5ujc_A	0.13857677902621723
5ujd_A	0.28346456692913385
5ujj_A	0.18385650224215247
5uju_A	0.22549019607843138
5uk5_B	0.22727272727272727
5uke_A	0.016129032258064516
5ukg_A	0.1065989847715736
5ukr_G	0.033816425120772944
5ul2_A	0.44313725490196076
5ulb_A	0.5945945945945946
5uls_A	0.16470588235294117
5um2_A	0.4177215189873418
5um7_B	0.49295774647887325
5ume_E	0.4417808219178082
5umt_A	0.2488479262672811
5un0_1	0.3771186440677966
5un2_A	0.5313432835820896
5ung_B	0.2
5unl_A	0.6287878787878788
5unm_A	0.39776951672862454
5unq_A	0.45528455284552843
5uof_A	0.5414012738853503
5uot_D	0.22549019607843138
5ups_A	0.46078431372549017
5uqe_D	0.28205128205128205
5uqj_A	0.23923444976076555
5uqp_B	0.6607142857142857
5uqz_A	0.09322033898305085
5urp_A	0.07960199004975124
5us1_A	0.5608465608465608
5usf_A	0.23333333333333334
5usn_A	0.36879432624113473
5usw_B	0.4185185185185185
5utm_A	0.3188405797101449
5utt_C	0.3277777777777778
5uu5_A	0.14418604651162792
5uuj_A	0.24528301886792453
5uun_A	0.2902097902097902
5uv4_A	0.32413793103448274
5uvd_A	0.28440366972477066
5uvg_A	0.3850574712643678
5uvm_A	0.24347826086956523
5uvn_A	0.30288461538461536
5ux0_D	0.12549019607843137
5ux2_A	0.3090909090909091
5ux5_A	0.307843137254902
5uxa_A	0.2956810631229236
5uxn_A	0.28314606741573034
5uyt_B	0.30424528301886794
5uyy_A	0.47989276139410186
5uz8_A	0.5899053627760252
5uzg_A	0.5111111111111111
5uzn_A	0.575
5uzx_A	0.670995670995671
5v0f_A	0.42857142857142855
5v10_A	0.5106382978723404
5v1d_D	0.07692307692307693
5v1q_B	0.42272727272727273
5v1x_D	0.3870246085011186
5v2d_A	0.3668032786885246
5v2s_A	0.041176470588235294
5v2z_A	0.2492836676217765
5v3a_A	0.38311688311688313
5v3h_A	0.2146118721461187
5v3s_A	0.1917808219178082
5v46_A	0.1984126984126984
5v4q_A	0.09037900874635568
5v50_F	0.15942028985507245
5v54_B	0.21148825065274152
5v57_A	0.3588235294117647
5v69_A	0.15217391304347827
5v6c_B	0.21739130434782608
5v74_A1	0.28421052631578947
5v76_A	0.20388349514563106
5v77_A	0.12264150943396226
5v7y_A	0.43478260869565216
5v8c_A	0.18382352941176472
5v8e_A	0.4262295081967213
5v8f_3	0.20980392156862746
5v8f_7	0.18823529411764706
5v8f_8	0.13725490196078433
5v8f_D	0.28289473684210525
5v8k_A	0.08431372549019608
5v93_T	0.336734693877551
5v9t_B	0.2607843137254902
5v9x_A	0.403921568627451
5vae_A	0.32745098039215687
5vae_B	0.4626865671641791
5van_A	0.4019607843137255
5vaw_A	0.3285123966942149
5vaz_B	0.29906542056074764
5vba_A	0.0784313725490196
5vbf_A	0.303347280334728
5vbl_B	0.1813031161473088
5vcm_B	0.3743016759776536
5vcy_A	0.34797297297297297
5ve2_B	0.4063745019920319
5ve5_A	0.47714285714285715
5ve8_B	0.5725490196078431
5veb_Y	0.4205607476635514
5veg_B	0.7181208053691275
5vft_f	0.2
5vg0_A	0.5070422535211268
5vg3_A	0.45287958115183247
5vgj_G	0.08403361344537816
5vgl_A	0.474025974025974
5vhe_A	0.3764705882352941
5vhu_A	0.48404255319148937
5vhv_A	0.4404432132963989
5vhy_E	0.3016759776536313
5via_A	0.02158273381294964
5vic_E	0.1566265060240964
5vis_A	0.4509090909090909
5vj1_L	0.38768115942028986
5vj2_A	0.044444444444444446
5vj4_A	0.09818181818181818
5vj7_B	0.38652482269503546
5vjc_A	0.49236641221374045
5vjv_A	0.40604026845637586
5vkj_A	0.6666666666666666
5vkq_A	0.5647058823529412
5vky_A	0.14754098360655737
5vl4_A	0.0
5vld_F	0.296551724137931
5vlj_B	0.4774011299435028
5vlq_B	0.05811138014527845
5vn2_C	0.6459143968871596
5vn4_A	0.4050632911392405
5vn5_C	0.4101796407185629
5vn6_A	0.2454212454212454
5vnn_C	0.16058394160583941
5vo3_A	0.44473684210526315
5vog_A	0.4715909090909091
5vpn_E	0.2823529411764706
5vpq_A	0.2996389891696751
5vqe_A	0.4470588235294118
5vr6_B	0.4398496240601504
5vrb_C	0.3862745098039216
5vrc_B	0.008771929824561403
5vsu_A	0.45478036175710596
5vt2_A	0.18518518518518517
5vto_A	0.6196319018404908
5vug_A	0.35447761194029853
5vvh_D	0.6333333333333333
5vvs_B	0.047058823529411764
5vx6_A	0.4019138755980861
5vxa_B	0.3202247191011236
5vxc_A	0.49169435215946844
5vxr_H	0.5652173913043478
5vxt_B	0.2532051282051282
5vyl_A	0.10358565737051793
5vym_B	0.365296803652968
5vzj_A	0.09602649006622517
5w0n_A	0.16094986807387862
5w0p_C	0.15294117647058825
5w0y_A	0.22727272727272727
5w10_A	0.4682080924855491
5w15_A	0.6
5w16_A	0.45703125
5w1d_A	0.562962962962963
5w1e_A	0.344
5w1u_B	0.307843137254902
5w21_A	0.3392156862745098
5w2i_A	0.20502092050209206
5w35_B	0.2236024844720497
5w3v_A	0.3978494623655914
5w48_A	0.35398230088495575
5w4c_A	0.4044943820224719
5w4t_A	0.5886075949367089
5w57_A	0.43661971830985913
5w5a_B	0.45132743362831856
5w5e_A	0.32934131736526945
5w66_O	0.17254901960784313
5w6l_A	0.2692307692307692
5w70_B	0.38164251207729466
5w7d_A	0.3196078431372549
5w7k_A	0.6459854014598541
5w8e_A	0.4835680751173709
5w8m_A	0.42857142857142855
5w8n_A	0.4254742547425474
5w8z_A	0.27419354838709675
5w99_A	0.07210031347962383
5wa4_E	0.1757188498402556
5wab_D	0.46078431372549017
5wan_A	0.47214076246334313
5wat_A	0.25161290322580643
5wb2_A	0.32304038004750596
5wbf_C	0.31800766283524906
5wbs_A	0.11678832116788321
5wc3_K	0.38848920863309355
5wcj_A	0.4864864864864865
5wd6_A	0.18974358974358974
5wdd_B	0.08176100628930817
5wdh_A	0.15100671140939598
5wdu_W	0.5650224215246636
5wec_B	0.5752212389380531
5wee_A	0.05851063829787234
5weh_G	0.13137254901960785
5wg6_A	0.11960784313725491
5wgg_A	0.38636363636363635
5wh8_A	0.5139318885448917
5wh9_D	0.47580645161290325
5whm_C	0.3068181818181818
5whv_J	0.109375
5whz_H	0.36070381231671556
5wid_A	0.75
5wii_B	0.35664335664335667
5wje_A	0.5345911949685535
5wjm_A	0.5046296296296297
5wjs_A	0.6782945736434108
5wk1_A	0.16326530612244897
5wk1_K	0.35135135135135137
5wkr_A	0.13023255813953488
5wkw_A	0.4230769230769231
5wlc_LR	0.06274509803921569
5wlc_LX	0.12745098039215685
5wlc_SK	0.21739130434782608
5wln_A	0.3611111111111111
5wlp_A	0.5241379310344828
5wml_A	0.40594059405940597
5wmm_A	0.3843137254901961
5wnj_A	0.4128787878787879
5wno_A	0.3443708609271523
5wox_A	0.42758620689655175
5woy_A	0.12096774193548387
5wp9_B	0.06382978723404255
5wph_A	0.5027932960893855
5wpw_A	0.45118733509234826
5wq0_D	0.6744186046511628
5wq8_M	0.3346774193548387
5wqg_D	0.30714285714285716
5wqk_A	0.4709897610921502
5wql_C	0.3058823529411765
5wqw_A	0.21653543307086615
5wrr_B	0.1004566210045662
5wru_E	0.03215434083601286
5ws2_A	0.3434125269978402
5ws4_A	0.40588235294117647
5wsg_e	0.37058823529411766
5wsy_B	0.296969696969697
5wte_B	0.14746543778801843
5wth_C	0.1016260162601626
5wtn_A	0.23507462686567165
5wtz_A	0.12380952380952381
5wu1_A	0.12373225152129817
5wue_A	0.09359605911330049
5wuf_A	0.08205128205128205
5wug_A	0.37450980392156863
5ww0_A	0.2601626016260163
5wx8_A	0.04242424242424243
5wxu_B	0.4975
5wxz_A	0.5418502202643172
5wyd_C	0.3893129770992366
5wyj_AB	0.02977667493796526
5wyk_AC	0.02754237288135593
5wyk_AG	0.0392156862745098
5wyk_BC	0.38235294117647056
5wze_B	0.24053452115812918
5wzf_B	0.44274809160305345
5wzj_A	0.3862745098039216
5wzr_A	0.3137254901960784
5wzw_A	0.06504065040650407
5x00_A	0.128
5x04_A	0.35507246376811596
5x0f_A	0.2697095435684647
5x0z_E	0.11891891891891893
5x1x_A	0.4076923076923077
5x2b_L	0.3674911660777385
5x2n_C	0.4942263279445728
5x32_B	0.4143222506393862
5x3d_A	0.626984126984127
5x3e_A	0.15733333333333333
5x3g_A	0.26506024096385544
5x3t_B	0.4744525547445255
5x49_A	0.24489795918367346
5x4j_A	0.3205944798301486
5x55_A	0.21014492753623187
5x5m_A	0.2780487804878049
5x5s_A	0.2953020134228188
5x5u_A	0.26260504201680673
5x5v_A	0.05084745762711865
5x62_B	0.39018087855297157
5x6o_G	0.13137254901960785
5x6s_A	0.5693430656934306
5x7f_A	0.6717171717171717
5x7j_B	0.4720812182741117
5x7l_B	0.4222222222222222
5x7s_B	0.20392156862745098
5x8g_A	0.47835051546391755
5x8p_j	0.0
5x8p_v	0.5210526315789473
5x8z_A	0.06006006006006006
5x9j_B	0.40789473684210525
5x9k_A	0.42857142857142855
5x9q_A	0.5126582278481012
5x9u_A	0.10728744939271255
5x9y_C	0.18218623481781376
5xaq_A	0.12048192771084337
5xau_A	0.041176470588235294
5xb0_A	0.3308270676691729
5xb6_A	0.6470588235294118
5xb7_F	0.4823529411764706
5xbc_B	0.13559322033898305
5xbj_A	0.114
5xbt_A	0.39114391143911437
5xbu_A	0.15083798882681565
5xc2_B	0.18235294117647058
5xd8_B	0.48501362397820164
5xdc_B	0.263681592039801
5xdl_A	0.3527397260273973
5xds_A	0.19895287958115182
5xe2_A	0.20192307692307693
5xe5_A	0.08214285714285714
5xe7_B	0.25
5xea_B	0.027707808564231738
5xei_A	0.2627450980392157
5xet_C	0.15643564356435644
5xev_A	0.29095354523227385
5xf7_A	0.5323275862068966
5xf9_C	0.43820224719101125
5xfa_A	0.3333333333333333
5xfi_A	0.05263157894736842
5xfm_A	0.2980392156862745
5xfo_A	0.2
5xft_A	0.3395348837209302
5xfw_D	0.5111111111111111
5xg3_B	0.28609625668449196
5xgb_A	0.44509803921568625
5xgc_A	0.5792811839323467
5xgp_A	0.13253012048192772
5xgq_B	0.16129032258064516
5xgs_A	0.4396984924623116
5xgv_A	0.37093275488069416
5xhb_A	0.06565656565656566
5xhh_A	0.34
5xhw_A	0.5377777777777778
5xhx_A	0.2857142857142857
5xj0_G	0.11811023622047244
5xj6_A	0.15
5xjo_C	0.7438692098092643
5xjx_A	0.8352941176470589
5xk8_A	0.25229357798165136
5xka_A	0.38188976377952755
5xkc_A	0.35874439461883406
5xkp_D	0.37341772151898733
5xks_F	0.6047430830039525
5xkt_A	0.4723618090452261
5xls_A	0.06862745098039216
5xmd_B	0.5838509316770186
5xmj_B	0.20833333333333334
5xmw_A	0.6
5xmz_A	0.13114754098360656
5xn6_D	0.15789473684210525
5xn7_B	0.08627450980392157
5xnc_B	0.3813559322033898
5xne_A	0.11063829787234042
5xnp_A	0.6481994459833795
5xnr_A	0.4077922077922078
5xnz_A	0.0774487471526196
5xoi_A	0.31718061674008813
5xp0_B	0.49635036496350365
5xpg_A	0.17254901960784313
5xpw_A	0.6666666666666666
5xqi_B	0.12318840579710146
5xqm_A	0.24444444444444444
5xr0_A	0.15151515151515152
5xr2_C	0.42033898305084744
5xs2_A	0.3087431693989071
5xs9_A	0.3867403314917127
5xsd_B	0.6739130434782609
5xsf_A	0.5167464114832536
5xsi_A	0.43543543543543545
5xsv_A	0.10905349794238683
5xta_A	0.03333333333333333
5xtg_B	0.6223175965665236
5xth_w	0.290625
5xtk_A	0.37333333333333335
5xtz_D	0.11258278145695365
5xu0_B	0.39826839826839827
5xu1_M	0.3230769230769231
5xu6_C	0.0316622691292876
5xuh_A	0.224
5xuk_A	0.22608695652173913
5xum_A	0.2619047619047619
5xv0_F	0.3389121338912134
5xv1_D	0.018518518518518517
5xvj_A	0.08208955223880597
5xvp_B	0.14583333333333334
5xvr_A	0.42782152230971127
5xw4_B	0.26287262872628725
5xwk_A	0.26862745098039215
5xxb_Y	0.2638888888888889
5xxm_A	0.3862745098039216
5xxu_M	0.23232323232323232
5xy3_A	0.10970464135021098
5xy3_H	0.08854166666666667
5xy3_P	0.21935483870967742
5xy3_Z	0.14074074074074075
5xy3_d	0.1717171717171717
5xyi_B	0.1004566210045662
5xyi_U	0.26804123711340205
5xyn_D	0.00975609756097561
5xz3_A	0.23121387283236994
5xzq_A	0.5277777777777778
5xzw_B	0.3403693931398417
5y00_A	0.19130434782608696
5y0e_A	0.0746606334841629
5y0o_A	0.24396135265700483
5y0w_A	0.04430379746835443
5y1f_A	0.594855305466238
5y1z_B	0.24444444444444444
5y2a_A	0.4804177545691906
5y33_A	0.27307692307692305
5y4l_B	0.27586206896551724
5y4m_A	0.5933333333333334
5y4r_A	0.45787545787545786
5y4t_A	0.48717948717948717
5y57_C	0.5889328063241107
5y58_A	0.28431372549019607
5y58_B	0.2725490196078431
5y5a_A	0.17647058823529413
5y5h_A	0.115
5y5p_D	0.0935672514619883
5y6f_A	0.3230088495575221
5y6i_A	0.345679012345679
5y6l_A	0.3412322274881517
5y6l_C	0.21764705882352942
5y6l_D	0.09859154929577464
5y6p_S8	0.2054380664652568
5y6q_C	0.24509803921568626
5y79_A	0.13442622950819672
5y7d_A	0.2111801242236025
5y7p_A	0.10091743119266056
5y8i_A	0.5171232876712328
5y8u_A	0.3295880149812734
5y92_A	0.3953488372093023
5y97_C	0.16287878787878787
5y9h_A	0.1186046511627907
5y9n_B	0.3025210084033613
5y9o_A	0.10723192019950124
5y9p_A	0.24528301886792453
5y9s_D	0.4709897610921502
5ya0_A	0.28541666666666665
5ya6_B	0.1696969696969697
5yab_C	0.5353260869565217
5yag_A	0.5161290322580645
5yal_A	0.543859649122807
5yb6_A	0.2019607843137255
5ybb_A	0.38193018480492813
5ybe_A	0.6181102362204725
5yca_A	0.21359223300970873
5yck_A	0.32222222222222224
5ycz_A	0.11797752808988764
5ydg_B	0.39655172413793105
5ydh_A	0.3215686274509804
5ydw_A	0.5358361774744027
5yet_A	0.16120906801007556
5yf0_B	0.45014245014245013
5yfg_A	0.05913978494623656
5yfk_A	0.2132701421800948
5yfp_C	0.045098039215686274
5yge_A	0.44970414201183434
5ygf_A	0.13488372093023257
5ygg_A	0.5096774193548387
5yh1_A	0.3234624145785877
5yh4_A	0.0335195530726257
5yh8_A	0.3058823529411765
5yhh_A	0.2923076923076923
5yhu_A	0.13612565445026178
5yhv_A	0.4263959390862944
5yi6_A	0.0954356846473029
5yij_A	0.10392156862745099
5yio_A	0.19834710743801653
5yiy_A	0.34615384615384615
5yj7_C	0.42653061224489797
5yjj_A	0.09276018099547512
5yjl_D	0.09881422924901186
5yk1_A	0.17955112219451372
5yk6_A	0.10460251046025104
5yki_A	0.27676240208877284
5yko_A	0.2936344969199179
5ykt_A	0.304635761589404
5ylb_A	0.42245989304812837
5yln_A	0.47126436781609193
5ylo_A	0.4340425531914894
5yly_B	0.4795539033457249
5ym9_A	0.020833333333333332
5ymx_A	0.47029702970297027
5ynf_B	0.048
5ynr_A	0.13043478260869565
5yoy_A	0.5844155844155844
5yoz_A	0.4685714285714286
5yq0_C	0.1118421052631579
5yq3_A	0.10493827160493827
5yq5_B	0.6143790849673203
5yrp_A	0.45982142857142855
5yry_A	0.47413793103448276
5ys9_A	0.14705882352941177
5ysc_A	0.49411764705882355
5ysd_B	0.35989717223650386
5ysz_A	0.6574923547400612
5yt7_A	0.3533834586466165
5yti_A	0.10606060606060606
5yu7_A	0.35490196078431374
5yuq_A	0.44054054054054054
5yux_F	0.23976608187134502
5yvf_A	0.11801242236024845
5yvl_D	0.5533980582524272
5yvq_B	0.10679611650485436
5yvr_A	0.40198511166253104
5ywn_A	0.5615615615615616
5yws_B	0.39316239316239315
5yww_A	0.32783505154639175
5yx4_A	0.12931034482758622
5yxi_A	0.34177215189873417
5yxy_C	0.05172413793103448
5yy3_A	0.0784313725490196
5yy7_A	0.24250681198910082
5yym_A	0.21568627450980393
5yys_A	0.13529411764705881
5yyx_A	0.4
5yz0_A	0.03137254901960784
5yz1_A	0.1625
5yzn_A	0.5098039215686274
5yzv_C	0.5655172413793104
5yzz_C	0.13513513513513514
5z01_A	0.5081967213114754
5z06_B	0.44509803921568625
5z08_A	0.3925233644859813
5z0c_A	0.4305177111716621
5z0f_A	0.05017921146953405
5z0q_B	0.40105540897097625
5z0z_B	0.4177777777777778
5z19_B	0.4588235294117647
5z1b_A	0.45294117647058824
5z1n_A	0.08433734939759036
5z20_F	0.5952380952380952
5z2c_A	0.40224719101123596
5z2m_B	0.5985401459854015
5z2r_G	0.48627450980392156
5z36_A	0.4090909090909091
5z3k_B	0.4803312629399586
5z3m_A	0.45098039215686275
5z3q_B	0.1323529411764706
5z4a_A	0.15384615384615385
5z5b_A	0.46794871794871795
5z5c_B	0.375
5z5e_B	0.1752136752136752
5z5m_A	0.304029304029304
5z66_A	0.23137254901960785
5z68_C	0.22788203753351208
5z6d_A	0.14705882352941177
5z6n_B	0.5472972972972973
5z6v_A	0.620253164556962
5z79_C	0.23529411764705882
5z7c_A	0.1859903381642512
5z7d_B	0.2367758186397985
5z7q_A	0.14772727272727273
5z87_A	0.4137254901960784
5z8b_A	0.5119617224880383
5z8l_A	0.1323529411764706
5z8t_A	0.2582278481012658
5z9o_A	0.49865951742627346
5z9s_A	0.3764705882352941
5z9t_A	0.6032064128256514
5z9z_A	0.32673267326732675
5za4_A	0.3770491803278688
5zac_A	0.11739130434782609
5zac_B	0.12931034482758622
5zb2_A	0.7686567164179104
5zb3_A	0.11071428571428571
5zb8_A	0.325
5zbf_A	0.6619047619047619
5zbk_A	0.5659340659340659
5zbt_A	0.41509433962264153
5zby_A	0.5769230769230769
5zc1_A	0.1782178217821782
5zcm_A	0.46200607902735563
5zcr_A	0.21372549019607842
5zdh_O	0.352112676056338
5zdm_A	0.15151515151515152
5ze3_B	0.11738148984198646
5ze8_A	0.3012987012987013
5zef_B	0.39057239057239057
5zep_0	0.0648854961832061
5zer_A	0.5875706214689266
5zet_1	0.26666666666666666
5zey_C	0.08695652173913043
5zh8_A	0.26256983240223464
5zhg_A	0.1111111111111111
5zhh_A	0.17063492063492064
5zhz_A	0.5634920634920635
5zi0_A	0.6370967741935484
5zi1_A	0.10588235294117647
5zi5_A	0.32745098039215687
5zi9_B	0.5166666666666667
5zib_A	0.35490196078431374
5ziy_A	0.1076923076923077
5zjg_A	0.09467455621301775
5zke_B	0.09497206703910614
5zkg_A	0.21818181818181817
5zki_B	0.18421052631578946
5zkq_B	0.17042606516290726
5zku_F	0.5079006772009029
5zl1_A	0.5751633986928104
5zl6_A	0.40860215053763443
5zl9_A	0.43137254901960786
5zlf_B	0.1583011583011583
5zlf_C	0.14685314685314685
5zlg_A	0.16
5zlr_A	0.4945945945945946
5zlu_EE	0.3
5zm4_D	0.38461538461538464
5zm8_B	0.048426150121065374
5zme_A	0.2549019607843137
5zmm_A	0.14901960784313725
5zmp_A	0.4819672131147541
5zmu_D	0.47735191637630664
5zn7_B	0.3
5zng_A	0.5189873417721519
5znm_A	0.04189944134078212
5znq_A	0.4918032786885246
5zqc_D	0.3185483870967742
5zr1_E	0.2847826086956522
5zr2_C	0.45454545454545453
5zr6_A	0.3598130841121495
5zrd_A	0.1568627450980392
5zro_B	0.40310077519379844
5zsr_A	0.4536082474226804
5zsx_A	0.2929936305732484
5ztb_B	0.3247588424437299
5zto_A	0.36394557823129253
5ztp_A	0.3431952662721893
5ztz_A	0.41895261845386533
5zu2_B	0.1627450980392157
5zu5_A	0.4056795131845842
5zum_B	0.09215686274509804
5zuu_C	0.20114942528735633
5zve_A	0.4921875
5zvj_A	0.36454849498327757
5zw2_A	0.27676240208877284
5zwu_A	0.25513196480938416
5zx9_A	0.4121212121212121
5zxd_B	0.35030549898167007
5zy6_B	0.5061224489795918
5zy8_C	0.40875912408759124
5zyn_B	0.29723991507430997
5zyr_A	0.27450980392156865
5zzj_A	0.10784313725490197
5zzq_A	0.39154929577464787
6a09_A	0.13793103448275862
6a0i_A	0.16393442622950818
6a0k_A	0.35555555555555557
6a0n_A	0.22188449848024316
6a0r_A	0.3614457831325301
6a0w_A	0.4355400696864111
6a17_A	0.13288288288288289
6a29_E	0.10071942446043165
6a2b_B	0.5531914893617021
6a2s_A	0.35
6a34_A	0.31741573033707865
6a3f_B	0.47780678851174935
6a41_A	0.639344262295082
6a43_A	0.46598639455782315
6a47_A	0.45982142857142855
6a48_A	0.47843137254901963
6a4c_A	0.06976744186046512
6a4m_A	0.18587360594795538
6a4r_A	0.42127659574468085
6a51_B	0.14556962025316456
6a5b_A	0.47074468085106386
6a5g_B	0.2929936305732484
6a69_B	0.6062992125984252
6a6a_A	0.25136612021857924
6a6e_A	0.41232227488151657
6a6f_A	0.125
6a6o_A	0.5625
6a6x_A	0.2857142857142857
6a6y_A	0.13815789473684212
6a70_B	0.14313725490196078
6a7t_B	0.2028985507246377
6a83_A	0.4257703081232493
6a8i_A	0.41509433962264153
6a8k_A	0.3360655737704918
6a8w_A	0.24427480916030533
6a97_A	0.2846441947565543
6a9n_A	0.5105740181268882
6a9s_A	0.09943181818181818
6a9t_A	0.20623501199040767
6a9w_A	0.20640569395017794
6a9y_A	0.20422535211267606
6aae_B	0.6146496815286624
6aam_A	0.35315985130111527
6ac3_B	0.43333333333333335
6acf_A	0.30517711171662126
6acs_B	0.2079646017699115
6acx_A	0.2647058823529412
6ad3_A	0.26666666666666666
6adi_A	0.10526315789473684
6aef_A	0.2314410480349345
6aem_A	0.6904761904761905
6aft_A	0.08627450980392157
6agg_Z	0.23333333333333334
6agh_A	0.12811387900355872
6agi_B	0.11180124223602485
6agq_A	0.6139240506329114
6agz_A	0.45077720207253885
6ah3_C	0.21142857142857144
6ahi_A	0.4411764705882353
6ahp_A	0.38181818181818183
6ahr_B	0.029411764705882353
6ahr_C	0.16483516483516483
6ahr_F	0.17829457364341086
6ahr_L	0.0718232044198895
6ahw_A	0.29012345679012347
6aig_A	0.15891472868217055
6ain_B	0.4151898734177215
6aj4_C	0.13818181818181818
6aje_A	0.3994708994708995
6ajj_A	0.2549019607843137
6ak1_A	0.3111587982832618
6akf_C	0.3279569892473118
6akj_B	0.14545454545454545
6akv_A	0.33774834437086093
6akz_A	0.2727272727272727
6al2_A	0.14049586776859505
6al5_A	0.021367521367521368
6ali_A	0.515625
6all_B	0.42214532871972316
6alw_A	0.4201388888888889
6am0_A	0.3038461538461538
6am0_F	0.19101123595505617
6amw_A	0.18823529411764706
6ana_K	0.041666666666666664
6ani_A	0.04201680672268908
6ans_B	0.25474254742547425
6any_A	0.10679611650485436
6aok_A	0.43661971830985913
6ap4_L	0.19101123595505617
6ape_A	0.5211267605633803
6apl_C	0.23529411764705882
6aq3_B	0.09941520467836257
6aqg_C	0.17142857142857143
6aqk_A	0.17592592592592593
6aqn_A	0.3433333333333333
6aqz_A	0.5718562874251497
6ar0_A	0.35507246376811596
6arb_A	0.4253731343283582
6arh_B	0.5445544554455446
6au1_A	0.49291784702549574
6auf_B	0.4468864468864469
6aun_A	0.5431372549019607
6avj_A	0.16304347826086957
6avv_A	0.6238095238095238
6avy_B	0.6336206896551724
6ax6_B	0.40609137055837563
6axe_A	0.10392156862745099
6ayu_A	0.2445141065830721
6az1_A	0.09333333333333334
6azd_A	0.650375939849624
6azo_C	0.5021645021645021
6b05_A	0.2607843137254902
6b0t_A	0.17453798767967146
6b12_A	0.17647058823529413
6b15_A	0.3253588516746411
6b1v_A	0.27876106194690264
6b27_A	0.4661016949152542
6b2v_A	0.2958801498127341
6b2y_A	0.32840236686390534
6b3x_A	0.5351681957186545
6b4e_A	0.15202702702702703
6b4i_B	0.09523809523809523
6b4i_F	0.4295774647887324
6b4r_A	0.28772635814889336
6b4s_A	0.4697802197802198
6b57_B	0.1111111111111111
6b5b_A	0.2019607843137255
6b64_B	0.26587301587301587
6b7l_A	0.0896551724137931
6b7o_A	0.07348242811501597
6b8s_B	0.34523809523809523
6b8w_A	0.7578947368421053
6b9m_A	0.24666666666666667
6b9o_B	0.22745098039215686
6b9u_A	0.6721311475409836
6ba1_A	0.49683544303797467
6ba9_A	0.5983935742971888
6baq_F	0.10900473933649289
6bay_A	0.2891089108910891
6bb9_A	0.28888888888888886
6bbk_A	0.12096774193548387
6bc4_A	0.26492537313432835
6bcb_A	0.2413793103448276
6bcs_A	0.6428571428571429
6bd0_A	0.22333333333333333
6bdc_A	0.3821138211382114
6bdo_D	0.4430379746835443
6bdq_A	0.36293436293436293
6bdt_B	0.16037735849056603
6bea_A	0.6374133949191686
6bev_B	0.5
6bfg_A	0.3163538873994638
6bfi_B	0.21176470588235294
6bfn_A	0.3388704318936877
6bg8_B	0.4100418410041841
6bgd_A	0.46648793565683644
6bgf_A	0.5053191489361702
6bhc_A	0.30727762803234504
6bhd_A	0.25806451612903225
6bhp_A	0.11764705882352941
6bjp_B	0.23390557939914164
6bk9_A	0.06785714285714285
6bka_A	0.29411764705882354
6bl9_A	0.20754716981132076
6bld_A	0.13285024154589373
6blg_A	0.42021276595744683
6blk_C	0.6012658227848101
6blm_A	0.3858267716535433
6bma_A	0.5057915057915058
6bmc_A	0.2394736842105263
6bo0_A	0.35175879396984927
6bpo_A	0.43529411764705883
6bq5_A	0.4726027397260274
6bqc_A	0.5459770114942529
6bqm_A	0.5021739130434782
6bqn_A	0.04555808656036447
6bqn_C	0.0654627539503386
6bqw_A	0.32
6brh_B	0.14940239043824702
6brl_A	0.14143426294820718
6brt_A	0.6210526315789474
6bs4_A	0.3303030303030303
6bs4_B	0.36056338028169016
6bsu_B	0.36795252225519287
6bt9_B	0.4176470588235294
6btg_A	0.10144927536231885
6btm_B	0.2196078431372549
6btm_C	0.037199124726477024
6btm_D	0.12209302325581395
6btm_F	0.08208955223880597
6bu0_C	0.0859375
6bug_F	0.12077294685990338
6bvg_A	0.087248322147651
6bwc_C	0.5474006116207951
6bwh_A	0.5217391304347826
6bwl_A	0.6293929712460063
6bwq_A	0.2708333333333333
6bws_C	0.4154929577464789
6bwy_B	0.32947976878612717
6bx1_N	0.025490196078431372
6bx3_A	0.46496815286624205
6bx3_K	0.22748815165876776
6bxa_A	0.6930022573363431
6bxr_A	0.13186813186813187
6by9_A	0.7089552238805971
6byc_A	0.4803921568627451
6bym_A	0.38
6byq_A	0.2108626198083067
6bz5_A	0.29904306220095694
6bzg_B	0.2828282828282828
6bzx_B	0.24102564102564103
6c01_A	0.27058823529411763
6c0f_A	0.31218274111675126
6c0f_q	0.05263157894736842
6c13_A	0.4764705882352941
6c1q_B	0.232620320855615
6c26_B	0.36523929471032746
6c29_A	0.2834008097165992
6c2v_A	0.5391304347826087
6c30_A	0.4158878504672897
6c33_A	0.27129337539432175
6c3a_A	0.42592592592592593
6c46_A	0.40437158469945356
6c4l_C	0.37292161520190026
6c5v_C	0.1638418079096045
6c62_A	0.23851203501094093
6c66_A	0.052941176470588235
6c66_I	0.03389830508474576
6c66_M	0.16393442622950818
6c66_O	0.02358490566037736
6c6m_A	0.6736842105263158
6c6r_A	0.3392461197339246
6c71_B	0.31363636363636366
6c76_A	0.36772486772486773
6c8r_A	0.4553072625698324
6c8v_A	0.4551282051282051
6c94_A	0.14522821576763487
6c9b_B	0.4959349593495935
6c9d_A	0.27294117647058824
6c9r_A	0.41543026706231456
6c9x_A	0.2607843137254902
6caf_A	0.4965277777777778
6cbk_D	0.3459715639810427
6cbq_A	0.37606837606837606
6cc4_A	0.25882352941176473
6cca_A	0.461734693877551
6cci_A	0.4293785310734463
6ccr_A	0.16666666666666666
6cd2_B	0.23417721518987342
6cer_H	0.4743202416918429
6cfw_L	0.0374331550802139
6cfw_M	0.04100946372239748
6cgk_A	0.44387755102040816
6chg_B	0.14397905759162305
6chj_B	0.23357664233576642
6ci7_A	0.1232876712328767
6cia_A	0.4612676056338028
6ciz_C	0.1530398322851153
6cj0_A	0.31225296442687744
6cj6_D	0.05421686746987952
6cj7_A	0.058823529411764705
6cjz_A	0.580952380952381
6ck1_A	0.36533333333333334
6ckg_A	0.3493150684931507
6ckh_A	0.2057142857142857
6ckl_A	0.5733333333333334
6cky_A	0.3111111111111111
6cl4_A	0.41724137931034483
6cmj_A	0.3576388888888889
6cmz_C	0.31385281385281383
6cn7_A	0.054901960784313725
6cnf_R	0.15490196078431373
6cng_A	0.4483985765124555
6cnv_A	0.11560693641618497
6cnz_C	0.10429447852760736
6co1_C	0.0297029702970297
6co9_A	0.39661016949152544
6coi_A	0.5615384615384615
6cok_A	0.48872180451127817
6con_B	0.14056224899598393
6cpd_B	0.4409448818897638
6cpu_A	0.1450980392156863
6cpy_A	0.35379061371841153
6cqo_D	0.40404040404040403
6cr0_A	0.2930232558139535
6crp_B	0.14979757085020243
6cse_M	0.058004640371229696
6cst_A	0.21076233183856502
6ct6_B	0.42900302114803623
6cth_A	0.33220338983050846
6cul_C	0.29213483146067415
6cuq_B	0.36752136752136755
6cv0_A	0.07254901960784314
6cv6_I	0.6575342465753424
6cv7_A	0.43561643835616437
6cvk_A	0.5850622406639004
6cvs_A	0.17222222222222222
6cvz_A	0.39465875370919884
6cx6_B	0.4744744744744745
6cxi_M	0.5368421052631579
6cyx_E	0.15639810426540285
6cyy_B	0.16363636363636364
6cz7_A	0.20588235294117646
6cz7_B	0.06837606837606838
6czm_E	0.28362573099415206
6czt_A	0.5121951219512195
6czx_A	0.3370165745856354
6d04_A	0.3686274509803922
6d0a_A	0.39675174013921116
6d0g_A	0.45484949832775917
6d0n_B	0.08585858585858586
6d0p_A	0.4965277777777778
6d25_A	0.4104627766599598
6d26_A	0.1789709172259508
6d2c_A	0.1346153846153846
6d2k_A	0.17482517482517482
6d2v_A	0.5523809523809524
6d2w_A	0.45098039215686275
6d30_A	0.30851063829787234
6d3a_A	0.1873198847262248
6d3g_C	0.3309608540925267
6d4k_A	0.2647058823529412
6d69_A	0.5787671232876712
6d6r_G	0.21940928270042195
6d6r_K	0.11176470588235295
6d6v_E	0.09395973154362416
6d73_B	0.2607843137254902
6d7a_A	0.19924812030075187
6d7y_B	0.11612903225806452
6d8k_D	0.3253333333333333
6d8v_A	0.37174721189591076
6d97_A	0.22745098039215686
6d9f_B	0.21428571428571427
6da0_A	0.2830687830687831
6da6_A	0.08836206896551724
6dan_B	0.5121951219512195
6dao_A	0.5030674846625767
6dc0_B	0.4222222222222222
6dcd_A	0.11083743842364532
6ddn_A	0.5017421602787456
6ddq_A	0.21696252465483234
6ddt_A	0.4196078431372549
6dee_A	0.40575916230366493
6det_A	0.5390946502057613
6dex_A	0.18461538461538463
6dex_B	0.041025641025641026
6df3_C	0.08387096774193549
6dfe_B	0.4430769230769231
6dfl_A	0.34024896265560167
6dft_A	0.12760416666666666
6dg0_A	0.5357142857142857
6dg4_A	0.1383399209486166
6dgd_A	0.34509803921568627
6dgi_A	0.3663663663663664
6dgm_B	0.34554973821989526
6dgn_A	0.36594202898550726
6dgv_A	0.3058823529411765
6dhd_D	0.16966067864271456
6dhs_B	0.3409090909090909
6dht_A	0.34901960784313724
6dio_C	0.08644859813084112
6djt_A	0.4161073825503356
6dkc_F	0.27155172413793105
6dkh_C	0.47398843930635837
6dkn_A	0.16863905325443787
6dlh_A	0.39019607843137255
6dlu_P	0.24509803921568626
6dm8_D	0.34325396825396826
6dm8_G	0.32608695652173914
6dn4_A	0.4763636363636364
6dnm_A	0.12299465240641712
6dnt_A	0.6096774193548387
6dnz_B	0.30407523510971785
6dqx_A	0.12156862745098039
6drh_B	0.10810810810810811
6drh_E	0.14754098360655737
6drm_A	0.08148148148148149
6drv_A	0.4588235294117647
6ds1_B	0.65
6ds5_A	0.0875
6dsl_B	0.07627118644067797
6dsp_A	0.6226993865030674
6dt1_A	0.17672413793103448
6dt3_B	0.4791666666666667
6dt7_A	0.052830188679245285
6dtc_A	0.12295081967213115
6dtd_A	0.09019607843137255
6dtg_A	0.3568627450980392
6dtk_E	0.23322683706070288
6dtn_B	0.5665236051502146
6du4_A	0.45993031358885017
6du7_F	0.31026785714285715
6dus_A	0.2
6dv2_A	0.29398148148148145
6dv2_G	0.43137254901960786
6dvh_A	0.3426395939086294
6dwx_B	0.1282051282051282
6dx2_A	0.1282051282051282
6dx3_B	0.0975609756097561
6dx5_A	0.17751479289940827
6dxp_A	0.5728155339805825
6dxu_C	0.42549019607843136
6dxw_A	0.051829268292682924
6dy3_B	0.038461538461538464
6dys_A	0.38028169014084506
6dzi_I	0.16666666666666666
6dzs_A	0.46867749419953597
6e0a_B	0.37404580152671757
6e0k_A	0.22372881355932203
6e0o_A	0.2673992673992674
6e0t_X	0.0846774193548387
6e0w_A	0.5784313725490197
6e12_B	0.018867924528301886
6e18_A	0.22745098039215686
6e1c_A	0.12857142857142856
6e1j_A	0.4718826405867971
6e1r_A	0.5627450980392157
6e20_B	0.3233082706766917
6e29_A	0.5412844036697247
6e2a_A	0.42024539877300615
6e31_A	0.0915032679738562
6e3a_A	0.15555555555555556
6e3b_A	0.3136094674556213
6e3d_A	0.29411764705882354
6e3f_A	0.193158953722334
6e3l_E	0.6197183098591549
6e4q_A	0.45742574257425744
6e4v_A	0.3843137254901961
6e53_A	0.11764705882352941
6e5c_A	0.5
6e6b_A	0.515686274509804
6e6y_A	0.4925373134328358
6e85_A	0.3474320241691843
6e8e_A	0.2329059829059829
6e9c_A	0.3173277661795407
6e9m_A	0.1
6e9t_J	0.22026431718061673
6ea9_A	0.046153846153846156
6eac_A	0.11554621848739496
6eb3_B	0.7126865671641791
6ebn_A	0.2529411764705882
6ebu_A	0.28484848484848485
6ec3_C	0.49759615384615385
6ecb_A	0.596958174904943
6eci_P	0.3106060606060606
6ecr_B	0.559322033898305
6ecv_A	0.5769230769230769
6ed1_A	0.515686274509804
6edi_B	0.28426395939086296
6edw_B	0.2725490196078431
6eej_A	0.11363636363636363
6eeq_A	0.4132762312633833
6eez_B	0.47368421052631576
6ef2_G	0.056910569105691054
6ef3_A	0.06882591093117409
6ef6_A	0.37846153846153846
6efi_B	0.38461538461538464
6efn_A	0.4725848563968668
6efv_A	0.47058823529411764
6eg2_A	0.38823529411764707
6egk_A	0.06840390879478828
6ehd_A	0.2950310559006211
6ehi_D	0.525
6eic_B	0.6308243727598566
6eio_A	0.32882882882882886
6ej7_A	0.35490196078431374
6ejf_O	0.0948905109489051
6ejf_Q	0.2602739726027397
6ejv_A	0.045871559633027525
6ek4_A	0.07602339181286549
6eka_A	0.39622641509433965
6ekk_B	0.05774278215223097
6eko_A	0.0673076923076923
6ekr_A	0.29042904290429045
6ekt_A	0.06921241050119331
6eld_A	0.4205607476635514
6elu_A	0.07253886010362694
6em0_A	0.28627450980392155
6em1_A	0.14482758620689656
6emk_A	0.11960784313725491
6emk_I	0.04794520547945205
6ems_A	0.2336065573770492
6eny_G	0.20821917808219179
6eo5_A	0.20518358531317496
6eoa_A	0.6217616580310881
6eon_A	0.44901960784313727
6epd_J	0.34236453201970446
6epd_N	0.35294117647058826
6epi_H	0.1569620253164557
6epk_B	0.1625
6epz_C	0.28627450980392155
6eqs_D	0.37454545454545457
6erc_A	0.03137254901960784
6erd_D	0.49411764705882355
6eri_AP	0.22033898305084745
6erj_A	0.32298136645962733
6ero_A	0.2702702702702703
6erq_A	0.15490196078431373
6es4_A	0.34299516908212563
6es9_A	0.22549019607843138
6esk_A	0.553030303030303
6esp_A	0.25862068965517243
6esz_D	0.3286219081272085
6et9_A	0.29591836734693877
6eu0_G	0.14150943396226415
6eu4_A	0.36470588235294116
6eu8_A	0.078125
6eud_A	0.40588235294117647
6eug_A	0.3170028818443804
6euj_A	0.298728813559322
6euo_C	0.1751412429378531
6eus_A	0.34104046242774566
6evg_A	0.481981981981982
6evj_C	0.06862745098039216
6evs_A	0.5766423357664233
6evu_A	0.13099041533546327
6ewm_F	0.08743169398907104
6ewp_B	0.13450292397660818
6ewq_C	0.39303482587064675
6ewx_A	0.28690807799442897
6ex6_A	0.33137254901960783
6exx_A	0.5443037974683544
6ey4_A	0.2153209109730849
6eyg_A	0.48928571428571427
6eys_B	0.0794979079497908
6eyu_B	0.15086206896551724
6ez3_A	0.2681818181818182
6ez4_A	0.17777777777777778
6ez7_A	0.5609756097560976
6ezm_A	0.1179245283018868
6f02_C	0.037333333333333336
6f04_A	0.4109947643979058
6f0k_B	0.2372549019607843
6f0k_F	0.05759162303664921
6f0x_P	0.041237113402061855
6f1c_A	0.41924398625429554
6f1s_A	0.18493150684931506
6f1t_N	0.0
6f2p_A	0.2568627450980392
6f2s_H	0.027522935779816515
6f2w_A	0.11316397228637413
6f2x_A	0.5277777777777778
6f32_A	0.18663594470046083
6f3a_h	0.4912718204488778
6f3h_B	0.13529411764705881
6f3t_A	0.3764705882352941
6f45_D	0.35080645161290325
6f4n_B	0.43209876543209874
6f70_A	0.26859504132231404
6f72_A	0.16666666666666666
6f74_A	0.21568627450980393
6f75_A	0.42105263157894735
6f7b_A	0.2915451895043732
6f7e_A	0.4230769230769231
6f7k_D	0.5117647058823529
6f89_A	0.15988372093023256
6f8n_B	0.45363408521303256
6f8z_A	0.16470588235294117
6f9g_D	0.2824427480916031
6f9o_A	0.5857605177993528
6fah_E	0.26463104325699743
6fai_k	0.20980392156862746
6fbm_A	0.041176470588235294
6fc0_A	0.08333333333333333
6fcg_A	0.42748091603053434
6fcv_B	0.4602739726027397
6fcx_A	0.3392156862745098
6fd2_A	0.5286343612334802
6fdf_A	0.4553846153846154
6fdg_A	0.4064516129032258
6fdl_A	0.5165562913907285
6fdz_U	0.3018867924528302
6fec_8	0.1721311475409836
6fes_A	0.4410958904109589
6fey_B	0.6570048309178744
6ff1_A	0.5652173913043478
6ffl_A	0.402088772845953
6ffy_A	0.24509803921568626
6fg7_A	0.533678756476684
6fhg_A	0.34615384615384615
6fhn_A	0.3156862745098039
6fho_A	0.36684782608695654
6fht_B	0.30392156862745096
6fio_A	0.3745928338762215
6fj1_A	0.23715415019762845
6fjc_A	0.15384615384615385
6fjw_A	0.26778242677824265
6fjy_B	0.3333333333333333
6fk3_A	0.27450980392156865
6fkf_e	0.24427480916030533
6fkg_B	0.060109289617486336
6fkk_A	0.22745098039215686
6fkm_A	0.12156862745098039
6fkx_A	0.5648148148148148
6fln_B	0.20435967302452315
6flz_A	0.1111111111111111
6fm5_A	0.16560509554140126
6fmg_A	0.4714285714285714
6fn6_A	0.41568627450980394
6fnd_A	0.22695035460992907
6fnp_B	0.32857142857142857
6fnu_A	0.5135135135135135
6fon_A	0.3412698412698413
6fpg_F	0.03759398496240601
6fpx_A	0.1694915254237288
6fpy_A	0.4725490196078431
6fq1_A	0.5365853658536586
6fqa_A	0.5764192139737991
6fqb_E	0.4574898785425101
6fqe_B	0.46176470588235297
6frl_B	0.2784552845528455
6fsl_A	0.07851239669421488
6fsz_GG	0.21518987341772153
6fsz_MM	0.34901960784313724
6ftf_B	0.5017182130584192
6fu4_A	0.32323232323232326
6fub_A	0.5061728395061729
6fuc_A	0.40370370370370373
6ful_A	0.3138075313807531
6fv4_B	0.35844155844155845
6fvi_A	0.6126760563380281
6fvr_C	0.21935483870967742
6fvu_M	0.34441805225653205
6fvw_d	0.11507936507936507
6fvy_H	0.33098591549295775
6fw2_A	0.12612612612612611
6fw5_A	0.6223175965665236
6fw9_A	0.3261390887290168
6fwr_A	0.1843137254901961
6fwt_A	0.4007220216606498
6fwv_A	0.40784313725490196
6fwx_B	0.6820512820512821
6fwy_A	0.26785714285714285
6fx6_A	0.08016877637130802
6fxd_A	0.453125
6fxj_A	0.32270916334661354
6fxl_A	0.5935483870967742
6fyj_A	0.10311750599520383
6fze_A	0.04784688995215311
6fzv_D	0.4915254237288136
6g0b_A	0.272264631043257
6g0z_A	0.40344827586206894
6g1b_B	0.49079754601226994
6g1o_A	0.25102880658436216
6g1z_B	0.281947261663286
6g2a_A	0.2188365650969529
6g2d_C	0.2372549019607843
6g2g_B	0.46886446886446886
6g2i_H	0.5
6g3g_A	0.07042253521126761
6g3n_A	0.19550561797752808
6g40_A	0.17405063291139242
6g43_A	0.09607843137254903
6g49_A	0.2777777777777778
6g4j_A	0.4139194139194139
6g4w_s	0.041176470588235294
6g59_A	0.3695090439276486
6g5q_B	0.13385826771653545
6g62_A	0.5043478260869565
6g6i_B	0.46153846153846156
6g6s_A	0.43157894736842106
6g71_A	0.09414758269720101
6g7g_A	0.1826086956521739
6g80_B	0.6327433628318584
6g9z_A	0.2644628099173554
6gaw_BO	0.11304347826086956
6gbc_A	0.34278959810874704
6gbh_A	0.09119496855345911
6gbi_A	0.125
6gbs_B	0.03903903903903904
6gc1_C	0.44901960784313727
6gcj_A	0.10743801652892562
6gcz_A	0.227765726681128
6gd2_A	0.6190476190476191
6gdr_A	0.29296875
6gdu_A	0.5535714285714286
6geb_B	0.261455525606469
6gef_A	0.2809278350515464
6geh_A	0.46484375
6gen_R	0.1678832116788321
6gen_Y	0.23937360178970918
6geu_A	0.3032258064516129
6gf6_B	0.08181818181818182
6gfa_A	0.3492063492063492
6gff_I	0.6509803921568628
6gg2_A	0.21052631578947367
6ggo_A	0.18090452261306533
6gh8_B	0.14545454545454545
6ghf_A	0.24761904761904763
6gho_B	0.39416058394160586
6ghq_A	0.5617977528089888
6gi5_B	0.4944649446494465
6gic_B	0.25316455696202533
6git_A	0.4418145956607495
6giy_G	0.08333333333333333
6gj1_A	0.03725490196078431
6gj1_D	0.17355371900826447
6gkw_A	0.12535612535612536
6gkx_A	0.3358208955223881
6gl0_A	0.5317220543806647
6gmb_A	0.35911602209944754
6gmm_A	0.10392609699769054
6gn6_F	0.46261682242990654
6gn8_C	0.08962264150943396
6gnc_A	0.37282229965156793
6gne_B	0.548582995951417
6gnf_A	0.46862745098039216
6gng_B	0.46078431372549017
6gny_C	0.14018691588785046
6goc_A	0.4617117117117117
6gpa_A	0.5987261146496815
6gq3_A	0.2829076620825147
6gq8_A	0.11926605504587157
6grd_A	0.2334152334152334
6gre_B	0.1642512077294686
6grf_B	0.16587677725118483
6grh_D	0.06313131313131314
6grt_B	0.6019607843137255
6gs1_A	0.3029661016949153
6gs2_A	0.46747967479674796
6gtp_A	0.4888888888888889
6gua_A	0.21372549019607842
6gum_B	0.05405405405405406
6guo_D	0.47854785478547857
6gup_A	0.4764705882352941
6gvb_A	0.5088607594936709
6gvw_B	0.1946564885496183
6gvw_D	0.4811715481171548
6gw5_A	0.09669211195928754
6gw6_A	0.19310344827586207
6gwt_w	0.2980392156862745
6gwu_A	0.3173076923076923
6gx9_A	0.4666666666666667
6gxr_A	0.12777777777777777
6gxs_B	0.15702479338842976
6gxz_D	0.06818181818181818
6gy4_B	0.3
6gyb_E	0.273542600896861
6gyb_F	0.18536585365853658
6gyh_A	0.11555555555555555
6gys_I	0.17450980392156862
6gyu_A	0.2695035460992908
6gyu_E	0.10392156862745099
6gzf_A	0.24770642201834864
6gzt_A	0.13857677902621723
6gzu_A	0.21161825726141079
6h03_G	0.05588822355289421
6h08_B	0.06060606060606061
6h0a_A	0.415929203539823
6h0c_A	0.5492610837438424
6h0g_B	0.10723192019950124
6h0n_A	0.5251989389920424
6h25_D	0.15714285714285714
6h25_E	0.1254355400696864
6h2b_C	0.2785923753665689
6h2l_B	0.11940298507462686
6h2t_A	0.4722222222222222
6h30_A	0.4166666666666667
6h31_A	0.4088785046728972
6h3i_B	0.328125
6h3j_C	0.26700251889168763
6h3p_A	0.044897959183673466
6h3s_A	0.08333333333333333
6h3w_A	0.07317073170731707
6h3x_A	0.06334841628959276
6h41_A	0.47249190938511326
6h42_A	0.32061068702290074
6h4n_y	0.29914529914529914
6h5l_A	0.039525691699604744
6h5l_B	0.2818181818181818
6h65_C	0.21753246753246752
6h6v_F	0.09865470852017937
6h77_B	0.44370860927152317
6h82_Q	0.1572052401746725
6h82_R	0.21714285714285714
6h82_b	0.43703703703703706
6h8n_B	0.5679611650485437
6h8o_A	0.15789473684210525
6hau_A	0.11355311355311355
6haw_A	0.2990867579908676
6hb3_B	0.44722222222222224
6hbd_A	0.6754098360655738
6hbv_A	0.3695652173913043
6hbz_B	0.4740740740740741
6hc6_C	0.4877450980392157
6hcd_D	0.7777777777777778
6hce_A	0.11
6hci_B	0.6464646464646465
6hd0_D	0.17333333333333334
6hd1_C	0.3256880733944954
6hd5_u	0.46382978723404256
6hd5_v	0.42857142857142855
6hdd_A	0.12745098039215685
6hdp_A	0.2396088019559902
6he0_A	0.4192872117400419
6he6_A	0.18803418803418803
6hf2_A	0.35384615384615387
6hfo_A	0.07142857142857142
6hfz_C	0.555256064690027
6hg1_A	0.33962264150943394
6hg4_B	0.20140515222482436
6hgc_A	0.10855263157894737
6hhk_B	0.25555555555555554
6hhm_A	0.3115468409586057
6hif_Y	0.7209302325581395
6hip_A	0.3942307692307692
6hiv_BC	0.4330543933054393
6hiv_DQ	0.234375
6hix_AF	0.029411764705882353
6hix_Aj	0.14336917562724014
6hix_BG	0.41379310344827586
6hix_BZ	0.12105263157894737
6hiy_CZ	0.10596026490066225
6hj5_A	0.08108108108108109
6hke_B	0.46959459459459457
6hki_A	0.3836734693877551
6hlx_A	0.384928716904277
6hly_A	0.4375
6hnd_B	0.3680851063829787
6hnj_A	0.6397306397306397
6hnq_B	0.4968553459119497
6hom_A	0.5054945054945055
6hos_A	0.4647887323943662
6hox_A	0.2375296912114014
6hp2_A	0.5387205387205387
6hpd_A	0.45294117647058824
6hph_A	0.3157894736842105
6hpi_A	0.056962025316455694
6hq7_A	0.46419098143236076
6hq8_A	0.15294117647058825
6hqa_A	0.1803921568627451
6hqz_A	0.24025974025974026
6hr5_A	0.3191489361702128
6hrb_A	0.07058823529411765
6hrg_A	0.4892703862660944
6hrk_A	0.02962962962962963
6hrl_A	0.519163763066202
6hrs_B	0.08376963350785341
6hs7_a	0.047058823529411764
6hsj_B	0.3230769230769231
6hsw_A	0.4881516587677725
6ht9_B	0.17088607594936708
6htj_A	0.2773109243697479
6htk_A	0.4427083333333333
6htq_x	0.34310850439882695
6hul_A	0.5186721991701245
6hus_A	0.3691588785046729
6hux_A	0.44986449864498645
6hv6_A	0.030716723549488054
6hvd_A	0.3811188811188811
6hvn_A	0.09714285714285714
6hwh_Y	0.09607843137254903
6hwj_A	0.19158878504672897
6hxa_A	0.52
6hxf_A	0.3929824561403509
6hxi_B	0.39019607843137255
6hxj_A	0.3601190476190476
6hxp_A	0.0234375
6hxq_A	0.564327485380117
6hxs_A	0.0846774193548387
6hy3_A	0.31226765799256506
6hyj_B	0.48878923766816146
6hzd_A	0.3890063424947146
6hzf_A	0.3941176470588235
6hzm_B	0.34901960784313724
6hzn_A	0.2784313725490196
6i02_B	0.2549019607843137
6i07_A	0.5219298245614035
6i1c_A	0.5277777777777778
6i1d_B	0.3977272727272727
6i1f_A	0.3469387755102041
6i1p_W	0.07874015748031496
6i1t_A	0.41728395061728396
6i28_A	0.4161490683229814
6i34_B	0.32941176470588235
6i3g_A	0.35490605427974947
6i50_A	0.5668789808917197
6i53_A	0.1174785100286533
6i5b_A	0.128099173553719
6i5r_A	0.3574766355140187
6i5s_A	0.30112359550561796
6i5u_A	0.41522491349480967
6i5x_C	0.42911877394636017
6i60_B	0.4549019607843137
6i6m_B	0.4257703081232493
6i6o_B	0.4716981132075472
6i79_A	0.6420664206642066
6i7s_G	0.3156862745098039
6i7t_F	0.3559322033898305
6i86_A	0.1858974358974359
6i89_A	0.1897810218978102
6i8w_A	0.6548387096774193
6i97_A	0.4019607843137255
6i9a_A	0.4481236203090508
6i9e_H	0.06164383561643835
6i9k_A	0.2
6i9w_A	0.6216216216216216
6ia5_E	0.4659498207885305
6iah_A	0.35833333333333334
6ian_E	0.39880952380952384
6ib8_B	0.2074074074074074
6ibb_A	0.19269102990033224
6ibi_C	0.2129032258064516
6ibl_A	0.3123425692695214
6ibw_A	0.35802469135802467
6ica_C	0.4126984126984127
6ici_A	0.2549019607843137
6icm_D	0.2988505747126437
6ico_A	0.0872093023255814
6id6_A	0.4867549668874172
6idr_A	0.3059360730593607
6idw_A	0.4503105590062112
6idy_A	0.4346793349168646
6ie0_A	0.4668587896253602
6ied_A	0.18122977346278318
6if2_A	0.13846153846153847
6ifb_B	0.15555555555555556
6ifd_B	0.5299145299145299
6ifn_B	0.050505050505050504
6ifr_H	0.06515580736543909
6ift_A	0.4657534246575342
6ig2_C	0.10071942446043165
6igb_A	0.5785123966942148
6igf_E	0.04428904428904429
6igg_A	0.3058823529411765
6igo_C	0.5409836065573771
6igs_B	0.5329341317365269
6igx_D	0.37254901960784315
6ih1_D	0.43037974683544306
6ihc_F	0.39215686274509803
6ihj_A	0.1907514450867052
6ii2_A	0.4411764705882353
6iic_A	0.05319148936170213
6iic_B	0.068
6iic_C	0.06324110671936758
6iiv_A	0.2386117136659436
6ij1_A	0.40718562874251496
6ijb_B	0.4411764705882353
6ijc_B	0.21176470588235294
6ijf_C	0.25766871165644173
6ijk_A	0.37174721189591076
6ijn_A	0.40762463343108507
6ik8_A	0.3196078431372549
6il7_A	0.4519230769230769
6il9_A	0.15306122448979592
6ils_B	0.5111821086261981
6ilu_A	0.15555555555555556
6im9_A	0.47959183673469385
6imc_D	0.17941176470588235
6ime_A	0.17894736842105263
6ine_A	0.1902834008097166
6ini_A	0.4533333333333333
6inn_A	0.11960784313725491
6inw_B	0.39487179487179486
6ioh_A	0.504
6iom_B	0.14358974358974358
6iow_B	0.25
6ioy_B	0.286783042394015
6iqt_A	0.21481481481481482
6iqv_A	0.32941176470588235
6iqy_A	0.4647058823529412
6ird_C	0.20555555555555555
6iri_A	0.3364485981308411
6iru_A	0.4729064039408867
6irv_A	0.1882591093117409
6is2_A	0.6611570247933884
6is9_A	0.4222222222222222
6isk_A	0.4083333333333333
6isq_A	0.4485981308411215
6ist_C	0.26291079812206575
6isv_B	0.44868035190615835
6itd_A	0.4115853658536585
6itf_A	0.020942408376963352
6itu_A	0.13013698630136986
6itw_A	0.05429864253393665
6iu4_A	0.11555555555555555
6iuc_A	0.5
6iuq_B	0.35135135135135137
6iuy_A	0.4647058823529412
6iv3_A	0.14233576642335766
6iva_A	0.11904761904761904
6ivc_F	0.2719298245614035
6iw6_A	0.16666666666666666
6iwy_A	0.12568306010928962
6ix4_B	0.49873417721518987
6ixh_A	0.3037037037037037
6ixj_A	0.6254980079681275
6ixm_A	0.6653225806451613
6ixq_A	0.11764705882352941
6ixy_B	0.3832599118942731
6iym_A	0.11913357400722022
6iyo_A	0.22802850356294538
6iyx_A	0.03982300884955752
6iyy_A	0.4391025641025641
6iz2_A	0.35172413793103446
6iz8_C	0.042735042735042736
6izh_A	0.4927536231884058
6izk_A	0.4788732394366197
6izr_h	0.29512893982808025
6izt_A	0.3779527559055118
6j0n_J	0.15294117647058825
6j0n_P	0.0784313725490196
6j0n_X	0.24681933842239187
6j0n_t	0.10224438902743142
6j0y_A	0.4336842105263158
6j1h_A	0.40980392156862744
6j28_A	0.32753623188405795
6j2y_A	0.03723404255319149
6j2z_B	0.12371134020618557
6j39_A	0.37771739130434784
6j3g_A	0.30566037735849055
6j3i_A	0.07647058823529412
6j3q_A	0.14739884393063585
6j4b_A	0.5447154471544715
6j57_A	0.19285714285714287
6j5g_A	0.06702412868632708
6j5t_K	0.3211009174311927
6j5v_A	0.2549019607843137
6j5y_A	0.17167381974248927
6j61_A	0.049586776859504134
6j6a_A	0.26244343891402716
6j6g_C	0.3215686274509804
6j6g_Q	0.19863013698630136
6j6q_R	0.23371647509578544
6j6u_B	0.1607843137254902
6j72_A	0.30980392156862746
6j79_A	0.3333333333333333
6j7c_A	0.18126888217522658
6j7k_A	0.3948051948051948
6j7t_A	0.2
6j9c_D	0.03571428571428571
6jal_A	0.3557692307692308
6jau_A	0.24381625441696114
6jbd_A	0.2847457627118644
6jbh_A	0.3977272727272727
6jbj_A	0.2607843137254902
6jbn_A	0.05370843989769821
6jbs_A	0.34509803921568627
6jbz_D	0.5357142857142857
6jc0_D	0.2765957446808511
6jc4_A	0.055
6jch_A	0.308868501529052
6jcn_A	0.2753623188405797
6jd4_A	0.32950191570881227
6jdd_A	0.2897727272727273
6jdo_A	0.4129692832764505
6jdp_A	0.1078838174273859
6je8_A	0.32409381663113007
6jf1_A	0.46153846153846156
6jf8_A	0.11949685534591195
6jfw_C	0.524822695035461
6jh5_A	0.33189655172413796
6jhb_B	0.6666666666666666
6jhd_A	0.10240963855421686
6jil_B	0.4228187919463087
6jir_A	0.22340425531914893
6jix_A	0.3534675615212528
6jj7_A	0.30752688172043013
6jja_A	0.16233766233766234
6jjj_A	0.12582781456953643
6jka_C	0.5175438596491229
6jkb_A	0.48770491803278687
6jkc_A	0.2510822510822511
6jkg_A	0.6481481481481481
6jkp_A	0.34574468085106386
6jks_D	0.4969512195121951
6jku_A	0.36883116883116884
6jl2_A	0.38154613466334164
6jl7_A	0.18693693693693694
6jly_E	0.357487922705314
6jly_G	0.38016528925619836
6jm7_A	0.49333333333333335
6jms_A	0.4125
6jmt_D	0.2885714285714286
6jn8_A	0.4198473282442748
6jn9_A	0.27684964200477324
6jo0_A	0.15625
6jom_A	0.18429003021148035
6joo_A	0.11960784313725491
6jp6_B	0.5108225108225108
6jp8_E	0.21301775147928995
6jph_A	0.27450980392156865
6jpk_A	0.3765281173594132
6jq9_B	0.2732919254658385
6jqh_B	0.18627450980392157
6jqm_C	0.296078431372549
6jr8_A	0.307843137254902
6jrl_A	0.4021505376344086
6js9_A	0.16111111111111112
6jsb_A	0.1306532663316583
6jsc_B	0.15476190476190477
6jsj_A	0.2568627450980392
6jt5_A	0.30317848410757947
6jt6_A	0.11794871794871795
6jta_A	0.07647058823529412
6jtd_A	0.46750524109014674
6jtj_B	0.430635838150289
6jun_A	0.2507204610951009
6jut_A	0.3468013468013468
6jv9_B	0.31717171717171716
6jvv_B	0.10526315789473684
6jwk_B	0.29533678756476683
6jx5_A	0.07936507936507936
6jxc_A	0.054901960784313725
6jxg_A	0.4549019607843137
6jxk_B	0.13284132841328414
6jxn_B	0.5801886792452831
6jxr_n	0.5087108013937283
6jy5_B	0.15853658536585366
6jyv_A	0.21580547112462006
6jyy_B	0.41735537190082644
6jyz_A	0.4725274725274725
6jzb_A	0.13545816733067728
6jzf_A	0.2549019607843137
6jzk_A	0.19428571428571428
6k0b_A	0.05555555555555555
6k0b_C	0.4025974025974026
6k0h_A	0.6119402985074627
6k0o_A	0.125
6k0v_A	0.6882352941176471
6k0w_A	0.307843137254902
6k1q_A	0.17560975609756097
6k1r_A	0.4131147540983607
6k1t_A	0.5819397993311036
6k2c_A	0.1040268456375839
6k2e_A	0.42045454545454547
6k2f_A	0.12318840579710146
6k2l_A	0.45564516129032256
6k35_A	0.4215686274509804
6k4e_B	0.45121951219512196
6k5g_A	0.24503311258278146
6k5j_A	0.4980392156862745
6k60_H	0.14457831325301204
6k68_J	0.5765765765765766
6k6l_B	0.08365019011406843
6k6r_A	0.4959349593495935
6k73_B	0.3744075829383886
6k7z_A	0.592057761732852
6k80_A	0.5164319248826291
6k8h_B	0.3219954648526077
6k8v_A	0.5823529411764706
6k8z_B	0.436241610738255
6k93_A	0.07531380753138076
6k97_A	0.30514705882352944
6k9c_A	0.25961538461538464
6ka4_A	0.25882352941176473
6kaj_A	0.3789237668161435
6kbh_A	0.13333333333333333
6kbn_C	0.6765873015873016
6kcf_A	0.3811188811188811
6kcv_A	0.35655737704918034
6kd0_A	0.5393586005830904
6kd5_A	0.05343511450381679
6kd7_A	0.12844036697247707
6ket_A	0.47701149425287354
6kex_A	0.3495702005730659
6kfn_A	0.7046979865771812
6kfs_A	0.14919354838709678
6kfw_A	0.11793611793611794
6kg8_A	0.5419354838709678
6kgj_A	0.10891089108910891
6khm_K	0.5673076923076923
6khp_A	0.41020408163265304
6khr_A	0.332378223495702
6khu_A	0.4961832061068702
6khx_B	0.38388625592417064
6ki1_B	0.03826530612244898
6ki3_B	0.44333333333333336
6kia_A	0.17647058823529413
6kih_A	0.5875
6kil_A	0.5663716814159292
6kim_A	0.3023255813953488
6kjc_B	0.26506024096385544
6kji_A	0.50997150997151
6kjj_A	0.2520775623268698
6kjk_A	0.27611940298507465
6kjx_A	0.2589928057553957
6kkk_A	0.34120734908136485
6kkm_E	0.20958083832335328
6kko_C	0.6220472440944882
6kli_A	0.46862745098039216
6kme_A	0.08098591549295775
6kmo_A	0.6121212121212121
6kms_C	0.6142857142857143
6kn5_A	0.2311111111111111
6kn9_E	0.19402985074626866
6knb_A	0.37333333333333335
6knb_C	0.1606425702811245
6kne_A	0.27218934911242604
6ko5_A	0.22110552763819097
6koe_B	0.37109375
6kog_A	0.3348623853211009
6kol_A	0.672
6kor_A	0.5149700598802395
6kpb_C	0.3783068783068783
6kpm_A	0.4135593220338983
6kqb_A	0.3967741935483871
6kqs_A	0.503921568627451
6ks5_B	0.0926517571884984
6ks6_d	0.10784313725490197
6kss_A	0.30392156862745096
6ksu_A	0.2737556561085973
6ksw_A	0.08235294117647059
6ksy_B	0.4117647058823529
6ktr_C	0.03676470588235294
6ktv_A	0.4802784222737819
6kty_A	0.09659090909090909
6ku3_B	0.17295597484276728
6ku5_B	0.1932367149758454
6kua_H	0.5548780487804879
6kub_A	0.16578947368421051
6kue_A	0.44954128440366975
6kun_A	0.2619047619047619
6kuu_B	0.03333333333333333
6kvr_A	0.22745098039215686
6kwy_F	0.09795918367346938
6kwy_c	0.2725490196078431
6kxd_B	0.4230769230769231
6kxf_A	0.3349875930521092
6kxh_B	0.6258503401360545
6kxu_C	0.4196078431372549
6ky1_A	0.12777777777777777
6ky4_A	0.47191011235955055
6kyb_B	0.3212121212121212
6kyf_A	0.1386861313868613
6kyk_A	0.5988857938718662
6kyq_A	0.3553459119496855
6kys_B	0.2786885245901639
6kz8_A	0.3196078431372549
6kzs_A	0.1111111111111111
6l07_A	0.15294117647058825
6l08_A	0.3473684210526316
6l0l_A	0.45121951219512196
6l1l_B	0.4020356234096692
6l25_A	0.4588235294117647
6l2c_A	0.31343283582089554
6l2f_A	0.6101694915254238
6l2t_C	0.0058823529411764705
6l2u_A	0.30097087378640774
6l30_A	0.2627450980392157
6l3a_B	0.1297709923664122
6l3w_A	0.33221476510067116
6l4h_A	0.6124567474048442
6l4o_A	0.3776223776223776
6l5d_B	0.2459016393442623
6l6d_A	0.30985915492957744
6l77_A	0.04205607476635514
6l7o_A	0.06199460916442048
6l7o_B	0.13387423935091278
6l7o_N	0.1891891891891892
6l7q_A	0.020689655172413793
6l7y_A	0.009852216748768473
6l7z_A	0.5982905982905983
6l85_B	0.09975062344139651
6l8h_A	0.15450643776824036
6l8o_A	0.28823529411764703
6l8u_C	0.537117903930131
6l9w_D	0.1267605633802817
6la0_A	0.41388888888888886
6lad_A	0.41624365482233505
6lai_A	0.3372093023255814
6lan_A	0.23308270676691728
6lb9_A	0.1565217391304348
6lba_A	0.22532188841201717
6lbe_B	0.5
6lbj_B	0.1798780487804878
6lbr_A	0.1392156862745098
6lbu_A	0.21621621621621623
6lcc_A	0.04533333333333334
6lce_A	0.4152334152334152
6lci_A	0.14814814814814814
6lck_A	0.3569937369519833
6lcp_B	0.06914893617021277
6ld9_C	0.44587628865979384
6ldo_A	0.4146981627296588
6le2_A	0.4790996784565916
6le3_G	0.6209677419354839
6leb_A	0.15873015873015872
6lek_A	0.04864864864864865
6leo_A	0.06097560975609756
6lf2_B	0.16030534351145037
6lfg_A	0.27450980392156865
6lfn_A	0.4660633484162896
6lg0_B	0.5280898876404494
6lgi_A	0.27450980392156865
6lgn_z	0.029411764705882353
6lgq_C	0.5339366515837104
6lgv_A	0.09003215434083602
6lh4_A	0.37446808510638296
6lh7_A	0.15770609318996415
6lh8_A	0.07236842105263158
6li0_A	0.39909297052154197
6lii_A	0.4666666666666667
6lir_A	0.4358974358974359
6liy_B	0.1836734693877551
6lj3_A	0.1951219512195122
6lj9_A	0.13602941176470587
6ljc_C	0.16826923076923078
6ljl_A	0.24901960784313726
6lk8_A	0.19215686274509805
6lk8_E	0.11960784313725491
6lkc_B	0.2647058823529412
6lke_A	0.29906542056074764
6lkg_D	0.19298245614035087
6lkk_A	0.48639455782312924
6lkv_F	0.3617021276595745
6lkx_A	0.2222222222222222
6lkz_C	0.1037344398340249
6ll8_A	0.31699346405228757
6lln_A	0.6861924686192469
6llx_B	0.2651162790697674
6ln0_A	0.15294117647058825
6ln2_A	0.16933638443935928
6lnh_C	0.40789473684210525
6lnr_A	0.1678082191780822
6lnw_B	0.4806201550387597
6lo8_B	0.39204545454545453
6lod_F	0.10126582278481013
6loe_D	0.08045977011494253
6loi_A	0.21658986175115208
6loi_D	0.242152466367713
6lp4_A	0.40476190476190477
6lpf_B	0.13725490196078433
6lpm_A	0.5020080321285141
6lpv_A	0.2304147465437788
6lpw_B	0.22247706422018348
6lqq_5C	0.4117647058823529
6lqs_M3	0.09302325581395349
6lr1_A	0.36807095343680707
6lrf_B	0.3
6lsa_C	0.004098360655737705
6lsd_B	0.15555555555555556
6lsr_3	0.17254901960784313
6lsu_A	0.4647058823529412
6lsv_A	0.1834319526627219
6lt4_C	0.33725490196078434
6lt9_F	0.18032786885245902
6ltj_L	0.41416309012875535
6ltq_D	0.3953488372093023
6ltr_A	0.06274509803921569
6lu4_A	0.34303534303534305
6lum_K	0.25101214574898784
6lum_P	0.27058823529411763
6lup_A	0.24719101123595505
6lup_B	0.5104166666666666
6lvc_C	0.1803921568627451
6lvo_A	0.39662447257383965
6lvp_A	0.376425855513308
6lw5_A	0.19672131147540983
6lwt_B	0.15789473684210525
6lx2_A	0.22745098039215686
6lxd_A	0.06274509803921569
6lxy_B	0.3602693602693603
6lyc_A	0.7090909090909091
6lyx_B	0.5409836065573771
6lz7_A	0.22357723577235772
6lzy_A	0.42070484581497797
6m0q_A	0.037698412698412696
6m15_A	0.06274509803921569
6m1c_A	0.625
6m1y_A	0.043137254901960784
6m20_B	0.28451882845188287
6m2a_A	0.49206349206349204
6m2i_A	0.4293785310734463
6m31_A	0.19642857142857142
6m35_B	0.15806451612903225
6m36_H	0.7128712871287128
6m37_C	0.43478260869565216
6m3a_A	0.5333333333333333
6m3i_A	0.0981012658227848
6m3n_A	0.3582089552238806
6m40_A	0.34300791556728233
6m48_A	0.44313725490196076
6m4f_G	0.3588235294117647
6m4i_A	0.14052287581699346
6m4j_A	0.38904899135446686
6m4p_A	0.1349206349206349
6m5a_A	0.16470588235294117
6m5f_B	0.5358361774744027
6m5n_A	0.6486486486486487
6m5y_A	0.1259259259259259
6m63_A	0.06944444444444445
6m64_A	0.10344827586206896
6m6r_A	0.08433734939759036
6m7d_A	0.10679611650485436
6m7z_E	0.34944237918215615
6m8m_A	0.480225988700565
6m8o_A	0.6101694915254238
6m8t_A	0.48677248677248675
6m99_A	0.047058823529411764
6m9a_C	0.14012738853503184
6m9m_A	0.463768115942029
6mab_A	0.25650557620817843
6mag_A	0.26595744680851063
6mal_A	0.5313531353135313
6mbh_A	0.3356643356643357
6mca_A	0.3130434782608696
6mcb_C	0.13008130081300814
6mcc_C	0.14615384615384616
6mcp_A	0.22745098039215686
6md3_C	0.17222222222222222
6mdh_A	0.3624161073825503
6mdn_D	0.22156862745098038
6mds_A	0.39215686274509803
6mev_A	0.41642228739002934
6mf5_B	0.003816793893129771
6mfa_A	0.696969696969697
6mfd_A	0.5333333333333333
6mfh_A	0.5418181818181819
6mfl_A	0.45422535211267606
6mfu_A	0.4074074074074074
6mfv_B	0.4019607843137255
6mfz_A	0.3843137254901961
6mg9_A	0.5638297872340425
6mgd_A	0.28040540540540543
6mh5_B	0.30933333333333335
6mhd_A	0.3401639344262295
6mhl_A	0.28823529411764703
6mi5_X	0.09401709401709402
6mib_A	0.4111111111111111
6mit_G	0.15774647887323945
6mix_A	0.2607843137254902
6mjz_A	0.04225352112676056
6mk2_A	0.1769041769041769
6mkb_B	0.5636363636363636
6mkk_A	0.48226950354609927
6mlt_A	0.3333333333333333
6mlu_A	0.06535947712418301
6mly_C	0.35294117647058826
6mm1_D	0.23703703703703705
6mn5_D	0.3153846153846154
6mna_A	0.3179190751445087
6mni_A	0.3992248062015504
6mnz_A	0.06845238095238096
6moj_B	0.5114155251141552
6mol_A	0.3893805309734513
6mou_A	0.532033426183844
6mpa_B	0.45243619489559167
6mpb_A	0.07623318385650224
6mps_A	0.24705882352941178
6mpz_A	0.2676056338028169
6mq5_A	0.5213675213675214
6mqf_B	0.11475409836065574
6mr3_A	0.3795918367346939
6mrj_B	0.4225352112676056
6mrm_C	0.40634920634920635
6mrn_A	0.1625
6mro_A	0.6443298969072165
6mrs_A	0.35064935064935066
6ms3_A	0.396078431372549
6mt2_B	0.1270718232044199
6mtc_v	0.4632768361581921
6mtg_B	0.4623287671232877
6muk_A	0.349862258953168
6muq_A	0.30337078651685395
6mus_F	0.04774535809018567
6mut_E	0.11188811188811189
6muu_A	0.1980392156862745
6muw_S	0.09876543209876543
6mv2_A	0.47191011235955055
6mvu_A	0.24901960784313726
6mw4_A	0.39215686274509803
6mw7_C	0.12549019607843137
6mwi_C	0.33544303797468356
6mx1_A	0.5
6mx7_C	0.1
6mxv_B	0.3745019920318725
6myk_B	0.41605839416058393
6myv_C	0.46078431372549017
6mza_A	0.4626865671641791
6mzc_B	0.2627450980392157
6mzf_Z	0.5111111111111111
6mzp_A	0.14331210191082802
6n04_B	0.3797814207650273
6n0z_B	0.19571865443425077
6n10_A	0.15632754342431762
6n1a_A	0.4740932642487047
6n1f_D	0.4694835680751174
6n1x_A	0.6976127320954907
6n1z_A	0.4019607843137255
6n2a_A	0.4004739336492891
6n2b_B	0.2
6n2c_A	0.18092909535452323
6n2o_A	0.3764705882352941
6n2o_B	0.41580756013745707
6n30_G	0.15492957746478872
6n39_A	0.36633663366336633
6n3h_A	0.5427631578947368
6n44_A	0.18705035971223022
6n4v_BC	0.06976744186046512
6n51_B	0.47058823529411764
6n5g_A	0.6011904761904762
6n64_C	0.06857142857142857
6n67_A	0.07216494845360824
6n6q_B	0.13839285714285715
6n7e_D	0.2946708463949843
6n7p_X	0.17254901960784313
6n8a_B	0.08762886597938144
6n8e_A	0.2372549019607843
6n8n_S	0.004761904761904762
6n8o_W	0.2572944297082228
6n8o_Y	0.078125
6n8s_A	0.3568627450980392
6n91_A	0.47904191616766467
6n9a_B	0.4976303317535545
6n9j_B	0.351123595505618
6n9q_D	0.4729241877256318
6n9y_A	0.045098039215686274
6nag_A	0.37037037037037035
6nak_D	0.3393939393939394
6nan_A	0.2288135593220339
6nau_A	0.6287425149700598
6nbe_N	0.4946236559139785
6nbg_A	0.43388429752066116
6nbj_A	0.3835978835978836
6nbo_A	0.46923076923076923
6nbp_A	0.35365853658536583
6nbr_A	0.6170886075949367
6nby_D	0.16468253968253968
6nby_K	0.330188679245283
6nc9_A	0.3642105263157895
6nci_A	0.35294117647058826
6ncl_a4	0.10457516339869281
6ncl_a6	0.3473053892215569
6ncr_A	0.1111111111111111
6ncw_A	0.5098039215686274
6ncz_C	0.45294117647058824
6nd4_H	0.2647058823529412
6nd4_N	0.46078431372549017
6nd4_Q	0.36666666666666664
6ndi_A	0.6263736263736264
6ndl_A	0.34674922600619196
6ndn_A	0.4187192118226601
6ndr_A	0.32978723404255317
6nds_A	0.46557377049180326
6ndx_B	0.16972477064220184
6ne4_B	0.7010309278350515
6nef_A	0.019656019656019656
6neq_F	0.47580645161290325
6ner_E	0.1935483870967742
6neu_A	0.3039443155452436
6nf1_A	0.11960784313725491
6nf4_A	0.05938242280285035
6nfe_B	0.5384615384615384
6nff_A	0.3803921568627451
6nhi_A	0.14955357142857142
6nhj_S	0.04152249134948097
6nhz_A	0.1254125412541254
6ni0_A	0.2601626016260163
6nif_A	0.08962264150943396
6niq_A	0.3155893536121673
6njd_B	0.13089005235602094
6njk_B	0.2975206611570248
6njm_I	0.04128440366972477
6njm_J	0.03286384976525822
6njp_D	0.24939467312348668
6njw_A	0.33653846153846156
6nkd_A	0.5190476190476191
6nke_A	0.5863453815261044
6nkf_A	0.5548172757475083
6nkh_A	0.6551724137931034
6nki_A	0.5224719101123596
6nkl_B	0.45185185185185184
6nko_A	0.27040816326530615
6nlp_A	0.38920454545454547
6nm5_M	0.04071246819338423
6nmi_A	0.296078431372549
6nmi_B	0.18627450980392157
6nmn_A	0.30434782608695654
6nmy_F	0.43333333333333335
6no5_A	0.200836820083682
6nob_A	0.3980392156862745
6noi_A	0.1346153846153846
6nok_A	0.42105263157894735
6nop_B	0.5725190839694656
6nor_A	0.5472779369627507
6not_A	0.2411764705882353
6noz_A	0.06854838709677419
6np6_A	0.506578947368421
6npa_A	0.14893617021276595
6npo_A	0.3235294117647059
6nps_A	0.3235294117647059
6nq8_A	0.125
6nqc_A	0.4262295081967213
6nr1_A	0.4551971326164875
6nrr_A	0.6105263157894737
6nru_I	0.43349753694581283
6ns4_A	0.08235294117647059
6nsi_A	0.34385964912280703
6nt2_A	0.3787878787878788
6ntz_A	0.26430517711171664
6nu8_A	0.3483606557377049
6nu9_A	0.08333333333333333
6nud_J	0.17450980392156862
6nvm_A	0.4959016393442623
6nvo_A	0.46
6nvy_B	0.054901960784313725
6nw9_C	0.4764705882352941
6nwo_D	0.42424242424242425
6nwx_B	0.3160621761658031
6nwz_A	0.2647058823529412
6nx5_A	0.46987951807228917
6nxe_B	0.0392156862745098
6ny5_A	0.40414507772020725
6nyf_D	0.3627450980392157
6nyq_C	0.06896551724137931
6nz0_Z	0.7052631578947368
6nz2_A	0.11170212765957446
6nz4_A	0.29336188436830835
6nzx_A	0.21052631578947367
6o0a_A	0.4699738903394256
6o1e_A	0.1554524361948956
6o1f_I	0.05084745762711865
6o1m_R	0.4541984732824427
6o1o_A	0.03333333333333333
6o1o_B	0.03225806451612903
6o1z_A	0.325
6o25_G	0.5294117647058824
6o2b_E	0.5416666666666666
6o2d_B	0.6137931034482759
6o2k_B	0.5140845070422535
6o2m_A	0.31176470588235294
6o2v_A	0.05925925925925926
6o38_A	0.29411764705882354
6o3h_A	0.11735941320293398
6o4d_B	0.2627450980392157
6o4o_A	0.1242603550295858
6o59_A	0.18823529411764706
6o60_C	0.8997429305912596
6o6w_A	0.10204081632653061
6o76_B	0.17960088691796008
6o7a_D	0.4477317554240631
6o8b_B	0.22549019607843138
6o8w_S	0.3333333333333333
6o93_A	0.3299492385786802
6o9n_A	0.16862745098039217
6oao_F	0.5327510917030568
6oaw_B	0.08785529715762273
6ob0_A	0.3914027149321267
6ob7_A	0.2782152230971129
6ob8_A	0.5472312703583062
6obv_A	0.3194444444444444
6od8_A	0.1976284584980237
6odj_K	0.013377926421404682
6odm_5	0.059431524547803614
6odm_C	0.043137254901960784
6oea_A	0.09302325581395349
6oec_L	0.5679012345679012
6oef_K	0.10196078431372549
6oew_B	0.502092050209205
6ofb_B	0.33137254901960783
6ofc_B	0.4372549019607843
6ofr_A	0.38823529411764707
6ofs_A	0.24901960784313726
6ofu_B	0.4356060606060606
6oh9_A	0.37168141592920356
6ohh_B	0.3515625
6ohk_A	0.6647058823529411
6ohp_A	0.37450980392156863
6ohx_A	0.1791044776119403
6oid_A	0.2906574394463668
6oif_R	0.2695035460992908
6oil_A	0.527027027027027
6oit_F	0.05847953216374269
6oiu_C	0.2725490196078431
6oj0_Z	0.19444444444444445
6oj1_A	0.398406374501992
6ojd_A	0.6519823788546255
6ok1_B	0.366412213740458
6okh_A	0.33146067415730335
6om5_A	0.07936507936507936
6om8_D	0.5363247863247863
6oma_A	0.19063545150501673
6ome_A	0.3246492985971944
6omk_A	0.36211031175059955
6onb_B	0.6181818181818182
6onn_B	0.44274809160305345
6onp_A	0.3886255924170616
6ont_A	0.6611570247933884
6ooq_A	0.36989795918367346
6op6_A	0.4723404255319149
6opc_Z	0.3333333333333333
6opm_C	0.15598885793871867
6orb_A	0.24705882352941178
6org_A	0.5088888888888888
6ori_A	0.22572178477690288
6orm_A	0.6319018404907976
6ort_A	0.1624548736462094
6os0_A	0.17215189873417722
6osu_A	0.2711864406779661
6otj_B	0.1554524361948956
6otu_A	0.2372549019607843
6ov0_A	0.279445727482679
6ov8_A	0.36363636363636365
6ovc_A	0.10365853658536585
6ovf_A	0.09090909090909091
6ovk_B	0.3333333333333333
6ovm_R	0.352112676056338
6ow0_A	0.5108359133126935
6ow4_F	0.6443661971830986
6owe_B	0.36830357142857145
6owf_CP	0.17894736842105263
6oxb_C	0.050314465408805034
6oxc_B	0.33137254901960783
6oxd_A	0.2725490196078431
6oxm_A	0.38613861386138615
6oyc_A	0.3514056224899598
6oyc_B	0.3764705882352941
6oyc_C	0.38387096774193546
6oz6_D	0.11805555555555555
6ozb_C	0.37305699481865284
6ozd_B	0.19607843137254902
6ozf_B	0.3377777777777778
6ozj_B	0.324
6p0f_A	0.2057142857142857
6p0x_A	0.15625
6p0y_A	0.38645418326693226
6p1g_A	0.3858267716535433
6p1j_A	0.24705882352941178
6p20_D	0.1839080459770115
6p22_D	0.15328467153284672
6p29_A	0.26865671641791045
6p2k_B	0.396078431372549
6p2l_A	0.403921568627451
6p2n_A	0.3411764705882353
6p2r_A	0.23529411764705882
6p3e_A	0.4146341463414634
6p3k_B	0.14689265536723164
6p44_B	0.4188034188034188
6p4o_F	0.20374220374220375
6p57_B	0.11864406779661017
6p5b_A	0.01288659793814433
6p5r_A	0.16883116883116883
6p61_A	0.6839378238341969
6p66_C	0.4217391304347826
6p6f_B	0.6133333333333333
6p6j_A	0.28431372549019607
6p6j_B	0.23529411764705882
6p74_A	0.3254901960784314
6p78_A	0.3521739130434783
6p7b_A	0.46308724832214765
6p7q_C	0.2975206611570248
6p7r_A	0.40794223826714804
6p7y_A	0.05581395348837209
6p82_B	0.2052980132450331
6p8c_A	0.3148148148148148
6p8r_B	0.10119047619047619
6p8v_C	0.40264026402640263
6p8v_G	0.209375
6pa3_A	0.4880239520958084
6paj_B	0.4827586206896552
6pal_A	0.5643564356435643
6pbm_A	0.4061032863849765
6pbz_A	0.33608247422680415
6pc0_B	0.3677685950413223
6pcc_A	0.3325062034739454
6pcu_E	0.5677966101694916
6pdk_A	0.14516129032258066
6pdt_A	0.272
6ped_B	0.031496062992125984
6pej_A	0.6381322957198443
6peu_B	0.14545454545454545
6pev_A	0.12761506276150628
6pew_I	0.09019607843137255
6pgl_A	0.22477064220183487
6pgv_A	0.24342105263157895
6phe_B	0.5197368421052632
6pi8_B	0.4425287356321839
6pi9_A	0.47692307692307695
6pif_G	0.08431372549019608
6pif_H	0.06565656565656566
6pii_A	0.5148809523809523
6pij_A	0.09686609686609686
6pkv_C	0.2784313725490196
6pl0_B	0.3196078431372549
6pl5_B	0.1784313725490196
6plj_A	0.6157407407407407
6pll_A	0.6271186440677966
6plm_B	0.06862745098039216
6pnl_A	0.6517857142857143
6pnq_B	0.09774436090225563
6pnt_A	0.45433255269320844
6poj_A	0.08904109589041095
6ppf_E	0.12886597938144329
6ppf_R	0.3541666666666667
6ppi_A	0.024213075060532687
6ppo_B	0.05531914893617021
6ppp_H	0.44680851063829785
6pqh_B	0.19624217118997914
6pqx_A	0.07916666666666666
6psg_C	0.23694779116465864
6psi_A	0.17142857142857143
6pt4_B	0.3171247357293869
6pt8_A	0.15428571428571428
6ptd_A	0.30067567567567566
6ptm_A	0.35490196078431374
6ptv_D	0.2125984251968504
6puq_A	0.5087719298245614
6pv4_C	0.3764705882352941
6pvg_A	0.30112359550561796
6pwj_A	0.5147058823529411
6pwu_A	0.043137254901960784
6pwv_D	0.15966386554621848
6pwy_B	0.16862745098039217
6pwz_B	0.4046511627906977
6px3_S	0.17167381974248927
6pxa_E	0.248868778280543
6pxe_F	0.4140127388535032
6pxl_K	0.22144522144522144
6pxs_A	0.35135135135135137
6pxu_B	0.43529411764705883
6py8_K	0.6666666666666666
6pyx_A	0.6503067484662577
6pzj_A	0.25
6pzn_A	0.6680161943319838
6q0b_7	0.04783599088838269
6q10_A	0.22972972972972974
6q1f_S	0.030100334448160536
6q1i_B	0.5530085959885387
6q1m_A	0.2857142857142857
6q1q_B	0.20279720279720279
6q2f_A	0.3784313725490196
6q2m_A	0.4549019607843137
6q2o_E	0.31176470588235294
6q2p_B	0.4778156996587031
6q2v_A	0.026845637583892617
6q3g_BK	0.10178117048346055
6q3g_CO	0.2435129740518962
6q3v_A	0.0851063829787234
6q3x_A	0.26208651399491095
6q40_A	0.45569620253164556
6q4s_A	0.1038961038961039
6q4x_A	0.31545741324921134
6q50_A	0.29245283018867924
6q55_A	0.3036876355748373
6q56_B	0.5897435897435898
6q5g_A	0.33653846153846156
6q5u_C	0.1649746192893401
6q5u_O	0.1532258064516129
6q5u_R	0.264
6q63_A	0.3764705882352941
6q64_A	0.4325153374233129
6q6b_A	0.3684210526315789
6q6i_A	0.44313725490196076
6q75_A	0.43548387096774194
6q7i_A	0.3843137254901961
6q8n_A	0.5295950155763239
6qaz_A	0.046875
6qb7_A	0.2982456140350877
6qbr_B	0.084070796460177
6qc2_a1	0.2870159453302961
6qc8_D4	0.12854030501089325
6qcm_N	0.576271186440678
6qd5_A	0.14325842696629212
6qd6_G	0.22174840085287847
6qdi_A	0.5102040816326531
6qe6_A	0.5707964601769911
6qe8_A	0.060109289617486336
6qek_A	0.48717948717948717
6qem_G	0.401673640167364
6qey_A	0.2823529411764706
6qfg_A	0.2556053811659193
6qfo_A	0.20784313725490197
6qg6_I	0.25754060324825984
6qgi_A	0.08032128514056225
6qgm_d	0.28627450980392155
6qgt_B	0.23711340206185566
6qh4_C	0.3115942028985507
6qhe_A	0.6551724137931034
6qhg_A	0.1092436974789916
6qhn_A	0.27896995708154504
6qi5_Q	0.3896457765667575
6qii_G	0.383399209486166
6qix_A	0.06051873198847262
6qj3_A	0.3627450980392157
6qkj_A	0.26139088729016785
6qkl_C	0.15121951219512195
6qkr_B	0.48627450980392156
6qlh_A	0.4519230769230769
6qm2_A	0.16666666666666666
6qm3_A	0.2574626865671642
6qmm_B	0.4607142857142857
6qp0_A	0.6329787234042553
6qp1_B	0.4547738693467337
6qp8_A	0.2372549019607843
6qpf_B	0.052941176470588235
6qpi_A	0.025974025974025976
6qpk_B	0.06329113924050633
6qpq_A	0.3009950248756219
6qps_A	0.7248322147651006
6qrj_A	0.5399568034557235
6qsp_B	0.3445378151260504
6qsr_B	0.3355263157894737
6qss_B	0.4788273615635179
6qt8_A	0.4844290657439446
6qt9_Y	0.2
6qu6_A	0.10582010582010581
6qur_A	0.49222797927461137
6qv5_A	0.24567474048442905
6qvf_B	0.08092485549132948
6qvi_A	0.22549019607843138
6qvp_E	0.21153846153846154
6qw5_A	0.23039215686274508
6qw6_R	0.4811320754716981
6qwo_B	0.4782608695652174
6qwr_A	0.47393364928909953
6qwt_A	0.11677282377919321
6qx4_B	0.4980392156862745
6qx6_A	0.06060606060606061
6qxa_A	0.0803921568627451
6qxn_A	0.2393617021276596
6qyi_B	0.08235294117647059
6qyk_A	0.36666666666666664
6qz0_2N	0.3101123595505618
6qz4_A	0.3509803921568627
6qz9_0A	0.041237113402061855
6qzh_A	0.17058823529411765
6qzk_A	0.1803921568627451
6qzt_A	0.32819383259911894
6r02_C	0.12928759894459102
6r0j_A	0.10810810810810811
6r0w_N	0.17647058823529413
6r0x_E	0.020202020202020204
6r1a_A	0.09821428571428571
6r1h_A	0.6086956521739131
6r1j_J	0.16666666666666666
6r1m_B	0.1325581395348837
6r1v_A	0.3716216216216216
6r2h_A	0.07853403141361257
6r2j_B	0.5454545454545454
6r2q_B	0.42549019607843136
6r2s_C	0.056856187290969896
6r3m_A	0.5885714285714285
6r3w_A	0.3416149068322981
6r45_A	0.4230769230769231
6r4m_C	0.4666666666666667
6r58_D	0.22727272727272727
6r5k_H	0.4365482233502538
6r5w_A	0.19298245614035087
6r6h_O	0.11568627450980393
6r77_A	0.14655172413793102
6r7f_E	0.22186495176848875
6r7f_V	0.1625
6r7p_A	0.3821656050955414
6r7u_B	0.2727272727272727
6r82_A	0.10497237569060773
6r86_s	0.07727272727272727
6r8u_A	0.3341176470588235
6r99_A	0.04912280701754386
6ra3_A	0.6554307116104869
6rao_C	0.14245014245014245
6rao_F	0.3422818791946309
6rao_I	0.14221218961625282
6rap_A	0.3691275167785235
6rap_E	0.2727272727272727
6ras_I	0.16859122401847576
6rb7_A	0.5672131147540984
6rbk_B	0.2857142857142857
6rd8_3	0.4530612244897959
6rdl_2	0.5124716553287982
6rdn_S	0.15162454873646208
6rdr_X	0.15294117647058825
6rfg_A	0.07407407407407407
6rfl_O	0.09215686274509804
6rfl_Y	0.45098039215686275
6rfy_D	0.41277641277641275
6rgl_D	0.19948186528497408
6rgo_A	0.39755351681957185
6rgz_D	0.6639344262295082
6rh5_A	0.09420289855072464
6riw_A	0.25098039215686274
6riy_B	0.022900763358778626
6rjr_A	0.08514851485148515
6rk0_A	0.2383177570093458
6rke_A	0.34558823529411764
6rkf_A	0.3940298507462687
6rkl_A	0.3783132530120482
6rkw_A	0.1
6rkw_B	0.16470588235294117
6rl5_G	0.4004739336492891
6rlb_D	0.33408071748878926
6rlb_E	0.28525641025641024
6rm3_LCC	0.3076923076923077
6rm3_LDD	0.10784313725490197
6rm3_LFF	0.2708333333333333
6rm3_LG0	0.2717948717948718
6rm3_LH0	0.059782608695652176
6rm3_LO0	0.2254335260115607
6rm3_SB0	0.0380952380952381
6rm3_SGG	0.45454545454545453
6rm3_SM0	0.35294117647058826
6rm3_SQ0	0.16447368421052633
6rm3_SU0	0.15625
6rm3_SW0	0.1968503937007874
6rmo_I	0.27314814814814814
6rn5_A	0.2579505300353357
6roh_A	0.06862745098039216
6row_B	0.029411764705882353
6row_E	0.20066889632107024
6row_G	0.23121387283236994
6rpo_u	0.19900497512437812
6rpq_A	0.20481927710843373
6rpv_A	0.14166666666666666
6rpx_A	0.4365079365079365
6rqa_A	0.41304347826086957
6rre_D	0.117096018735363
6rs4_A	0.5301587301587302
6rtd_B	0.4206008583690987
6rth_A	0.1388888888888889
6rtl_A	0.02476780185758514
6rtv_A	0.3860103626943005
6ru4_A	0.4601449275362319
6rui_O	0.23015873015873015
6ruj_A	0.332378223495702
6rul_A	0.37318840579710144
6rup_A	0.42342342342342343
6ruu_B	0.36013986013986016
6ruz_A	0.4018058690744921
6rw0_A	0.48424068767908307
6rx4_B	0.11081794195250659
6rxg_A	0.08644400785854617
6rxp_B	0.451063829787234
6rxu_UR	0.41834451901565994
6rxu_UT	0.28823529411764703
6rxu_UU	0.3509803921568627
6rxv_CX	0.4044943820224719
6rxx_CG	0.3942307692307692
6rxx_CH	0.13881748071979436
6rxx_CI	0.23529411764705882
6rxz_UD	0.4568627450980392
6ry1_A	0.35609756097560974
6ryk_A	0.39097744360902253
6s0f_A	0.4969818913480885
6s0z_X	0.3448275862068966
6s1f_A	0.38144329896907214
6s21_A	0.2962962962962963
6s24_A	0.44313725490196076
6s2o_A	0.012345679012345678
6s2r_A	0.41025641025641024
6s2x_AAA	0.4837758112094395
6s3k_A	0.10588235294117647
6s3t_A	0.45454545454545453
6s44_A	0.1506849315068493
6s47_Bi	0.3509803921568627
6s4c_A	0.6162162162162163
6s4f_B	0.5234899328859061
6s4m_A	0.31690140845070425
6s50_A	0.06451612903225806
6s5i_A	0.19230769230769232
6s5m_A	0.5032679738562091
6s5w_A	0.660377358490566
6s5y_A	0.25153374233128833
6s67_A	0.12053571428571429
6s6b_C	0.03896103896103896
6s6b_H	0.04807692307692308
6s6b_K	0.06470588235294118
6s6q_B	0.8607843137254902
6s6v_A	0.4792746113989637
6s6y_C	0.1811320754716981
6s6y_D	0.17857142857142858
6s7j_A	0.06438631790744467
6s7o_G	0.4233576642335766
6s7v_A	0.31746031746031744
6s8b_I	0.13380281690140844
6s8b_J	0.03368421052631579
6s8f_F	0.011764705882352941
6s8t_A	0.08823529411764706
6s98_B	0.039735099337748346
6s9f_B	0.6666666666666666
6s9u_A	0.2411764705882353
6s9v_B	0.266260162601626
6s9z_A	0.15849056603773584
6sak_A	0.072992700729927
6sau_B	0.40497737556561086
6sbp_A	0.42323651452282157
6sbr_A	0.2823529411764706
6sce_A	0.3588235294117647
6scl_C	0.4657534246575342
6scx_A	0.27134146341463417
6scy_B	0.37919463087248323
6sd6_C	0.4888888888888889
6sdk_C	0.39195979899497485
6sdu_A	0.05405405405405406
6se1_A	0.4904214559386973
6sei_A	0.358695652173913
6seq_A	0.3920863309352518
6ser_A	0.30612244897959184
6sf0_A	0.23137254901960785
6sg8_B	0.23622047244094488
6sg9_F4	0.2607843137254902
6sg9_FL	0.315625
6sg9_Uh	0.023529411764705882
6sga_FW	0.242914979757085
6sgb_F7	0.4235294117647059
6sgb_F8	0.050980392156862744
6sgb_FA	0.24901960784313726
6sgb_FB	0.04774535809018567
6sgb_FD	0.233502538071066
6sgb_FF	0.22794117647058823
6sgb_FH	0.09779179810725552
6sgb_UY	0.014957264957264958
6sgf_B	0.5151515151515151
6sgy_A	0.06218905472636816
6shc_A	0.09523809523809523
6shl_B	0.1038961038961039
6shl_C	0.13409961685823754
6shm_A	0.43952802359882004
6shu_A	0.5917721518987342
6sih_A	0.0860655737704918
6sj5_A	0.33035714285714285
6sjl_E	0.2607843137254902
6sjr_A	0.3475409836065574
6sjt_AAA	0.12037037037037036
6sjx_A	0.03296703296703297
6skf_BE	0.050980392156862744
6skg_Aj	0.20930232558139536
6skg_BJ	0.12280701754385964
6skg_BV	0.2662337662337662
6skg_BW	0.35294117647058826
6sl1_A	0.42745098039215684
6sl4_A	0.4066666666666667
6sl9_AAA	0.3875968992248062
6slf_A	0.42462311557788945
6slk_B	0.5257142857142857
6sln_D	0.2157676348547718
6sm7_B	0.45084745762711864
6sme_D	0.5661764705882353
6smo_G	0.3971830985915493
6smp_B	0.30935251798561153
6smq_E	0.35294117647058826
6sms_A	0.20392156862745098
6smt_B	0.4671280276816609
6sn1_B	0.36779324055666
6snh_X	0.16910229645093947
6snj_A	0.42748091603053434
6snk_A	0.6648936170212766
6sno_A	0.36470588235294116
6snr_A	0.32338308457711445
6snw_E	0.3707482993197279
6soe_A	0.5
6soy_A	0.07430340557275542
6sp0_A	0.25380710659898476
6spb_Z	0.3684210526315789
6sqg_E	0.09905660377358491
6sqx_A	0.10065645514223195
6sr6_C	0.34509803921568627
6srb_B	0.2918454935622318
6ss2_AAA	0.434375
6ssh_A	0.07853403141361257
6ssp_D	0.16387959866220736
6ssp_J	0.16498316498316498
6st0_A	0.46308724832214765
6st5_A	0.13529411764705881
6std_A	0.47560975609756095
6stx_C	0.24705882352941178
6sty_A	0.3787878787878788
6su3_A	0.1484375
6su8_A	0.045454545454545456
6su9_A	0.3288135593220339
6sum_A	0.34328358208955223
6svo_A	0.3137254901960784
6sw4_B	0.67003367003367
6swb_B	0.7230769230769231
6swh_E	0.26666666666666666
6swj_A	0.4878048780487805
6sws_A	0.46017699115044247
6sx4_BBB	0.3803921568627451
6sxo_A	0.176
6sy9_A	0.36156351791530944
6syu_A	0.4427860696517413
6sz9_A	0.1945031712473573
6sz9_B	0.04247104247104247
6sz9_C	0.1782178217821782
6sza_C	0.26195426195426197
6szc_A	0.21794871794871795
6t0b_b	0.3559322033898305
6t0q_A	0.4147058823529412
6t14_BBB	0.0778688524590164
6t1z_A	0.42748091603053434
6t2b_B	0.4533029612756264
6t2n_AAA	0.2949640287769784
6t2p_BBB	0.34710743801652894
6t2r_AAA	0.28225806451612906
6t2t_A	0.3231441048034934
6t3e_B	0.40307692307692305
6t3x_A	0.1320754716981132
6t3z_A	0.1336405529953917
6t58_A	0.12156862745098039
6t5a_E	0.021739130434782608
6t5k_C	0.48214285714285715
6t5l_A	0.5535714285714286
6t65_C	0.6009174311926605
6t6y_A	0.5770750988142292
6t76_A	0.5384615384615384
6t7g_AAA	0.4803921568627451
6t84_A	0.033707865168539325
6t85_A	0.29411764705882354
6t8d_X	0.05070422535211268
6t8y_BBB	0.592
6t9m_AAA	0.5171428571428571
6ta6_D	0.391304347826087
6tad_A	0.21428571428571427
6tav_A	0.4980392156862745
6tba_A1	0.5357142857142857
6tbm_N	0.03880597014925373
6tbm_Q	0.13070539419087138
6tbn_B	0.5982142857142857
6tbu_A	0.1450980392156863
6tca_A	0.2898550724637681
6tcz_J	0.11764705882352941
6tcz_K	0.11165048543689321
6td3_B	0.34234234234234234
6td9_B	0.21052631578947367
6tdv_A	0.03909465020576132
6tdw_B	0.24770642201834864
6te9_E	0.42727272727272725
6teb_C	0.1044776119402985
6teh_C	0.0684931506849315
6teh_D	0.2072892938496583
6tej_B	0.2980392156862745
6tek_A	0.5130434782608696
6tfo_C	0.5943396226415094
6tgc_A	0.22941176470588234
6tgc_B	0.3392156862745098
6tgf_D	0.4019607843137255
6tgv_C	0.596401028277635
6th0_A	0.5454545454545454
6th1_R	0.041666666666666664
6th6_Ad	0.1736842105263158
6th6_BL	0.17142857142857143
6thh_C	0.14705882352941177
6thm_D	0.2798913043478261
6thq_B	0.2558139534883721
6ti2_A	0.2331288343558282
6tit_A	0.016203703703703703
6tj2_A	0.5761316872427984
6tji_A	0.2611111111111111
6tjr_A	0.47941176470588237
6tjv_D	0.16736401673640167
6tjv_F	0.12745098039215685
6tjv_H	0.027989821882951654
6tjv_P	0.046948356807511735
6tjv_Q	0.22972972972972974
6tjz_A	0.09580838323353294
6tk9_A	0.35793357933579334
6tku_A	0.6352941176470588
6tl1_A	0.0761904761904762
6tlb_A	0.1837837837837838
6tld_C	0.324582338902148
6tm8_A	0.020491803278688523
6tmf_H	0.104
6tmk_d1	0.26573426573426573
6tml_f7	0.5
6tml_g1	0.17279411764705882
6tmr_A	0.0737913486005089
6tmu_A	0.15294117647058825
6tn6_A	0.5505376344086022
6tne_A	0.7037037037037037
6tnh_A	0.2028985507246377
6tnm_A	0.4215686274509804
6tnz_A	0.19215686274509805
6tnz_B	0.38979118329466356
6to1_A	0.3764705882352941
6toa_A	0.11351351351351352
6top_A	0.4155844155844156
6tor_B	0.349009900990099
6tp5_A	0.22162162162162163
6tpb_A	0.6597938144329897
6tpi_A	0.23157894736842105
6tpl_A	0.5909090909090909
6tpn_A	0.3764705882352941
6tpq_B	0.3551912568306011
6tpw_A	0.6346666666666667
6tq8_A	0.6788617886178862
6tqd_B	0.5048543689320388
6tqo_X	0.060784313725490195
6tqp_A	0.22535211267605634
6tr0_A	0.4
6tr4_A	0.4762845849802372
6trh_C	0.24155844155844156
6trq_C	0.05952380952380952
6tru_B	0.11785714285714285
6trv_BBB	0.23809523809523808
6tsv_A	0.3805970149253731
6tsz_U	0.3541666666666667
6ttb_A	0.552870090634441
6ttj_C	0.23356009070294784
6ttl_A	0.1315240083507307
6tua_A	0.40476190476190477
6tug_B	0.35180722891566263
6tui_D	0.28717948717948716
6tui_O4	0.21212121212121213
6tux_A	0.2818181818181818
6tv1_A	0.16228070175438597
6tv9_A	0.46236559139784944
6tvp_B	0.6452442159383034
6txr_A	0.43137254901960786
6ty4_A	0.19411764705882353
6tz1_A	0.052941176470588235
6tz1_B	0.19161676646706588
6tze_A	0.4485981308411215
6tzk_A	0.36585365853658536
6u05_A	0.1549636803874092
6u08_F	0.14634146341463414
6u0a_A	0.08796296296296297
6u0o_A	0.1975806451612903
6u0o_B	0.19791666666666666
6u0p_C	0.24901960784313726
6u10_A	0.4944237918215613
6u11_A	0.19936708860759494
6u1b_A	0.3936651583710407
6u1d_B	0.34049079754601225
6u1q_A	0.5240384615384616
6u1s_A	0.11935483870967742
6u2a_A	0.3547486033519553
6u2l_II	0.03333333333333333
6u2m_A	0.4353448275862069
6u3i_A	0.3843137254901961
6u3j_A	0.22549019607843138
6u42_3X	0.31986531986531985
6u42_5L	0.5137254901960784
6u45_A	0.29411764705882354
6u4b_A	0.4392156862745098
6u4z_A	0.44820295983086683
6u62_A	0.3352941176470588
6u6t_B	0.6568265682656826
6u6u_R	0.5685279187817259
6u7a_D	0.40559440559440557
6u7b_B	0.11931818181818182
6u7d_A	0.26490066225165565
6u7l_A	0.13043478260869565
6u7v_A	0.09482758620689655
6u83_A	0.42857142857142855
6u8j_D	0.2620320855614973
6u8y_H	0.18275154004106775
6u8y_J	0.2994350282485876
6u8y_l	0.05093833780160858
6u8y_m	0.04983388704318937
6u8y_x	0.14313725490196078
6u9d_B	0.4764705882352941
6uak_A	0.5622895622895623
6uaq_A	0.44813278008298757
6uaw_A	0.4576923076923077
6uax_A	0.49612403100775193
6uay_B	0.4344262295081967
6ub6_A	0.3055555555555556
6ub8_I	0.41767068273092367
6ubc_A	0.44921875
6ubl_A	0.10426540284360189
6ubz_A	0.058823529411764705
6uca_D	0.31971153846153844
6ucz_B	0.4641509433962264
6ud7_A	0.15258215962441316
6ue2_D	0.25098039215686274
6ueh_A	0.45454545454545453
6uek_A	0.16470588235294117
6uex_A	0.2550607287449393
6uf3_A	0.28346456692913385
6ugd_E	0.3525641025641026
6ugm_N	0.3946078431372549
6uh2_B	0.592156862745098
6uh6_A	0.10774410774410774
6uhi_A	0.03783783783783784
6uhx_B	0.6929133858267716
6ui3_A	0.5905044510385756
6ui4_A	0.0803921568627451
6ui5_A	0.33601609657947684
6uio_A	0.26785714285714285
6ujc_B	0.41225626740947074
6uje_A	0.53156146179402
6uke_X	0.1124031007751938
6ukj_A	0.10857142857142857
6ulg_G	0.45806451612903226
6ulg_N	0.057971014492753624
6ulo_A	0.14826498422712933
6ulw_B	0.4019607843137255
6um1_A	0.12549019607843137
6umm_E	0.11661807580174927
6umr_A	0.20574162679425836
6unc_B	0.4929078014184397
6unv_A	0.43609022556390975
6uo8_A	0.403921568627451
6uo8_B	0.43529411764705883
6uof_A	0.33613445378151263
6uqj_A	0.4150197628458498
6urf_D	0.307843137254902
6urg_A	0.24313725490196078
6uro_B	0.48148148148148145
6ury_A	0.11567164179104478
6usf_A	0.1314655172413793
6ust_C	0.2607758620689655
6ut5_A	0.18734177215189873
6ut6_D	0.3082191780821918
6ut6_G	0.26548672566371684
6ut7_G	0.21739130434782608
6utu_C	0.0842911877394636
6uuf_A	0.37888198757763975
6uut_A	0.6
6uv0_B	0.32098765432098764
6uv6_C	0.6931818181818182
6uv8_A	0.3825136612021858
6uvn_J	0.06426735218508997
6uvz_A	0.38645418326693226
6uwi_g	0.2568627450980392
6ux2_A	0.2372549019607843
6uxc_B	0.5697674418604651
6uxd_A	0.07425742574257425
6uxu_A	0.4533333333333333
6uxw_Q	0.255050505050505
6uy4_A	0.4322033898305085
6uy8_A	0.37398373983739835
6uz7_Bq	0.06912442396313365
6uzc_F	0.08669354838709678
6uzt_A	0.12156862745098039
6v04_A	0.3159851301115242
6v0a_B	0.10810810810810811
6v0c_A	0.2784313725490196
6v0t_A	0.27114427860696516
6v2t_B	0.2589641434262948
6v3p_C	0.6407766990291263
6v3q_A	0.504424778761062
6v43_A	0.2510729613733906
6v4a_C	0.4235294117647059
6v4l_A	0.15657620041753653
6v4m_A	0.07975460122699386
6v4v_A	0.5314685314685315
6v55_A	0.2980392156862745
6v59_A	0.13126491646778043
6v62_A	0.11776859504132231
6v6h_A	0.043137254901960784
6v6n_A	0.272
6v6s_k	0.2891891891891892
6v72_A	0.38839285714285715
6v7g_A	0.5126050420168067
6v7x_B	0.3418803418803419
6v81_A	0.44901960784313727
6v82_A	0.4448979591836735
6v8i_CK	0.3968253968253968
6v91_A	0.36018957345971564
6v9h_C	0.6148148148148148
6vbb_A	0.3536231884057971
6vbs_D	0.3270440251572327
6vbv_7	0.3784313725490196
6vby_A	0.13404255319148936
6vcd_B	0.6509803921568628
6vcm_A	0.24363636363636362
6vd9_A	0.4931506849315068
6vde_A	0.28627450980392155
6ve1_C	0.5149253731343284
6ve2_Q	0.27555555555555555
6ve3_A	0.41284403669724773
6ve6_A	0.5714285714285714
6vee_A	0.3423913043478261
6vfp_A	0.5489749430523918
6vfs_A	0.3525423728813559
6vft_C	0.5452380952380952
6vfy_F	0.3355263157894737
6vg1_A	0.5196078431372549
6vg3_B	0.4121863799283154
6vg4_A	0.5372549019607843
6vgl_A	0.3836065573770492
6vgv_A	0.10344827586206896
6vh5_D	0.42907801418439717
6vh9_A	0.6039215686274509
6vhf_A	0.09285714285714286
6vhi_A	0.6574074074074074
6vhy_C	0.42745098039215684
6vij_B	0.43455497382198954
6vin_A	0.12912087912087913
6vj2_A	0.25092250922509224
6vji_A	0.13725490196078433
6vjr_A	0.11354581673306773
6vjv_B	0.34375
6vk3_B	0.08857142857142856
6vl1_A	0.030303030303030304
6vld_B	0.2878464818763326
6vlo_A	0.6175548589341693
6vls_D	0.34509803921568627
6vly_A	0.6279863481228669
6vm6_B	0.1409090909090909
6vna_B	0.3618421052631579
6vnw_B	0.40784313725490196
6vnw_G	0.12333333333333334
6vo5_A	0.21739130434782608
6vo6_D	0.6109324758842444
6vow_A	0.589242053789731
6vpb_B	0.37037037037037035
6vpd_A	0.5228758169934641
6vph_A	0.323943661971831
6vpt_A	0.3250517598343685
6vpu_B	0.4199134199134199
6vqr_E	0.11458333333333333
6vqv_D	0.08496732026143791
6vqv_J	0.06824925816023739
6vqw_A	0.0125
6vr7_A	0.45979381443298967
6vr8_I	0.42531120331950206
6vrr_A	0.5118110236220472
6vs4_A	0.43946188340807174
6vs7_A	0.39364303178484106
6vtg_A	0.11176470588235295
6vtj_A	0.4682203389830508
6vtl_A	0.04035874439461883
6vtv_B	0.4801587301587302
6vu8_A	0.36907216494845363
6vve_A	0.1978798586572438
6vvo_A	0.31026785714285715
6vvo_E	0.43352601156069365
6vvr_B	0.45528455284552843
6vvw_D	0.3770491803278688
6vwf_A	0.23555555555555555
6vwp_A	0.34022988505747126
6vwq_A	0.2523076923076923
6vxc_B	0.08627450980392157
6vy9_A	0.07575757575757576
6vyd_A	0.11842105263157894
6vye_B	0.37969924812030076
6vzu_A	0.12839506172839507
6vzy_A	0.34698275862068967
6vzz_A	0.3582887700534759
6w04_A	0.45739910313901344
6w08_B	0.042134831460674156
6w0p_A	0.27647058823529413
6w18_E	0.10919540229885058
6w1h_A	0.05333333333333334
6w1i_B	0.5051546391752577
6w1k_A	0.057692307692307696
6w2d_h	0.05952380952380952
6w2e_r	0.0903010033444816
6w2w_A	0.28125
6w32_B	0.3263888888888889
6w38_A	0.15709969788519637
6w3h_D	0.22448979591836735
6w4q_C	0.48823529411764705
6w5e_A	0.18907563025210083
6w5y_B	0.03067484662576687
6w66_B	0.824
6w6a_A	0.606425702811245
6w6m_A	0.3276699029126214
6w6p_f	0.4845360824742268
6w6v_E	0.04142011834319527
6w6v_F	0.14556962025316456
6w6v_G	0.1746031746031746
6w7x_A	0.40934065934065933
6w8d_C	0.2824858757062147
6w8m_B	0.3888888888888889
6w8p_B	0.107981220657277
6w8r_A	0.38461538461538464
6w8u_d	0.38571428571428573
6w98_A	0.24901960784313726
6wb4_B	0.434640522875817
6wc3_A	0.11176470588235295
6wc7_G	0.2938388625592417
6wcd_A	0.42038216560509556
6wcl_A	0.5522727272727272
6wcs_A	0.1917808219178082
6wes_A	0.14556962025316456
6wg5_A	0.18495934959349594
6wgm_A	0.40131578947368424
6wgr_C	0.2692307692307692
6wh0_A	0.32941176470588235
6wh3_R	0.020958083832335328
6wh5_A	0.12365591397849462
6whb_A	0.352112676056338
6whj_B	0.4626865671641791
6whl_G	0.17886178861788618
6whp_A	0.26869158878504673
6wi1_A	0.3941176470588235
6wi5_A	0.28888888888888886
6wi7_A	0.11165048543689321
6wil_A	0.29411764705882354
6wim_A	0.3431372549019608
6win_A	0.2571428571428571
6wje_A	0.38095238095238093
6wjl_I	0.43859649122807015
6wjl_K	0.46956521739130436
6wjv_A	0.20588235294117646
6wkd_B	0.08469055374592833
6wkk_G	0.04666666666666667
6wkt_A	0.37735849056603776
6wku_A	0.06666666666666667
6wm3_O	0.06133333333333333
6wm7_B	0.3607843137254902
6wmp_A	0.035555555555555556
6wmp_B	0.11304347826086956
6wmw_B	0.06770833333333333
6wn0_B	0.45539906103286387
6wn5_A	0.3505747126436782
6wn6_C	0.6136363636363636
6wng_A	0.1072961373390558
6wns_A	0.4256410256410256
6wnx_A	0.4268292682926829
6wo6_A	0.16158536585365854
6woo_f	0.3047619047619048
6wpi_A	0.3431372549019608
6wpu_A	0.29157175398633256
6wpx_B	0.5631929046563193
6wqc_A	0.49829351535836175
6wqm_D	0.26334519572953735
6wqs_A	0.1411764705882353
6wsk_A	0.08013937282229965
6wt8_A	0.14325842696629212
6wt9_A	0.2857142857142857
6wta_A	0.39416058394160586
6wtb_B	0.19607843137254902
6wte_A	0.515686274509804
6wti_A	0.16666666666666666
6wu1_A	0.2065439672801636
6wuc_I	0.2196078431372549
6wum_B	0.31235955056179776
6wut_C	0.20689655172413793
6wuu_B	0.09657320872274143
6wwd_D	0.2814070351758794
6wxe_2	0.06470588235294118
6wxq_B	0.5471698113207547
6wxu_B	0.21978021978021978
6wym_A	0.5876288659793815
6wzn_A	0.3782608695652174
6wzt_A	0.06072874493927125
6x1l_A	0.38076923076923075
6x1n_A	0.3238095238095238
6x1o_C	0.09411764705882353
6x23_A	0.34831460674157305
6x2k_2	0.01764705882352941
6x2q_A	0.05371900826446281
6x33_B	0.11372549019607843
6x38_A	0.6881720430107527
6x3a_A	0.6699346405228758
6x3b_A	0.6233333333333333
6x41_A	0.12949640287769784
6x44_B	0.16452442159383032
6x4t_A	0.5380952380952381
6x64_GV	0.020833333333333332
6x6j_NX	0.0975609756097561
6x6u_B	0.08982035928143713
6x74_A	0.17312072892938496
6x7p_A	0.3069306930693069
6x7r_A	0.5031446540880503
6x80_E	0.09019607843137255
6x8m_A	0.21428571428571427
6x91_H	0.3058823529411765
6x9d_A	0.3137254901960784
6x9o_A	0.4666666666666667
6xa3_A	0.1393643031784841
6xau_A	0.2605042016806723
6xax_B	0.7463235294117647
6xb3_A	0.10683760683760683
6xb5_A	0.05
6xb6_A	0.04184100418410042
6xbo_A	0.18495297805642633
6xbq_A	0.3680555555555556
6xcg_A	0.2857142857142857
6xcs_A	0.25735294117647056
6xd4_A	0.12882096069868995
6xdh_B	0.054441260744985676
6xeh_A	0.584
6xep_A	0.3322784810126582
6xfa_A	0.029556650246305417
6xgq_A	0.0708215297450425
6xgq_a	0.10483870967741936
6xgr_A	0.1709090909090909
6xgz_B	0.5392156862745098
6xh5_B	0.3764367816091954
6xhk_A	0.5236593059936908
6xhq_A	0.5864978902953587
6xhz_A	0.041666666666666664
6xi1_BBB	0.23708920187793428
6xi2_A	0.30980392156862746
6xi3_AAA	0.4896907216494845
6xi6_A	0.1412639405204461
6xj0_A	0.4881889763779528
6xj7_A	0.2832764505119454
6xjh_B	0.22310756972111553
6xji_C	0.4827586206896552
6xjj_A	0.2508591065292096
6xk2_A	0.459375
6xkz_n	0.20169851380042464
6xl2_A	0.5758754863813229
6xl3_A	0.20179372197309417
6xl7_A	0.13445378151260504
6xlj_G	0.34328358208955223
6xlp_A	0.27450980392156865
6xm1_C	0.1843137254901961
6xm7_A	0.3463114754098361
6xn1_B	0.35135135135135137
6xn4_J	0.08737864077669903
6xn5_B	0.13829787234042554
6xn7_A	0.18627450980392157
6xn8_A	0.47843137254901963
6xo3_A	0.28716216216216217
6xod_B	0.07228915662650602
6xof_A	0.33962264150943394
6xp5_R	0.04830917874396135
6xp8_A	0.30414746543778803
6xpd_A	0.25412541254125415
6xpp_D	0.36768149882903983
6xpw_C	0.15822784810126583
6xr0_M	0.18627450980392157
6xr1_A	0.17450980392156862
6xrk_A	0.5350140056022409
6xru_A	0.6310679611650486
6xs4_A	0.1
6xt4_A	0.15319148936170213
6xt5_B	0.36091954022988504
6xt6_A	0.31950207468879666
6xt9_I	0.35490196078431374
6xtd_A	0.07575757575757576
6xtr_A	0.2607260726072607
6xtz_A	0.05938242280285035
6xu4_A	0.12307692307692308
6xu6_CB	0.04830917874396135
6xu6_Cf	0.1464968152866242
6xu6_DA	0.4228571428571429
6xub_B	0.4025974025974026
6xuv_A	0.1803921568627451
6xux_A	0.16470588235294117
6xv2_A	0.24203821656050956
6xvu_D	0.5957446808510638
6xwe_A	0.3431372549019608
6xwx_E	0.25098039215686274
6xxj_A	0.21629213483146068
6xyb_C	0.18518518518518517
6xyu_A	0.3254901960784314
6xyw_AH	0.2636363636363636
6xyw_AI	0.1642512077294686
6xyw_AP	0.00784313725490196
6xyw_Ad	0.14354066985645933
6xyw_Ae	0.1111111111111111
6xyw_Ak	0.15748031496062992
6xyw_Am	0.09154929577464789
6xyw_Ao	0.25471698113207547
6xyw_As	0.2892561983471074
6xyw_BE	0.2413793103448276
6xyw_Be	0.1717171717171717
6xyw_Bg	0.171875
6xyw_Bj	0.3902439024390244
6xyz_A	0.49838187702265374
6xz0_A	0.264
6xz4_A	0.1875
6xz6_A	0.17370892018779344
6y04_A	0.4065934065934066
6y0k_AAA	0.4297082228116711
6y1w_A	0.27524752475247527
6y2j_FFF	0.3469879518072289
6y2k_A	0.43333333333333335
6y2p_C	0.13333333333333333
6y3c_A	0.03137254901960784
6y3p_A	0.15833333333333333
6y43_A	0.02702702702702703
6y48_B	0.24509803921568626
6y4b_A	0.24313725490196078
6y4f_A	0.08955223880597014
6y4l_B	0.15675675675675677
6y56_A	0.18835616438356165
6y57_Sf	0.1282051282051282
6y6c_A	0.6271186440677966
6y6e_A	0.44537815126050423
6y6p_A	0.07871720116618076
6y7c_M	0.144
6y7f_B	0.08203125
6y87_A	0.2723404255319149
6y88_B	0.5509433962264151
6y98_A	0.3688888888888889
6y9c_A	0.0958904109589041
6y9j_A	0.4698275862068966
6y9m_B	0.13432835820895522
6y9t_A	0.2901960784313726
6ya1_A	0.21341463414634146
6ya4_A	0.5240963855421686
6ya7_A	0.30857142857142855
6yah_M	0.14953271028037382
6yaj_DDD	0.5466237942122186
6yak_AAA	0.35106382978723405
6yaq_A	0.21643286573146292
6yav_A	0.21008403361344538
6yb5_A	0.49794238683127573
6yb9_A	0.30071599045346065
6ybh_D	0.4018264840182648
6ybk_A	0.34705882352941175
6ybp_J	0.16831683168316833
6yc8_A	0.6625
6yca_A	0.37435897435897436
6ycq_A	0.12968299711815562
6ycx_B	0.06666666666666667
6ydp_Bp	0.28865979381443296
6ydw_Ae	0.20618556701030927
6ydw_BQ	0.08558558558558559
6ye5_A	0.4067796610169492
6yeg_A	0.36046511627906974
6yf6_A	0.6642857142857143
6yg6_A	0.3485915492957746
6ygb_B	0.09019607843137255
6ygd_A	0.5786163522012578
6ygq_A	0.2727272727272727
6ygu_C	0.18604651162790697
6yhh_A	0.3862745098039216
6yhk_A	0.050980392156862744
6yhr_A	0.3941176470588235
6yhv_A	0.2235294117647059
6yi1_A	0.3829787234042553
6yiz_A	0.6445497630331753
6yj1_A	0.3727810650887574
6yj5_q	0.43790849673202614
6yj6_B	0.08070866141732283
6yj9_A	0.22377622377622378
6yjb_A	0.20064724919093851
6yji_A	0.18867924528301888
6yjk_A	0.14375
6yjp_C	0.6133333333333333
6ylh_0	0.42168674698795183
6ylh_7	0.30392156862745096
6ylh_v	0.24901960784313726
6ynw_d	0.11194029850746269
6yny_g1	0.04727272727272727
6ynz_t	0.3698630136986301
6yo9_A	0.3417085427135678
6yoa_A	0.42028985507246375
6yp6_A	0.41284403669724773
6ypa_B	0.5613382899628253
6ypb_A	0.4076923076923077
6ype_A	0.33658536585365856
6ypx_AAA	0.19469026548672566
6yq4_B	0.44166666666666665
6yra_A	0.23529411764705882
6yra_B	0.12549019607843137
6yrf_A	0.060784313725490195
6yro_A	0.23529411764705882
6ysg_A	0.24705882352941178
6yt3_B	0.40425531914893614
6ytt_C	0.1450980392156863
6yu6_B	0.10986547085201794
6yu8_A	0.3246268656716418
6yub_A	0.5011820330969267
6yup_D	0.012195121951219513
6yv9_B	0.5664739884393064
6yvr_BBB	0.37446808510638296
6yw5_44	0.038461538461538464
6yw5_WW	0.21813031161473087
6ywe_6	0.1978021978021978
6ywe_B	0.1196319018404908
6ywe_I	0.20168067226890757
6ywe_K	0.07738095238095238
6ywe_KK	0.31451612903225806
6ywe_N	0.2932330827067669
6ywe_XX	0.22303921568627452
6ywe_d	0.07659574468085106
6ywe_e	0.14049586776859505
6ywe_f	0.05714285714285714
6ywo_A	0.1553672316384181
6ywv_n	0.16129032258064516
6ywx_BB	0.19655172413793104
6ywx_C	0.06840390879478828
6ywx_DD	0.07586206896551724
6ywx_FF	0.5641025641025641
6ywy_88	0.26124197002141325
6yx5_B	0.2359882005899705
6yxa_A	0.20980392156862746
6yxp_B	0.09926470588235294
6yxq_B	0.08333333333333333
6yxs_A	0.27298050139275765
6yxx_AV	0.19337016574585636
6yxx_BQ	0.1651376146788991
6yxx_BR	0.10714285714285714
6yxx_E3	0.04466501240694789
6yxx_E4	0.34101382488479265
6yxx_E5	0.01834862385321101
6yxx_EA	0.44509803921568625
6yxx_EC	0.2868632707774799
6yxx_ED	0.041176470588235294
6yxx_EH	0.0654627539503386
6yxx_Ul	0.012605042016806723
6yxy_AE	0.05069124423963134
6yxy_AO	0.12121212121212122
6yxy_BD	0.05250596658711217
6yxy_EB	0.35294117647058826
6yxy_EF	0.37748344370860926
6yxy_EL	0.14705882352941177
6yxy_EM	0.32727272727272727
6yxy_EN	0.23137254901960785
6yxy_EQ	0.3099787685774947
6yyh_A	0.4362549800796813
6z00_A	0.4807692307692308
6z03_A	0.08627450980392157
6z05_A	0.347926267281106
6z0c_A	0.15577889447236182
6z0w_C	0.24806201550387597
6z1f_3	0.3345070422535211
6z1p_AK	0.028688524590163935
6z1p_AM	0.07142857142857142
6z1p_Ac	0.04580152671755725
6z1p_Ae	0.0712166172106825
6z1p_An	0.12658227848101267
6z1p_Ap	0.11764705882352941
6z1p_Av	0.2766990291262136
6z1p_Az	0.08016877637130802
6z1p_BI	0.1627450980392157
6z1p_BK	0.5318352059925093
6z1p_BM	0.08098591549295775
6z1p_Bg	0.22058823529411764
6z1p_Bj	0.02631578947368421
6z1q_BBB	0.3798219584569733
6z1s_A	0.03937007874015748
6z1w_A	0.22608695652173913
6z29_A	0.39655172413793105
6z2l_A	0.08121827411167512
6z2p_A	0.40730337078651685
6z34_A	0.38219895287958117
6z3e_A	0.379746835443038
6z3o_AAA	0.38764044943820225
6z3u_D	0.12738853503184713
6z3u_E	0.35294117647058826
6z3w_A	0.050980392156862744
6z3w_I	0.16463414634146342
6z3y_B	0.07772020725388601
6z42_C	0.43260188087774293
6z46_B	0.07623318385650224
6z46_V	0.08152173913043478
6z4w_A	0.48695652173913045
6z55_A	0.31843575418994413
6z5h_AAA	0.10392156862745099
6z5s_W	0.3404255319148936
6z5u_F	0.21761658031088082
6z69_B	0.5769230769230769
6z6c_BBB	0.29652996845425866
6z6d_A	0.3757828810020877
6z70_A	0.3130630630630631
6z7b_A	0.09210526315789473
6z7p_A	0.2235294117647059
6z8e_B	0.027450980392156862
6z8h_A	0.08831908831908832
6z96_A	0.5096774193548387
6z9c_A	0.2558139534883721
6za0_A	0.3625
6za2_B	0.39019607843137255
6za6_B	0.04434589800443459
6zas_A	0.5420289855072464
6zb6_C	0.31718061674008813
6zb9_B	0.4783783783783784
6zbs_A	0.21933962264150944
6zby_A	0.41139240506329117
6zc2_A	0.17518248175182483
6zca_X	0.06274509803921569
6ze7_B	0.12941176470588237
6zea_A	0.474025974025974
6zfs_A	0.31519274376417233
6zft_A	0.30296127562642367
6zfz_A	0.15246636771300448
6zg3_H	0.2995169082125604
6zg8_H	0.2781954887218045
6zgd_A	0.14930555555555555
6zgj_A	0.09740259740259741
6zgq_B	0.03896103896103896
6zgs_A	0.4158415841584158
6zhh_D	0.10588235294117647
6zhk_B	0.3835616438356164
6zif_A	0.39814814814814814
6zik_G	0.22058823529411764
6zj3_LW	0.10576923076923077
6zj3_Lc	0.1330049261083744
6zj3_Lt	0.08108108108108109
6zj3_SQ	0.22131147540983606
6zj5_AAA	0.4005524861878453
6zjm_G	0.046153846153846156
6zjy_L	0.1450980392156863
6zjy_M	0.12419700214132762
6zk3_A	0.4608150470219436
6zk8_A	0.5292682926829269
6zl7_B	0.528125
6zll_A	0.6355140186915887
6zlt_B	0.3862745098039216
6zlv_B	0.2897727272727273
6zlz_B	0.04582210242587601
6zm1_C	0.2549019607843137
6zm5_AI	0.4744525547445255
6zme_SO	0.4
6zmg_A	0.17054263565891473
6zmp_A	0.5
6zmq_A	0.11568627450980393
6zmv_A	0.5024154589371981
6znj_A	0.4372549019607843
6znl_J	0.25065963060686014
6znp_A	0.44313725490196076
6znx_A	0.52
6zpa_A	0.18497109826589594
6zpk_A	0.37341772151898733
6zpn_A	0.29411764705882354
6zps_AAA	0.3764705882352941
6zq3_A	0.2971698113207547
6zqc_UO	0.40973630831643004
6zqc_UR	0.35684647302904565
6zqd_UT	0.33725490196078434
6zqf_JL	0.4876325088339223
6zqk_C	0.5079006772009029
6zqw_A	0.15079365079365079
6zr7_AAA	0.6917808219178082
6zrd_A	0.5279805352798054
6zre_B	0.4113785557986871
6zrk_C	0.051829268292682924
6zrx_CCC	0.1388888888888889
6zs0_AAA	0.14484679665738162
6zse_b	0.04054054054054054
6zss_A	0.11627906976744186
6zsu_B	0.18892508143322476
6zsv_B	0.16129032258064516
6zt0_A	0.5673758865248227
6zth_D	0.3649789029535865
6ztz_D	0.05755395683453238
6ztz_K	0.03725490196078431
6zu2_AAA	0.21428571428571427
6zu5_LCC	0.36
6zu5_LDD	0.1650485436893204
6zu5_LF0	0.15789473684210525
6zu5_LFF	0.22115384615384615
6zu5_LH0	0.16304347826086957
6zu5_LZ0	0.047244094488188976
6zu5_SGG	0.5993485342019544
6zu5_SQ0	0.1968503937007874
6zui_A	0.10688836104513064
6zva_A	0.5263157894736842
6zvp_A	0.1462882096069869
6zw0_A	0.09698996655518395
6zwj_A	0.32386363636363635
6zxc_A	0.5460750853242321
6zxg_k	0.46744186046511627
6zxr_A	0.11320754716981132
6zxt_B	0.44537815126050423
6zy4_E	0.09266409266409266
6zy7_B	0.1980392156862745
6zyl_A	0.38461538461538464
6zym_p	0.4553846153846154
6zyv_A	0.15126050420168066
6zyw_Y	0.08431372549019608
6zzb_A	0.1111111111111111
6zzf_A	0.10975609756097561
6zzh_AAA	0.12465373961218837
6zzl_A	0.16862745098039217
6zzp_A	0.6339622641509434
6zzz_A	0.14173228346456693
7a02_R	0.5089285714285714
7a0k_A	0.35501355013550134
7a0n_A	0.32061068702290074
7a0t_B	0.08282208588957055
7a1i_A	0.11214953271028037
7a1r_A	0.5454545454545454
7a2d_A	0.48314606741573035
7a3q_A	0.22311827956989247
7a3w_B	0.42662116040955633
7a56_A	0.05489260143198091
7a57_B	0.09799554565701558
7a59_B	0.07450980392156863
7a5e_A	0.13609467455621302
7a5o_E	0.11764705882352941
7a5p_z	0.30217391304347824
7a62_C	0.10178117048346055
7a66_B	0.3488372093023256
7a6g_A	0.6105610561056105
7a6h_G	0.10582010582010581
7a7d_c	0.5078431372549019
7a7e_B	0.5227272727272727
7a8s_A	0.2631578947368421
7a9j_A	0.48111332007952284
7a9x_A	0.28823529411764703
7aa4_A	0.14102564102564102
7aah_A	0.047619047619047616
7aak_A	0.3217391304347826
7aao_A	0.4426229508196721
7aaq_A	0.31006160164271046
7aaw_A	0.4507936507936508
7ab4_F	0.16470588235294117
7aba_A	0.11508951406649616
7abv_A	0.10775862068965517
7abw_B	0.12054794520547946
7ad3_E	0.3888888888888889
7ad3_F	0.5157232704402516
7ad5_A	0.08064516129032258
7adm_C	0.31176470588235294
7adr_A	0.40380549682875266
7adr_E	0.33905579399141633
7adz_0C	0.18274111675126903
7ae5_D	0.15966386554621848
7aef_q	0.27058823529411763
7aek_3A	0.06862745098039216
7ag1_Z	0.5252525252525253
7ag4_D	0.35294117647058826
7agj_A	0.060784313725490195
7ahd_A	0.37058823529411766
7ahh_C	0.3586387434554974
7ahi_5J	0.3346456692913386
7ahr_B	0.5261324041811847
7ahs_B	0.6948529411764706
7aia_AAA	0.26640926640926643
7aih_H	0.06790123456790123
7aih_X	0.09615384615384616
7aik_A	0.18691588785046728
7aj0_D	0.28542914171656686
7aj9_A	0.1483739837398374
7ajt_EC	0.10655737704918032
7aju_CH	0.41541755888650966
7akv_G	0.8646080760095012
7akw_A	0.17488789237668162
7al7_A	0.5277777777777778
7alt_A	0.14074074074074075
7am1_B	0.13333333333333333
7am2_BY	0.3018181818181818
7aml_A	0.32941176470588235
7aml_B	0.049342105263157895
7amv_W	0.39019607843137255
7amy_A	0.10198300283286119
7anb_AAA	0.25473684210526315
7ane_ac	0.0196078431372549
7ane_x	0.12941176470588237
7ane_y	0.13074204946996468
7anu_A	0.29545454545454547
7anw_A	0.3980392156862745
7anz_B	0.2951219512195122
7ao3_A	0.11221122112211221
7aoc_G	0.125
7aoh_B	0.047058823529411764
7aoh_G	0.13291139240506328
7aoo_A	0.3869047619047619
7aor_z	0.12156862745098039
7apd_B	0.2629757785467128
7apk_F	0.4836795252225519
7aqh_A	0.1935483870967742
7ar8_P	0.5602409638554217
7ar8_S	0.1935483870967742
7ar9_L	0.12745098039215685
7ar9_M	0.136986301369863
7ar9_N	0.072
7arc_P	0.5244956772334294
7arc_S	0.11578947368421053
7ard_E	0.31063829787234043
7asd_DA	0.324455205811138
7ase_H	0.08754208754208755
7ase_s	0.15254237288135594
7asz_A	0.484304932735426
7atl_AAA	0.27296587926509186
7auk_A	0.3630952380952381
7avc_AAA	0.11188811188811189
7avh_A	0.08383233532934131
7avm_A	0.21172638436482086
7awe_V	0.09547738693467336
7awv_A	0.45714285714285713
7ax1_A	0.3843137254901961
7ax7_A	0.5560975609756098
7ay1_D	0.1378299120234604
7ayx_B	0.12878787878787878
7azn_A	0.3559322033898305
7azq_A	0.10552763819095477
7b04_C	0.0821917808219178
7b04_G	0.061124694376528114
7b0m_AAA	0.39295392953929537
7b0n_O	0.1488095238095238
7b0u_t	0.4124087591240876
7b17_B	0.384
7b1b_A	0.6372549019607843
7b1s_C	0.0830188679245283
7b1w_F	0.5726495726495726
7b1x_A	0.5761589403973509
7b24_aa	0.35365853658536583
7b24_dd	0.3855421686746988
7b2n_E	0.3963963963963964
7b2s_A	0.3313953488372093
7b3a_A	0.3188405797101449
7b3n_B	0.5176470588235295
7b4m_A	0.08061002178649238
7b5h_AD	0.06470588235294118
7b5h_AJ	0.2568627450980392
7b5h_AM	0.3137254901960784
7b5h_BA	0.09607843137254903
7b5i_CD	0.33098591549295775
7b66_A	0.40372670807453415
7b6h_A	0.2901960784313726
7b73_A	0.625
7b7p_A	0.4738095238095238
7b8b_A	0.7344173441734417
7b93_L	0.12941176470588237
7b95_A	0.18823529411764706
7b9p_A	0.07647058823529412
7b9v_H	0.22075055187637968
7bao_A	0.3431372549019608
7bax_A	0.4482758620689655
7bb9_A	0.2606516290726817
7bbv_A	0.5906040268456376
7bby_A	0.4414715719063545
7bc7_A	0.3726851851851852
7bcj_A	0.4154929577464789
7bcz_A	0.23140495867768596
7bfq_B	0.2980392156862745
7bgd_b	0.15337423312883436
7bgg_A	0.6296296296296297
7bgl_k	0.19934640522875818
7bgo_BBB	0.27972027972027974
7bgs_B	0.15503875968992248
7bhc_A	0.1278538812785388
7bi7_A	0.5519713261648745
7bii_B	0.3862745098039216
7bip_A	0.46504559270516715
7biz_A	0.4121338912133891
7bjq_A	0.3101123595505618
7bk8_A	0.24479166666666666
7bkb_f	0.45255474452554745
7bkb_h	0.23515981735159816
7bkb_j	0.2366412213740458
7bkb_k	0.17357512953367876
7bkc_b	0.4864864864864865
7bkc_e	0.26520681265206814
7bkd_A	0.42745098039215684
7bkf_A	0.501779359430605
7bkp_A	0.3686274509803922
7bl1_CCC	0.10784313725490197
7blh_AAAA	0.5915492957746479
7bll_A	0.22156862745098038
7bly_A	0.47685185185185186
7bm6_A	0.23921568627450981
7bmk_A	0.3103448275862069
7bn6_B	0.46981627296587924
7bn9_A	0.2019607843137255
7bny_B	0.05
7bob_A	0.5078431372549019
7bow_A	0.0
7bp3_A	0.2918781725888325
7bpn_A	0.1774193548387097
7bps_B	0.18333333333333332
7bq9_A	0.0915032679738562
7bqa_A	0.007462686567164179
7bqd_A	0.2840909090909091
7bqi_A	0.13218390804597702
7bqk_A	0.4095860566448802
7bqr_A	0.16058394160583941
7bqs_A	0.14754098360655737
7bqx_C	0.04335260115606936
7br0_A	0.3553459119496855
7brc_A	0.5341176470588235
7brm_D	0.490272373540856
7btg_A	0.4140127388535032
7btj_C	0.3816091954022989
7btq_A	0.31856540084388185
7btq_F	0.296078431372549
7btr_E	0.2734375
7btx_C	0.07166123778501629
7bu2_B	0.4306784660766962
7bv0_A	0.1986754966887417
7bv5_A	0.2905982905982906
7bva_A	0.5104166666666666
7bvf_A	0.18823529411764706
7bvh_A	0.2
7bvj_A	0.5111821086261981
7bvp_D	0.27058823529411763
7bvr_F	0.2357142857142857
7bvs_A	0.6068965517241379
7bvs_B	0.2913907284768212
7bvt_A	0.3887468030690537
7bvy_A	0.36936936936936937
7bw6_r	0.05042016806722689
7bwb_A	0.3642241379310345
7bwg_A	0.3711340206185567
7bwh_A	0.11363636363636363
7bwk_D	0.16574585635359115
7bwr_B	0.08431372549019608
7bwt_A	0.028169014084507043
7bxc_K	0.6409090909090909
7bxd_A	0.6118721461187214
7bxo_E	0.44
7by3_D	0.45081967213114754
7bye_B	0.26851851851851855
7byf_C	0.10275689223057644
7byj_A	0.11178247734138973
7byy_A	0.37222222222222223
7bz6_B	0.44692737430167595
7bzc_A	0.08823529411764706
7bzy_11	0.4372549019607843
7bzz_A	0.11926605504587157
7c0o_B	0.34760705289672544
7c0q_A	0.15412186379928317
7c1s_A	0.25635103926096997
7c1z_A	0.40730337078651685
7c23_A	0.5154639175257731
7c2h_G	0.1319796954314721
7c2o_A	0.4794520547945205
7c2x_A	0.47551020408163264
7c36_A	0.41916167664670656
7c39_A	0.2774566473988439
7c3b_C	0.47904191616766467
7c3f_S	0.17543859649122806
7c3m_A	0.10196078431372549
7c4c_A	0.24096385542168675
7c4d_A	0.685823754789272
7c4h_A	0.21052631578947367
7c4j_I	0.13137254901960785
7c51_A	0.328125
7c5v_A	0.2073170731707317
7c5x_A	0.07312252964426877
7c6h_A	0.38333333333333336
7c6o_A	0.40588235294117647
7c73_A	0.027450980392156862
7c77_A	0.788235294117647
7c77_B	0.2484472049689441
7c7a_B	0.045098039215686274
7c7d_A	0.7529411764705882
7c7u_A	0.27647058823529413
7c83_A	0.16334661354581673
7c8z_A	0.08616187989556136
7c8z_B	0.35403726708074534
7c9m_C	0.49230769230769234
7cav_B	0.25675675675675674
7cb8_A	0.19035532994923857
7cbb_A	0.08235294117647059
7cbc_A	0.09404388714733543
7cbd_A	0.23476297968397292
7cbn_A	0.34901960784313724
7ccc_B	0.13157894736842105
7ccd_A	0.029585798816568046
7cce_A	0.11320754716981132
7cch_A	0.4873096446700508
7ccm_C	0.10204081632653061
7cd1_A	0.15555555555555556
7cd7_A	0.12121212121212122
7ce1_K	0.5735735735735735
7cea_A	0.4942528735632184
7ceb_A	0.4823529411764706
7cf8_D	0.5177304964539007
7cfb_A	0.04326923076923077
7cfd_F	0.15384615384615385
7cfe_A	0.5560747663551402
7cfl_A	0.4251968503937008
7cfu_I	0.52
7cfv_A	0.0364963503649635
7cg1_A	0.6060606060606061
7cg9_A	0.28125
7cgp_B	0.3159420289855073
7ch1_A	0.050980392156862744
7ch7_D	0.5094339622641509
7ch8_A	0.29333333333333333
7cha_K	0.46938775510204084
7chk_A	0.04819277108433735
7chk_C	0.07906976744186046
7chu_A	0.5764705882352941
7chx_A	0.46153846153846156
7ci2_A	0.11501597444089456
7cif_A	0.27058823529411763
7cix_A	0.5324074074074074
7cjs_B	0.1050228310502283
7cjy_A	0.07647058823529412
7cl4_F	0.37894736842105264
7clu_A	0.48520710059171596
7clx_A	0.18888888888888888
7cmc_A	0.26282051282051283
7cmg_A	0.26078028747433263
7cml_B	0.28059701492537314
7cn3_C	0.23782234957020057
7cnr_A	0.19170984455958548
7coj_A	0.3222748815165877
7col_A	0.5107142857142857
7coy_bL	0.08163265306122448
7cp5_O	0.3436123348017621
7cp7_A	0.2813953488372093
7cpx_A	0.27058823529411763
7cpy_C	0.37815126050420167
7cqy_D	0.5431034482758621
7crc_B	0.38235294117647056
7crw_A	0.1003584229390681
7cs1_A	0.46596858638743455
7csh_A	0.6025641025641025
7csm_A	0.21935483870967742
7csp_A	0.2
7csz_A	0.4514285714285714
7ct4_C	0.34870317002881845
7ct8_A	0.5212121212121212
7ctp_A	0.08235294117647059
7ctq_A	0.317016317016317
7ctv_A	0.34782608695652173
7cui_A	0.07514450867052024
7cuj_A	0.06589147286821706
7cv2_A	0.14450867052023122
7cv9_A	0.30337078651685395
7cx2_R	0.19924812030075187
7cxv_B	0.3394495412844037
7cxz_A	0.4326530612244898
7cy1_A	0.4083333333333333
7cy6_A	0.3509803921568627
7cyn_A	0.6352941176470588
7cys_A	0.20417633410672853
7cz6_C	0.4444444444444444
7cz9_B	0.24901960784313726
7cze_A	0.052941176470588235
7czf_B	0.07254901960784314
7czj_A	0.5051546391752577
7d09_C	0.43157894736842106
7d0l_B	0.054901960784313725
7d18_A	0.4709897610921502
7d1b_A	0.44370860927152317
7d1d_A	0.46258503401360546
7d27_A	0.5010266940451745
7d2m_B	0.25892857142857145
7d2o_A	0.047619047619047616
7d34_A	0.6075949367088608
7d38_A	0.4756944444444444
7d3u_A	0.13529411764705881
7d3u_D	0.15098039215686274
7d4c_A	0.23529411764705882
7d4i_X2	0.0
7d51_B	0.42771084337349397
7d53_A	0.4497991967871486
7d55_A	0.16091954022988506
7d59_C	0.07536231884057971
7d5i_B	0.09142857142857143
7d5m_A	0.4498714652956298
7d5p_B	0.3922518159806295
7d5s_RI	0.17857142857142858
7d5t_BE	0.4235294117647059
7d62_A	0.2108843537414966
7d63_RZ	0.3568627450980392
7d6l_A	0.4859154929577465
7d6v_A	0.23921568627450981
7d6v_B	0.2217573221757322
7d73_A	0.43243243243243246
7d78_D	0.622895622895623
7d87_A	0.20297029702970298
7d8f_A	0.5384615384615384
7d8m_A	0.03547671840354767
7d8o_A	0.10429447852760736
7d8q_A	0.14367816091954022
7d8u_A	0.5563380281690141
7d97_B	0.5106382978723404
7d9f_A	0.2019607843137255
7d9m_B	0.13043478260869565
7da9_A	0.37371134020618557
7db5_A	0.38823529411764707
7dbe_B	0.25301204819277107
7dbl_A	0.5023696682464455
7dbs_A	0.3055555555555556
7dbu_A	0.2857142857142857
7dbw_A	0.11646586345381527
7dc9_D	0.38509316770186336
7dck_A	0.516260162601626
7dcn_A	0.038461538461538464
7dda_A	0.040983606557377046
7dde_A	0.06862745098039216
7ddy_B	0.605
7deg_A	0.23529411764705882
7deg_B	0.54421768707483
7dei_B	0.058355437665782495
7dek_F	0.2912621359223301
7dex_A	0.21304347826086956
7df2_A	0.23529411764705882
7df7_B	0.6890756302521008
7dfp_A	0.20597014925373133
7dfq_A	0.3741794310722101
7dgw_A	0.26595744680851063
7dgy_A	0.09090909090909091
7dhw_A	0.08627450980392157
7di1_A	0.20652173913043478
7djk_A	0.503921568627451
7djl_A	0.4355179704016913
7dk9_A	0.330188679245283
7dkf_A1	0.3148148148148148
7dkk_A	0.20224719101123595
7dkm_A	0.5228758169934641
7dko_A	0.1
7dl9_A	0.36049382716049383
7dlm_B	0.6535714285714286
7dm0_A	0.5029940119760479
7dm2_A	0.36826347305389223
7dm9_A	0.14201183431952663
7dmb_A	0.5
7dme_A	0.24675324675324675
7dmf_A	0.24867724867724866
7dmw_A	0.605
7dmx_D	0.12962962962962962
7dn2_1	0.5714285714285714
7dn2_d	0.0862533692722372
7dn9_A	0.0802675585284281
7dnm_A	0.49404761904761907
7dnm_B	0.3208955223880597
7dnu_A	0.13765182186234817
7do5_G	0.6917293233082706
7dod_B	0.15294117647058825
7dog_A	0.48589341692789967
7doq_A	0.27761194029850744
7dov_A	0.5945945945945946
7dp0_B	0.24663677130044842
7dqk_B	0.33402922755741127
7dqx_C	0.175
7dqx_D	0.2
7dqx_E	0.2354948805460751
7drc_C	0.6725490196078432
7drg_B	0.055401662049861494
7drj_A	0.14210526315789473
7drp_A	0.33653846153846156
7drs_A	0.08627450980392157
7drt_A	0.038922155688622756
7dsj_A	0.0881542699724518
7dsl_A	0.37791932059447986
7dsl_B	0.10129310344827586
7dsu_B	0.3952380952380952
7du3_B	0.3394495412844037
7dup_A	0.29215686274509806
7dv3_A	0.41818181818181815
7dv7_B	0.5871559633027523
7dve_A	0.22088353413654618
7dvq_3	0.2647058823529412
7dvq_V	0.2222222222222222
7dvq_Y	0.42857142857142855
7dwc_A	0.6212121212121212
7dww_A	0.08139534883720931
7dxo_A	0.5757575757575758
7dym_A	0.15789473684210525
7dz4_C	0.6118881118881119
7dzz_B	0.4253731343283582
7e0d_A	0.13529411764705881
7e0l_A	0.2545824847250509
7e1y_A	0.3392156862745098
7e24_D	0.6533864541832669
7e2a_A	0.4901185770750988
7e36_A	0.3793103448275862
7e36_B	0.39746835443037976
7e38_A	0.24600638977635783
7e3t_A	0.45977011494252873
7e3w_B	0.4769874476987448
7e3z_A	0.6275303643724697
7e43_B	0.24691358024691357
7e4h_A	0.26879271070615035
7e4h_B	0.07255520504731862
7e4m_A	0.1037037037037037
7e4n_A	0.16551724137931034
7e5u_C	0.128
7e6v_A	0.3875598086124402
7e76_A	0.23137254901960785
7e7l_A	0.10980392156862745
7e7m_C	0.6971830985915493
7e82_D	0.11153846153846154
7e82_a	0.12048192771084337
7e8k_B	0.25365853658536586
7e8n_C	0.0514018691588785
7e97_D	0.0896551724137931
7e9s_A	0.23529411764705882
7ea4_A	0.03137254901960784
7eap_A	0.3784313725490196
7eaw_A	0.23333333333333334
7ebd_A	0.0379746835443038
7ebe_A	0.31176470588235294
7ebl_B	0.041916167664670656
7ebo_A	0.5991735537190083
7ebp_A	0.21764705882352942
7ec1_A	0.5219123505976095
7ecd_A	0.1875
7ecq_A	0.14857142857142858
7edb_A	0.28
7edd_A	0.3588235294117647
7edr_B	0.17049180327868851
7edz_B	0.18627450980392157
7eea_A	0.7411764705882353
7eeb_E	0.12745098039215685
7eeb_F	0.09803921568627451
7eeb_G	0.16666666666666666
7eeb_H	0.2196078431372549
7eeb_L	0.19215686274509805
7eeh_B	0.0661764705882353
7eei_A	0.049019607843137254
7eel_A	0.17534246575342466
7eel_H	0.4928571428571429
7eet_A	0.415929203539823
7eew_A	0.36470588235294116
7eey_D	0.4744897959183674
7ef7_A	0.4491525423728814
7eft_B	0.21238938053097345
7egk_B	0.5871559633027523
7ehg_E	0.6764705882352942
7ehi_A	0.38823529411764707
7ehq_A	0.3669950738916256
7ehs_A	0.3229665071770335
7eib_A	0.18983050847457628
7eih_A	0.19019607843137254
7eiu_A	0.3581081081081081
7ej3_B	0.1172069825436409
7ejb_A	0.4496124031007752
7ejh_A	0.6758893280632411
7ejw_A	0.5401459854014599
7ekd_A	0.19533527696793002
7eko_I	0.4147465437788018
7eko_J	0.32727272727272727
7eko_K	0.38626609442060084
7eko_L	0.44385026737967914
7eko_O	0.16666666666666666
7ekp_B	0.11868686868686869
7ekq_P	0.24210526315789474
7ekq_Q	0.3073170731707317
7ekq_R	0.27835051546391754
7ekw_B	0.21764705882352942
7ekz_A	0.3253012048192771
7ele_A	0.28823529411764703
7elv_E	0.43478260869565216
7eme_A	0.30024213075060535
7emf_T	0.015544041450777202
7emf_Y	0.5047619047619047
7emo_A	0.0967741935483871
7emz_A	0.039568345323741004
7en2_B	0.24705882352941178
7en4_A	0.0211864406779661
7en7_A	0.5549738219895288
7ena_2	0.3922077922077922
7ena_r	0.0825242718446602
7enc_8	0.30434782608695654
7enc_a	0.03837953091684435
7eni_C	0.14285714285714285
7enj_W	0.2549019607843137
7eo3_A	0.29432624113475175
7eof_B	0.20994475138121546
7eoz_A	0.4170124481327801
7ep2_A	0.5699300699300699
7ep5_A	0.5198412698412699
7ep9_A	0.41568627450980394
7epm_A	0.417910447761194
7epn_B	0.49635036496350365
7epp_a	0.20958083832335328
7epq_A	0.375
7epu_A	0.5695652173913044
7epw_A	0.3324396782841823
7eq1_R	0.22183098591549297
7eqh_A	0.1320754716981132
7eqx_A	0.5
7eqx_C	0.47157190635451507
7er8_A	0.6473429951690821
7erl_A	0.36470588235294116
7erv_A	0.36363636363636365
7es1_A	0.5196078431372549
7es4_A	0.26273458445040215
7esg_A	0.2411764705882353
7esr_A	0.42063492063492064
7ess_B	0.48344370860927155
7esv_C	0.2846441947565543
7esx_A	0.1938534278959811
7et0_C	0.17058823529411765
7etj_M	0.05982905982905983
7etj_m	0.06896551724137931
7etl_A	0.3707482993197279
7etw_B	0.08902691511387163
7etx_A	0.4894067796610169
7eu1_B	0.07647058823529412
7eu9_A	0.08823529411764706
7eun_B	0.49635036496350365
7eus_B	0.024054982817869417
7ev9_B	0.09545454545454546
7evg_A	0.34507042253521125
7evn_E	0.37448559670781895
7ews_A	0.031746031746031744
7exf_B	0.3392156862745098
7exk_A	0.46543778801843316
7ext_N8	0.2041522491349481
7exz_A	0.5339506172839507
7ey0_B	0.3972602739726027
7eyl_A	0.6421052631578947
7eym_A	0.6875
7eyo_A	0.4279835390946502
7eyr_A	0.3763440860215054
7ezd_B	0.5428571428571428
7ezg_A	0.5745454545454546
7ezi_A	0.4891640866873065
7ezn_A	0.37142857142857144
7ezt_A	0.33725490196078434
7ezx_zP	0.33695652173913043
7f05_C	0.4253521126760563
7f06_A	0.47513812154696133
7f17_B	0.15023474178403756
7f1n_A	0.4163346613545817
7f1t_A	0.1938534278959811
7f28_A	0.37438423645320196
7f28_B	0.3435897435897436
7f2j_A	0.4700854700854701
7f2v_A	0.12
7f2z_A	0.3008849557522124
7f37_A	0.35403726708074534
7f38_A	0.15151515151515152
7f39_A	0.13664596273291926
7f43_B	0.155
7f47_A	0.09607843137254903
7f4b_A	0.40789473684210525
7f4s_D	0.17209302325581396
7f52_A	0.043137254901960784
7f5a_E	0.4401294498381877
7f5i_A	0.27450980392156865
7f5v_A	0.3588235294117647
7f61_A	0.1893687707641196
7f66_J	0.2901960784313726
7f6d_G	0.05120481927710843
7f6e_B	0.5161290322580645
7f6h_A	0.16393442622950818
7f6l_B	0.2695035460992908
7f74_A	0.2668463611859838
7f76_B	0.5895953757225434
7f7d_A	0.3779527559055118
7f8b_A	0.5306122448979592
7f8e_A	0.4663677130044843
7f8h_C	0.38549618320610685
7f8l_A	0.10576923076923077
7f91_A	0.2900763358778626
7f9a_A	0.15831663326653306
7f9o_6	0.39941690962099125
7f9o_7	0.17350157728706625
7fas_A	0.01764705882352941
7fav_A	0.16728624535315986
7fby_A	0.45751633986928103
7fc0_E	0.49242424242424243
7fc2_A	0.4358974358974359
7fcc_A	0.4178082191780822
7fcj_A	0.40540540540540543
7fd5_B	0.26862745098039215
7fda_Y	0.16875
7fdc_O	0.05102040816326531
7fdl_A	0.11428571428571428
7fdp_B	0.16377171215880892
7fds_B	0.17796610169491525
7fe2_A	0.17450980392156862
7fe4_B	0.2980392156862745
7fe5_A	0.42857142857142855
7fea_B	0.3484848484848485
7fed_D	0.22023809523809523
7fee_A	0.37448559670781895
7fev_A	0.4492099322799097
7ff4_A	0.6714285714285714
7ff5_A	0.32142857142857145
7ffp_A	0.39166666666666666
7fga_D	0.5930232558139535
7fgd_A	0.082687338501292
7fgp_A	0.32981530343007914
7fgq_A	0.38421052631578945
7fgx_D	0.18823529411764706
7fgz_A	0.3038461538461538
7fh4_B	0.45714285714285713
7fh8_A	0.4470588235294118
7fhc_A	0.17973856209150327
7fhr_A	0.09839816933638444
7fi3_C	0.1627450980392157
7fi9_B	0.1323529411764706
7fib_A	0.5853658536585366
7fif_A	0.13725490196078433
7fik_E	0.2019607843137255
7fik_J	0.0196078431372549
7fik_Y	0.24188790560471976
7fir_C	0.39144736842105265
7fiu_A	0.11481481481481481
7fiv_B	0.11764705882352941
7fj3_h	0.11926605504587157
7fs5_E	0.41866028708133973
7jfs_A	0.44313725490196076
7jgs_C	0.24705882352941178
7jgt_A	0.6847826086956522
7jh4_A	0.2825112107623318
7jhj_R	0.16606498194945848
7jhy_a	0.12280701754385964
7ji4_A	0.704
7jid_A	0.5156794425087108
7jil_J	0.08666666666666667
7jil_M	0.11510791366906475
7jil_R	0.3557692307692308
7jil_S	0.328125
7jil_c	0.14814814814814814
7jil_k	0.45794392523364486
7jil_n	0.28421052631578947
7jj9_A	0.279826464208243
7jjv_B	0.1984126984126984
7jk2_A	0.3915211970074813
7jk4_D	0.3401360544217687
7jk4_G	0.44623655913978494
7jk9_K	0.5569620253164557
7jka_A	0.6291666666666667
7jl4_A	0.3
7jlv_A	0.33867276887871856
7jlz_A	0.49019607843137253
7jmn_P	0.07254901960784314
7jmt_C	0.06060606060606061
7jn7_B	0.051470588235294115
7jo7_B	0.2777777777777778
7joo_C	0.06422018348623854
7joo_K	0.5416666666666666
7jp2_A	0.6072507552870091
7jpj_A	0.32265446224256294
7jpp_C	0.1980392156862745
7jpp_E	0.31527093596059114
7jpt_A	0.09215686274509804
7jq6_D	0.328804347826087
7jqn_I	0.09036144578313253
7jqq_A	0.2966360856269113
7jqy_B	0.6530612244897959
7jqz_A	0.6054421768707483
7jr6_A	0.28
7jr7_A	0.3196078431372549
7jr9_A	0.03937007874015748
7jrd_A	0.13333333333333333
7jrg_B	0.29540481400437635
7jri_A	0.27800829875518673
7jrl_A	0.40700218818380746
7jrp_M	0.27720739219712526
7jsd_B	0.3359375
7jsj_A	0.13675213675213677
7jti_A	0.3795379537953795
7jti_B	0.3656957928802589
7jti_C	0.3933333333333333
7jtk_X	0.6490765171503958
7jtu_B	0.10362694300518134
7jtw_A	0.07335907335907337
7jtz_B	0.0979020979020979
7ju4_l	0.7981651376146789
7jua_A	0.23708920187793428
7jul_A	0.2507936507936508
7jv7_B	0.13548387096774195
7jv8_C	0.396078431372549
7jve_A	0.3715415019762846
7jvi_A	0.2921615201900237
7jw2_A	0.2602739726027397
7jw6_A	0.2920353982300885
7jw9_A	0.4126984126984127
7jxw_A	0.3611111111111111
7jxw_D	0.3519163763066202
7jzj_B	0.09737827715355805
7k0p_E	0.3900862068965517
7k15_A	0.378021978021978
7k18_B	0.2835820895522388
7k1u_A	0.391304347826087
7k1w_F	0.11688311688311688
7k1y_G	0.047058823529411764
7k2v_A	0.12
7k2v_P	0.18181818181818182
7k34_C	0.40271493212669685
7k36_I	0.1
7k3m_A	0.2612244897959184
7k3z_A	0.15490196078431373
7k47_A	0.3758241758241758
7k5b_Q	0.4947916666666667
7k5k_A	0.2627450980392157
7k66_A	0.26666666666666666
7k6b_A	0.2753623188405797
7k6v_FB	0.14705882352941177
7k6y_A	0.19424460431654678
7k74_A	0.19444444444444445
7k7j_A	0.4568764568764569
7k7u_J	0.1443850267379679
7k7v_A	0.08333333333333333
7k80_G	0.6172413793103448
7k9y_A	0.11294117647058824
7kah_D	0.11156186612576065
7kam_D	0.23949579831932774
7kaw_C	0.17450980392156862
7kc0_A	0.21176470588235294
7kcg_A	0.18181818181818182
7kd7_A	0.3872549019607843
7kdc_A	0.5555555555555556
7kdp_A	0.0392156862745098
7kf3_A	0.5662983425414365
7kfl_A	0.14325842696629212
7kfu_C	0.11372549019607843
7kgc_C	0.45161290322580644
7kgm_A	0.10784313725490197
7kgv_B	0.06435643564356436
7kh1_F5	0.23267326732673269
7khs_A	0.35412026726057905
7kii_A	0.22330097087378642
7kik_A	0.256198347107438
7kiu_A	0.44866920152091255
7kj7_B	0.11278195488721804
7kjk_E4	0.24561403508771928
7kjk_E5	0.31446540880503143
7kl7_A	0.4675324675324675
7kl9_D	0.15625
7kld_B	0.11320754716981132
7klj_A	0.5092592592592593
7km3_F	0.49473684210526314
7kmt_B	0.1705263157894737
7kmx_a	0.36875
7kmy_A	0.35268817204301073
7kn8_B	0.34509803921568627
7koe_A	0.3971631205673759
7koe_C	0.3881278538812785
7koe_D	0.15217391304347827
7kom_A	0.1865671641791045
7kos_A	0.15436241610738255
7kp2_A	0.2028985507246377
7kpj_E	0.19724770642201836
7kpr_A	0.2729528535980149
7kpt_A	0.28883495145631066
7kpv_B	0.13793103448275862
7kpv_D	0.060784313725490195
7kpz_B	0.4523809523809524
7kq4_A	0.06274509803921569
7kq8_A	0.3979591836734694
7kqa_A	0.4897360703812317
7kql_T	0.5454545454545454
7kqr_A	0.09570957095709572
7kra_H	0.264
7krj_C	0.17293233082706766
7krk_C	0.6885245901639344
7ksf_A	0.13333333333333333
7ksp_A	0.22169811320754718
7kuz_C	0.5
7kv2_AAA	0.2229299363057325
7kv7_BBB	0.3449612403100775
7kw9_A	0.11235955056179775
7kwd_A	0.2642706131078224
7kx0_A	0.6
7kyc_A	0.09411764705882353
7kyc_B	0.09893048128342247
7kyj_B	0.4742268041237113
7kyp_A	0.4745762711864407
7kyq_A	0.26521739130434785
7kyx_A	0.3879093198992443
7kyz_A	0.5212765957446809
7kzw_A	0.1953125
7l07_A	0.4532710280373832
7l08_7	0.08417508417508418
7l08_s	0.05597964376590331
7l0j_A	0.1568627450980392
7l0j_B	0.2018348623853211
7l15_B	0.5656108597285068
7l16_A	0.32891832229580575
7l1k_B	0.08431372549019608
7l1w_A	0.08163265306122448
7l26_B	0.37454545454545457
7l2z_F	0.26862745098039215
7l32_B	0.2108843537414966
7l3o_B	0.20947630922693267
7l48_A	0.21372549019607842
7l4a_A	0.42152466367713004
7l4g_B	0.47843137254901963
7l5s_A	0.1784313725490196
7l6j_A	0.5633802816901409
7l6l_B	0.46994535519125685
7l6z_A	0.14485981308411214
7l89_H	0.05263157894736842
7l8c_H	0.017699115044247787
7l8c_L	0.037383177570093455
7l8d_L	0.049019607843137254
7l8x_H	0.034482758620689655
7la1_A	0.3859223300970874
7lap_B	0.2727272727272727
7las_A	0.4426229508196721
7lb8_B	0.045098039215686274
7lb8_C	0.39215686274509803
7lb8_D	0.37735849056603776
7lbe_C	0.09698996655518395
7lby_A	0.025490196078431372
7lc1_B	0.15137614678899083
7lc7_A	0.3707865168539326
7lcc_A	0.09803921568627451
7lce_A	0.41192411924119243
7ldg_A	0.4818181818181818
7les_A	0.14253897550111358
7lg6_H	0.4878048780487805
7lgn_B	0.09215686274509804
7lgu_A	0.041176470588235294
7lh6_A	0.3916083916083916
7lhh_K	0.17834394904458598
7lhk_B	0.3187919463087248
7lhl_D	0.20980392156862746
7lhv_A	0.11176470588235295
7lid_A	0.08923884514435695
7lij_A	0.16226415094339622
7lir_A	0.1873198847262248
7liv_r	0.05921052631578947
7ljh_A	0.4425
7ljn_A	0.2309941520467836
7ljo_A	0.24482758620689654
7ljp_C	0.046357615894039736
7lkk_A	0.39416058394160586
7lkm_A	0.2550335570469799
7lkn_C	0.3963963963963964
7lnm_B	0.37376237623762376
7lnp_A	0.37450980392156863
7lnu_B	0.38697318007662834
7lo1_A	0.3341232227488152
7lo8_Z	0.3794037940379404
7lpo_B	0.22549019607843138
7lr3_D	0.6090909090909091
7lrh_B	0.3474178403755869
7lrn_B	0.42
7ls0_B	0.23204419889502761
7ls6_O	0.10833333333333334
7ls6_P	0.0622568093385214
7lsu_A	0.32745098039215687
7lsw_C	0.2620689655172414
7lsy_Y	0.09019607843137255
7lt9_A	0.4860557768924303
7ltf_C	0.2900763358778626
7lu6_A	0.7058823529411765
7luf_B	0.21764705882352942
7luh_A	0.4397905759162304
7lv3_A	0.39215686274509803
7lv7_A	0.09243697478991597
7lvp_A	0.09824561403508772
7lvw_F	0.06517311608961303
7lvy_A	0.43387470997679817
7lvz_D	0.3780487804878049
7lw7_A	0.10469314079422383
7lwy_B	0.06274509803921569
7lwz_A	0.16
7lxt_J	0.13953488372093023
7lxt_K	0.10256410256410256
7ly7_A	0.2196078431372549
7lyc_N	0.4955223880597015
7lyu_B	0.4393530997304582
7lza_A	0.5570776255707762
7lzh_A	0.492156862745098
7m0d_B	0.17941176470588235
7m0r_C	0.20784313725490197
7m1a_AAA	0.423728813559322
7m1b_AAA	0.5150375939849624
7m1l_C	0.4838709677419355
7m1r_B	0.4528301886792453
7m2w_G	0.054901960784313725
7m3q_A	0.053475935828877004
7m3r_L	0.056962025316455694
7m3w_B	0.41947565543071164
7m4p_A	0.23529411764705882
7m4s_B	0.3184713375796178
7m5d_A	0.2222222222222222
7m5h_B	0.5345911949685535
7m6b_A	0.4139344262295082
7m6j_E	0.3108108108108108
7m6u_B	0.42857142857142855
7m7a_A	0.09019607843137255
7m7e_A	0.22941176470588234
7m7h_B	0.26862745098039215
7m8i_A	0.1588235294117647
7m8q_F	0.03571428571428571
7mbf_A	0.49032258064516127
7mbp_C	0.1627450980392157
7mbw_A	0.28
7mc0_D	0.43673469387755104
7mc4_B	0.4567901234567901
7mcc_A	0.3736842105263158
7mcd_A	0.44808743169398907
7mci_B	0.3215686274509804
7mcm_B	0.391705069124424
7mdf_A	0.22737306843267108
7mdl_A	0.35864978902953587
7mdy_B	0.25060827250608275
7me3_A	0.38434163701067614
7me5_A	0.20261437908496732
7mei_g	0.1695906432748538
7mek_A	0.5116279069767442
7meq_A	0.24233128834355827
7mex_A	0.06470588235294118
7mez_B	0.19215686274509805
7mf4_A	0.3137254901960784
7mfj_BBB	0.3949843260188088
7mfm_G	0.09607843137254903
7mfp_B	0.3615819209039548
7mft_I	0.3040816326530612
7mg0_D	0.2391304347826087
7mgq_A	0.13529411764705881
7mgv_A	0.34234234234234234
7mh2_B	0.15770609318996415
7mhd_A	0.5212765957446809
7mhy_A	0.07535641547861507
7mid_C	0.30526315789473685
7mju_A	0.2608695652173913
7mjy_A	0.53125
7mkr_AAA	0.15416666666666667
7mku_A	0.3509933774834437
7ml9_A	0.12542372881355932
7mlh_B	0.5038759689922481
7mmp_E	0.4172661870503597
7mmq_D	0.04573170731707317
7mo6_B	0.4137254901960784
7moa_D	0.15294117647058825
7mp4_A	0.3254901960784314
7mp9_A	0.2946859903381642
7mpk_B	0.4898989898989899
7mpo_F	0.3140096618357488
7mpy_B	0.4
7mq8_LN	0.47843137254901963
7mq8_LO	0.44509803921568625
7mq8_LR	0.492156862745098
7mq8_SI	0.24901960784313726
7mqa_LQ	0.40784313725490196
7mqa_NS	0.3764705882352941
7mqa_SP	0.3176470588235294
7mqw_A	0.291970802919708
7mqx_E	0.49162011173184356
7mqy_A	0.5108695652173914
7mrj_A	0.4
7mrw_A	0.025490196078431372
7mrw_C	0.052941176470588235
7mrz_C	0.07602339181286549
7msg_D	0.3446601941747573
7msk_A	0.41092636579572445
7msn_A	0.381294964028777
7msw_A	0.08823529411764706
7msy_A	0.2842465753424658
7mtr_A	0.4647058823529412
7mts_B	0.4725490196078431
7mts_C	0.3864734299516908
7muc_EL	0.42196531791907516
7muw_CK	0.5364238410596026
7muw_HH	0.2751937984496124
7mvx_A	0.08431372549019608
7mw7_A	0.3559322033898305
7mw8_C	0.35064935064935066
7mwy_A	0.05965909090909091
7mx2_A	0.6118421052631579
7mx2_B	0.07058823529411765
7mx3_A	0.4006849315068493
7mx5_A	0.5
7mxb_A	0.3156862745098039
7myl_B	0.36075949367088606
7myv_B	0.3807531380753138
7myz_C	0.3231939163498099
7mzv_A	0.12941176470588237
7n15_A	0.22156862745098038
7n1h_C	0.17873303167420815
7n1o_A	0.5408560311284046
7n2b_B	0.34405940594059403
7n3m_AAA	0.16475972540045766
7n3t_A	0.5402298850574713
7n3v_A	0.19924812030075187
7n3z_A	0.34564643799472294
7n45_A	0.08695652173913043
7n61_0Q	0.44509803921568625
7n61_0X	0.14285714285714285
7n6g_0Z	0.5971943887775552
7n6g_1H	0.4764705882352941
7n6g_1N	0.3568627450980392
7n6g_1O	0.19411764705882353
7n6g_1Q	0.2219679633867277
7n6g_4T	0.32941176470588235
7n6g_6E	0.3784313725490196
7n6g_6G	0.27521008403361347
7n6g_6K	0.30196078431372547
7n6h_A	0.44110854503464203
7n6s_C	0.08843537414965986
7n7s_B	0.05895691609977324
7n7v_A	0.24610591900311526
7n7z_B	0.3333333333333333
7n84_b	0.10784313725490197
7n8n_A	0.09644670050761421
7n8n_B	0.09900990099009901
7n8v_A	0.45794392523364486
7na0_A	0.3607843137254902
7na5_D	0.5388888888888889
7nac_I	0.21372549019607842
7nac_p	0.4896142433234421
7nad_x	0.39019607843137255
7naf_B	0.042105263157894736
7ncc_A	0.44366197183098594
7ncd_E	0.3236514522821577
7ncr_A	0.04790419161676647
7ncy_B	0.3712121212121212
7nd2_C	0.35511363636363635
7nd2_E	0.4142857142857143
7nde_A	0.4206008583690987
7nea_A	0.24271844660194175
7nf6_A	0.30196078431372547
7nfe_A	0.2627450980392157
7nfu_A	0.37104072398190047
7ng2_A	0.12738853503184713
7ngq_A	0.2607843137254902
7nhk_0	0.3151515151515151
7nhk_F	0.03787878787878788
7nhl_0	0.33978494623655914
7nhn_0	0.3796095444685466
7nhp_2	0.16071428571428573
7ni5_A	0.4137254901960784
7nii_D	0.1784313725490196
7nit_D	0.49607843137254903
7nj0_C	0.15185185185185185
7nj1_A	0.20392156862745098
7njm_G	0.1605351170568562
7njn_C	0.21568627450980393
7nkz_A	0.07692307692307693
7nl1_D	0.4775
7nlj_A	0.6025641025641025
7nmm_A	0.5897435897435898
7nmq_A	0.09041095890410959
7nn3_A	0.46736292428198434
7nn4_A	0.40153452685422
7nnh_X	0.047058823529411764
7nnl_B	0.19411764705882353
7now_B	0.0784313725490196
7np7_C1	0.10591133004926108
7np7_P1	0.42792792792792794
7np8_B	0.2235294117647059
7npf_A	0.2896039603960396
7nqf_B	0.2237442922374429
7nqg_AAA	0.41009463722397477
7nqh_BW	0.23493975903614459
7nrc_A	0.13137254901960785
7nrr_AAA	0.40425531914893614
7nsc_E	0.5666666666666667
7nsh_BC	0.30980392156862746
7nsn_A	0.4549019607843137
7nst_D	0.04498269896193772
7nt7_A	0.3496932515337423
7nto_A	0.46153846153846156
7nur_A	0.1843137254901961
7nut_A	0.3491271820448878
7nwl_C	0.6494565217391305
7nwq_AAA	0.3076923076923077
7nwr_A	0.07981220657276995
7nxd_B	0.3588235294117647
7nxp_A	0.04728132387706856
7nxq_A	0.021844660194174758
7nyc_C	0.11568627450980393
7nyu_L	0.12156862745098039
7nz8_B	0.33098591549295775
7nzp_AAA	0.4972677595628415
7o0a_D	0.3037037037037037
7o0b_A	0.6538461538461539
7o0i_6	0.44
7o0i_e	0.18584070796460178
7o17_A	0.5459057071960298
7o2w_A	0.08133971291866028
7o3i_A	0.17482517482517482
7o3j_b	0.19801980198019803
7o3t_o	0.30434782608695654
7o42_A	0.11960784313725491
7o48_B	0.12903225806451613
7o49_F	0.2019607843137255
7o4c_A	0.2222222222222222
7o4f_A	0.0661764705882353
7o4t_D	0.3573200992555831
7o4x_A	0.5145631067961165
7o52_U	0.6666666666666666
7o5i_A	0.4308300395256917
7o62_B	0.6204379562043796
7o6z_A	0.39215686274509803
7o71_2	0.10874200426439233
7o77_A	0.6470588235294118
7o78_B	0.6544715447154471
7o79_A	0.6783216783216783
7o7g_A	0.25098039215686274
7o7j_A	0.2798913043478261
7o84_A	0.7439024390243902
7o8c_A	0.1843137254901961
7o9k_G	0.34718100890207715
7o9m_n	0.5627906976744186
7o9o_A	0.3018292682926829
7oa8_A	0.2526595744680851
7oar_A	0.2986425339366516
7oas_A	0.5601851851851852
7ob6_A	0.1981981981981982
7oba_O	0.2478386167146974
7obm_A	0.4137254901960784
7obn_A	0.1605351170568562
7obq_v	0.4129353233830846
7oc3_A	0.19339622641509435
7oc4_A	0.033419023136246784
7ock_L	0.08552631578947369
7ocn_A	0.41568627450980394
7ocx_C	0.41935483870967744
7ocy_A	0.3254901960784314
7ocy_B	0.3215686274509804
7od9_B	0.6976744186046512
7ods_D	0.06666666666666667
7ods_F	0.1349206349206349
7odu_A	0.13178294573643412
7odv_DDD	0.7784313725490196
7odx_A	0.1742857142857143
7oe2_A	0.16917293233082706
7oex_A	0.5364583333333334
7of0_E	0.05519480519480519
7of4_C	0.42417061611374407
7ofh_L	0.42424242424242425
7ofl_A	0.05970149253731343
7ofq_f	0.1784037558685446
7og2_A	0.1627450980392157
7og3_A	0.4206896551724138
7og5_J	0.3592814371257485
7og7_A	0.34328358208955223
7ogp_B	0.059113300492610835
7ogp_D	0.054901960784313725
7ogp_E	0.015915119363395226
7ohi_A	0.26
7ohv_Z	0.2692307692307692
7oi6_1	0.40077821011673154
7oi6_x	0.39572192513368987
7oi6_y	0.2990936555891239
7oim_A	0.19411764705882353
7oiy_A	0.10245901639344263
7ojg_A	0.4420289855072464
7oju_A	0.4439252336448598
7ok0_G	0.23770491803278687
7okr_AAA	0.3541666666666667
7ol1_A	0.6112852664576802
7ol3_B	0.34823529411764703
7ol4_A	0.6176470588235294
7ol4_D	0.6411764705882353
7ola_B	0.24439461883408073
7ole_H	0.011764705882352941
7ole_J	0.017543859649122806
7olf_A	0.3736559139784946
7olw_AAA	0.5149253731343284
7omd_B	0.6225806451612903
7omv_AAA	0.07142857142857142
7onw_A	0.24329896907216494
7oo5_A	0.03927492447129909
7ooc_A	0.19678714859437751
7oox_A	0.3894736842105263
7op9_G	0.4334763948497854
7opx_A	0.1717171717171717
7oq4_B	0.03333333333333333
7oqc_F	0.40823970037453183
7oqy_E	0.17032967032967034
7orx_CCC	0.492156862745098
7os3_AAA	0.10840108401084012
7ose_D	0.07554671968190854
7osi_B	0.4772727272727273
7osj_H	0.2582781456953642
7ost_AAA	0.11262798634812286
7otc_R	0.3786407766990291
7ots_A	0.613013698630137
7ou5_A	0.08241758241758242
7ou8_AAA	0.3764705882352941
7ouu_B	0.5784313725490197
7ovu_A	0.5051020408163265
7owj_F	0.5126903553299492
7ox5_A	0.5528846153846154
7oxv_A	0.04790419161676647
7oyw_A	0.3735632183908046
7oz8_AAA	0.27848101265822783
7oz9_BBB	0.3146997929606625
7oza_CCC	0.2827868852459016
7ozr_A	0.05459057071960298
7ozs_F	0.4196078431372549
7p04_A	0.2803921568627451
7p07_A	0.2823529411764706
7p12_A	0.2717391304347826
7p14_A	0.057926829268292686
7p18_A	0.1843137254901961
7p1g_K	0.040345821325648415
7p1y_AAA	0.27011494252873564
7p23_A	0.20851063829787234
7p2q_B	0.29608938547486036
7p2y_g	0.2881944444444444
7p3b_B	0.06438631790744467
7p3t_B	0.2909698996655518
7p3x_A	0.5705882352941176
7p3x_B	0.6372549019607843
7p44_B	0.4176470588235294
7p48_6	0.34901960784313724
7p4l_B	0.26359832635983266
7p50_A	0.5454545454545454
7p54_A	0.07556675062972293
7p5c_A	0.08418367346938775
7p5h_C	0.3525641025641026
7p5j_A	0.08771929824561403
7p69_E	0.41025641025641024
7p69_F	0.27149321266968324
7p75_BBB	0.4901185770750988
7p7r_0	0.35294117647058826
7p8h_A	0.12318840579710146
7p8m_C	0.14950980392156862
7p8n_a	0.1450980392156863
7p8p_B	0.2789115646258503
7p8s_A	0.07167235494880546
7p97_AAA	0.5812807881773399
7p99_A	0.19924812030075187
7p9a_A	0.29736842105263156
7p9k_A	0.13529411764705881
7p9q_A	0.12555066079295155
7pai_D	0.13725490196078433
7pam_a	0.15087719298245614
7pan_g	0.1349206349206349
7pao_q	0.36363636363636365
7par_c	0.1523809523809524
7pax_B	0.23880597014925373
7pbi_B	0.1784313725490196
7pcf_F	0.17302052785923755
7pci_A	0.336231884057971
7pcs_A	0.6598360655737705
7pcs_B	0.6842105263157895
7pcy_A	0.6122448979591837
7pd2_A	0.4114441416893733
7pd3_x	0.453551912568306
7pd7_B	0.58
7pda_A	0.1320754716981132
7pds_A	0.175054704595186
7pdy_A	0.3048128342245989
7pe4_A	0.5516129032258065
7peg_A	0.3761467889908257
7pfg_A	0.3146067415730337
7pfs_A	0.28823529411764703
7ph3_A	0.3176470588235294
7pha_G	0.1347517730496454
7pha_r	0.2517985611510791
7phc_i	0.1527777777777778
7pi1_DDD	0.0718954248366013
7pi3_A	0.21341463414634146
7pi5_o	0.12184873949579832
7pib_W	0.34782608695652173
7piq_b	0.09170305676855896
7pit_H	0.28125
7pit_I	0.009900990099009901
7pj4_AAA	0.23809523809523808
7pjh_A	0.138801261829653
7pjj_A	0.44509803921568625
7pk1_A	0.2881944444444444
7pk6_E	0.4196078431372549
7pkb_B	0.32038834951456313
7pko_A	0.07348242811501597
7pkq_P	0.4599406528189911
7pkq_b	0.23651452282157676
7pkq_f	0.5728155339805825
7pkq_h	0.07692307692307693
7pkq_i	0.3051948051948052
7pkq_j	0.0
7pkq_l	0.33962264150943394
7pkt_O	0.4647058823529412
7pkt_P	0.4520547945205479
7pkt_Q	0.2971887550200803
7pkt_R	0.3723404255319149
7pkt_c	0.15723270440251572
7pld_B	0.4083044982698962
7pln_A	0.3347107438016529
7plo_A	0.34705882352941175
7plo_B	0.0392156862745098
7plo_O	0.23821989528795812
7pls_A	0.3805104408352668
7pmn_L	0.6357894736842106
7pmo_G	0.35294117647058826
7pmq_A	0.4344978165938865
7pmu_A	0.031413612565445025
7pnb_A	0.37158469945355194
7pnt_X	0.2969187675070028
7pnx_B	0.28888888888888886
7pnx_b	0.34049079754601225
7po2_W	0.35
7po7_F	0.4694533762057878
7poa_A	0.44221105527638194
7pog_A	0.14705882352941177
7poi_C	0.09090909090909091
7pow_B	0.10784313725490197
7pp2_A	0.11312217194570136
7pp3_A	0.27860696517412936
7ppa_C	0.21904761904761905
7pq1_A	0.1670886075949367
7pqa_AAA	0.33090909090909093
7pqf_A	0.39690721649484534
7pqh_J	0.2372549019607843
7pqp_G	0.35730337078651686
7pqp_H	0.3170731707317073
7prm_A	0.5864406779661017
7prq_B	0.2974683544303797
7psl_A	0.2784313725490196
7pt6_H	0.27611940298507465
7ptb_A	0.5425867507886435
7pth_A	0.28823529411764703
7ptt_A	0.36470588235294116
7ptx_A	0.24901960784313726
7pu7_A	0.3058823529411765
7pua_Cg	0.19917864476386038
7pua_Ff	0.14901960784313725
7pua_Fg	0.11372549019607843
7pua_Fi	0.05263157894736842
7pua_IA	0.3058823529411765
7pud_A	0.24
7pug_A	0.33725490196078434
7pul_A	0.4812680115273775
7puo_A	0.2558139534883721
7pup_A	0.16910229645093947
7pv7_B	0.40588235294117647
7pvh_A	0.046153846153846156
7pvi_AAA	0.34673366834170855
7pw4_C	0.25806451612903225
7pw5_B	0.0784313725490196
7pwh_AAA	0.4039408866995074
7pwo_f2	0.14634146341463414
7px0_B	0.19019607843137254
7px8_A	0.3235294117647059
7pxo_AAA	0.11764705882352941
7pxy_A	0.30405405405405406
7pyq_A	0.41702127659574467
7pyt_D	0.33163265306122447
7pyv_C	0.3116883116883117
7pz2_B	0.17
7pzb_A	0.4581497797356828
7pzj_A	0.5567765567765568
7pzo_A	0.3217391304347826
7pzt_A	0.29375
7pzz_D	0.3145833333333333
7q05_A	0.34415584415584416
7q05_E	0.10757946210268948
7q0f_AG	0.24528301886792453
7q1d_D	0.2610294117647059
7q1y_A	0.515686274509804
7q2y_A	0.2923433874709977
7q37_A	0.14285714285714285
7q3a_B	0.43823529411764706
7q3d_C	0.04580152671755725
7q3e_A	0.20588235294117646
7q3e_B	0.061630218687872766
7q3e_D	0.45132743362831856
7q3s_A	0.44150110375275936
7q3y_A	0.09803921568627451
7q40_C	0.44324324324324327
7q4i_B	0.4804270462633452
7q4l_A	0.44052863436123346
7q5y_A	0.1980392156862745
7q5y_T	0.09411764705882353
7q69_A	0.4827586206896552
7q6g_A	0.32989690721649484
7q6o_A	0.5480769230769231
7q71_A	0.07758620689655173
7q8e_A	0.44584382871536526
7q92_C	0.17747440273037543
7qa5_A	0.5376344086021505
7qa7_A	0.5
7qan_AAA	0.15608465608465608
7qb6_A	0.3902439024390244
7qba_D	0.26181818181818184
7qbk_A	0.20422535211267606
7qc0_A	0.1607843137254902
7qca_LFF	0.26126126126126126
7qca_LG0	0.24623115577889448
7qca_LH0	0.08196721311475409
7qca_LO0	0.21717171717171718
7qca_SB0	0.10294117647058823
7qca_SGG	0.4952978056426332
7qca_SM0	0.30973451327433627
7qcb_A	0.5416666666666666
7qcd_C	0.11235955056179775
7qcw_B	0.37254901960784315
7qde_B	0.4319526627218935
7qdp_A	0.12413793103448276
7qdz_C	0.5934426229508196
7qe7_I	0.21372549019607842
7qe7_R	0.42272727272727273
7qec_A	0.04716981132075472
7qeh_A	0.3008130081300813
7qek_A	0.5196078431372549
7qem_C	0.32848837209302323
7qen_A	0.2623655913978495
7qen_D	0.3156862745098039
7qep_C2	0.3220338983050847
7qep_L2	0.11637931034482758
7qep_M7	0.21264367816091953
7qep_MD	0.13529411764705881
7qep_N2	0.16129032258064516
7qep_O0	0.34444444444444444
7qep_O1	0.08333333333333333
7qf6_B	0.2
7qfi_B	0.09302325581395349
7qfk_D	0.25842696629213485
7qfq_A	0.043137254901960784
7qfx_C	0.4891041162227603
7qg4_A	0.29411764705882354
7qg9_G	0.25838926174496646
7qgq_O	0.09433962264150944
7qh2_A	0.40059347181008903
7qh2_B	0.4037735849056604
7qh5_A	0.31309904153354634
7qhm_E	0.2326283987915408
7qho_U	0.22077922077922077
7qi3_A	0.23529411764705882
7qi6_z	0.11507936507936507
7qia_A	0.11471321695760599
7qiu_A	0.5298804780876494
7qiw_h	0.2072072072072072
7qjc_G	0.06862745098039216
7qjm_A	0.5980066445182725
7qjn_A	0.605072463768116
7ql6_C	0.12412177985948478
7qla_A	0.12933025404157045
7qla_C	0.06349206349206349
7qld_B	0.16981132075471697
7qlr_A	0.10196078431372549
7qng_A	0.3962765957446808
7qni_AAA	0.3643410852713178
7qoa_A	0.11221945137157108
7qoc_A	0.3005181347150259
7qoi_FS	0.14410480349344978
7qok_A	0.0784313725490196
7qoo_M	0.5511363636363636
7qoo_N	0.059375
7qow_B	0.22574257425742575
7qoz_E	0.42105263157894735
7qp3_A	0.18925831202046037
7qp5_B	0.049586776859504134
7qpk_B	0.21164021164021163
7qpr_D	0.23137254901960785
7qqb_B	0.1182033096926714
7qqg_B	0.296078431372549
7qqi_A	0.26195426195426197
7qqk_A	0.3187066974595843
7qqy_A	0.1574074074074074
7qrd_A	0.32142857142857145
7qrf_D	0.15
7qrh_BBB	0.4786729857819905
7qrj_B	0.1978021978021978
7qrl_C	0.4429530201342282
7qrr_F	0.1891891891891892
7qru_A	0.15098039215686274
7qru_D	0.1894093686354379
7qrv_D	0.5765124555160143
7qrz_A	0.26900584795321636
7qs3_A	0.25906735751295334
7qsj_A	0.43352601156069365
7qsr_A	0.11960784313725491
7qss_A	0.24768518518518517
7qte_B	0.2147887323943662
7qu8_A	0.13963963963963963
7que_B	0.30962343096234307
7qug_A	0.43073047858942065
7quz_DDD	0.5401069518716578
7qv3_w	0.2235294117647059
7qv7_B	0.08743169398907104
7qv7_S	0.22156862745098038
7qvd_AAA	0.15789473684210525
7qve_c	0.10344827586206896
7qve_f	0.0967741935483871
7qw6_A	0.4549019607843137
7qwt_A	0.12215909090909091
7qxv_A	0.08849557522123894
7qya_q	0.12060301507537688
7qyd_A	0.0803921568627451
7qz2_B	0.6287878787878788
7qzj_A	0.3744075829383886
7qzn_A	0.4574780058651026
7qzp_A	0.5641025641025641
7qzq_A	0.5174418604651163
7r08_E	0.1680327868852459
7r0k_A	0.19411764705882353
7r0x_A	0.5
7r1m_A	0.5448717948717948
7r25_A	0.6195652173913043
7r2a_A	0.580327868852459
7r2k_L	0.05952380952380952
7r2k_Q	0.18565400843881857
7r2u_A	0.4923413566739606
7r2x_A	0.23529411764705882
7r3e_A	0.45098039215686275
7r3n_D	0.38688524590163936
7r3w_D	0.34146341463414637
7r49_B	0.2644628099173554
7r4u_B	0.50920245398773
7r50_A	0.34249471458773784
7r55_B	0.12615384615384614
7r5j_C0	0.09019607843137255
7r5j_E0	0.09803921568627451
7r5j_K0	0.2372549019607843
7r5j_R2	0.1411764705882353
7r5j_W0	0.23137254901960785
7r5k_40	0.46475195822454307
7r5y_E	0.07971014492753623
7r5z_B	0.1038961038961039
7r65_A	0.42358078602620086
7r6s_B	0.16981132075471697
7r78_A	0.3235294117647059
7r7b_A	0.4594594594594595
7r7g_A	0.47843137254901963
7r81_b1	0.2222222222222222
7r8e_A	0.3176470588235294
7r8i_A	0.1607843137254902
7r8q_B	0.21079691516709512
7r9b_A	0.4618834080717489
7r9g_A	0.22797927461139897
7r9x_A	0.28708133971291866
7rac_A	0.5384615384615384
7rai_H	0.49193548387096775
7ram_A	0.058823529411764705
7ram_D	0.5882352941176471
7rb4_A	0.0784313725490196
7rbp_A	0.4072948328267477
7rbw_A	0.047244094488188976
7rc6_A	0.42021276595744683
7rca_A	0.12672176308539945
7rcy_A	0.10196078431372549
7rcz_A	0.26666666666666666
7rd0_A	0.3091286307053942
7rd6_A	0.06666666666666667
7rdr_A	0.1337719298245614
7rea_A	0.09836065573770492
7ref_A	0.0975609756097561
7rep_A	0.06274509803921569
7rf9_A	0.4304461942257218
7rfo_B	0.40606060606060607
7rgc_B	0.4628099173553719
7rgd_F	0.27647058823529413
7rgv_A	0.4099099099099099
7rgw_A	0.6312056737588653
7rh5_G	0.3287037037037037
7rh5_W	0.25316455696202533
7rhe_A	0.44021739130434784
7rhp_A	0.3581395348837209
7ri3_C	0.10784313725490197
7riz_A	0.5228758169934641
7rj1_A	0.052830188679245285
7rjc_B	0.26373626373626374
7rjj_A	0.5083333333333333
7rk7_B	0.3111111111111111
7rkt_A	0.14601769911504425
7rkx_R	0.15636363636363637
7rlm_A	0.2887323943661972
7rlo_K	0.05045871559633028
7rlu_A	0.25098039215686274
7rmw_A	0.4148148148148148
7rmy_A	0.15789473684210525
7roa_A	0.07692307692307693
7rom_A	0.4823529411764706
7rpk_A	0.12745098039215685
7rps_A	0.16883116883116883
7rpw_A	0.1746031746031746
7rpw_C	0.16326530612244897
7rpx_E	0.07254901960784314
7rpy_A	0.27800829875518673
7rqh_A	0.4186046511627907
7rqs_A	0.052941176470588235
7rsf_A	0.3894736842105263
7rsl_A	0.20851063829787234
7rsw_A	0.056
7rt0_A	0.3142857142857143
7rt7_J	0.2986111111111111
7rt7_K	0.0979020979020979
7rty_A	0.4180327868852459
7ru7_A	0.38349514563106796
7rum_A	0.17490494296577946
7rus_A	0.3939393939393939
7rut_B	0.11764705882352941
7rw4_A	0.04984423676012461
7rw6_A	0.06470588235294118
7rwk_A	0.3179347826086957
7rwm_C	0.16619718309859155
7rwz_A	0.15384615384615385
7rwz_B	0.10566037735849057
7rxg_A	0.1
7ry7_A	0.20092378752886836
7ryj_F	0.043478260869565216
7ryp_A	0.08708708708708708
7rz7_A	0.4235294117647059
7rzo_A	0.3475609756097561
7s01_D	0.08823529411764706
7s06_A	0.2222222222222222
7s0k_A	0.15257731958762888
7s0s_B	0.4641509433962264
7s13_C	0.6068376068376068
7s14_B	0.2645739910313901
7s2j_C	0.45925925925925926
7s2r_A	0.5177664974619289
7s5i_A	0.4838709677419355
7s5l_A	0.10317460317460317
7s5n_B	0.390625
7s5o_C	0.2125
7s5s_B	0.2
7s64_B	0.4803921568627451
7s6e_B	0.525
7s6g_A	0.5309090909090909
7s7k_A	0.5333333333333333
7s7r_A	0.1259259259259259
7s7u_A	0.29411764705882354
7s8k_B	0.21942446043165467
7s8v_B	0.4666666666666667
7s91_A	0.3640897755610973
7s9u_D	0.11731843575418995
7s9w_B	0.0784313725490196
7sa4_8	0.1921182266009852
7sa9_A	0.16393442622950818
7sb3_H	0.009009009009009009
7sb4_L	0.010101010101010102
7sba_A	0.028125
7sba_H	0.03361344537815126
7sba_I	0.06470588235294118
7sbw_B	0.03137254901960784
7sbx_H	0.03305785123966942
7sc7_BA	0.16417910447761194
7scd_A	0.42318059299191374
7sci_A	0.1457905544147844
7sck_A	0.37058823529411766
7sck_B	0.43137254901960786
7sdb_A	0.1597222222222222
7sez_A	0.11428571428571428
7sf2_A	0.40784313725490196
7sf6_A	0.445578231292517
7sf8_A	0.17509727626459143
7sfm_A	0.4067796610169492
7sgg_A	0.3
7sgn_C	0.37962962962962965
7sgr_C	0.28313253012048195
7sh1_A	0.20784313725490197
7shg_A	0.2529411764705882
7shi_B	0.10997442455242967
7shj_A	0.175
7si6_A	0.27647058823529413
7sjl_A	0.652542372881356
7sjr_A	0.24901960784313726
7sjx_A	0.09803921568627451
7sjy_A	0.4281150159744409
7skj_B	0.4567901234567901
7skn_B	0.4794520547945205
7sku_A	0.04318936877076412
7slp_A	0.5397489539748954
7smc_C	0.08645533141210375
7sn6_B	0.24761904761904763
7sn8_D	0.5714285714285714
7sn8_I	0.19215686274509805
7sn9_b	0.09898477157360407
7sog_A	0.21481481481481482
7sol_A	0.3941176470588235
7som_I	0.12549019607843137
7soy_P	0.5643564356435643
7sp4_A	0.1411764705882353
7sp4_X	0.1872037914691943
7sp8_A	0.424
7spb_C12	0.2119815668202765
7spk_EF4	0.08629441624365482
7spo_C	0.635593220338983
7spq_A	0.21518987341772153
7sqc_2B	0.4
7sqc_2H	0.35784313725490197
7sqc_R1	0.37254901960784315
7sqc_T1	0.5372549019607843
7sqq_A	0.1
7sqt_F	0.06666666666666667
7sqx_A	0.3108108108108108
7sqy_B	0.22285714285714286
7sr6_A	0.1607843137254902
7ss5_A	0.17159763313609466
7ssj_A	0.3835616438356164
7sss_E	0.28901734104046245
7st4_A	0.10621761658031088
7st9_A	0.26862745098039215
7st9_H	0.07911392405063292
7stb_G	0.07352941176470588
7stm_A	0.3
7stw_A	0.3352941176470588
7su7_D	0.4117647058823529
7sua_A	0.17435897435897435
7sub_A	0.6396396396396397
7suk_LV	0.356353591160221
7sum_A	0.08627450980392157
7sur_A	0.1656441717791411
7sv3_A	0.3508771929824561
7svm_A	0.15098039215686274
7swt_A	0.16666666666666666
7syx_x	0.30196078431372547
7sze_B	0.14285714285714285
7szy_A	0.11494252873563218
7t09_B	0.22132796780684105
7t1m_A	0.5175097276264592
7t1s_A	0.45726495726495725
7t27_A	0.17142857142857143
7t2r_E	0.39106145251396646
7t2s_A	0.3898305084745763
7t30_A	0.20588235294117646
7t3a_B	0.03591160220994475
7t3i_B	0.40784313725490196
7t3s_A	0.5428571428571428
7t4d_A	0.14285714285714285
7t4r_A	0.2152777777777778
7t5p_B	0.1288782816229117
7t5t_A	0.23741007194244604
7t62_A	0.0392156862745098
7t65_A	0.12941176470588237
7t6a_A	0.0918918918918919
7t6x_U	0.06375838926174497
7t71_A	0.23563218390804597
7t7i_D	0.06198347107438017
7t7n_B	0.1
7t80_A	0.5231481481481481
7t81_A	0.23921568627450981
7t85_A	0.43352601156069365
7t8b_A	0.3627450980392157
7t8k_A	0.23076923076923078
7t9f_A	0.1393258426966292
7ta2_A	0.35
7tak_A	0.024390243902439025
7tav_B	0.6157205240174672
7tbk_A5	0.25882352941176473
7tbs_A	0.31221719457013575
7tcb_B	0.09090909090909091
7tcd_A	0.5091743119266054
7tce_L	0.171875
7tch_A	0.21568627450980393
7tcl_X	0.2471042471042471
7td5_B	0.4959785522788204
7tdz_d	0.42933333333333334
7te2_A	0.4926829268292683
7tej_E	0.05847953216374269
7tfm_A	0.11971830985915492
7tfs_A	0.01485148514851485
7tgh_C	0.019138755980861243
7thn_B	0.4769874476987448
7thq_B	0.4693069306930693
7til_B	0.18983957219251338
7tin_B	0.4392156862745098
7tj1_D	0.3458646616541353
7tj4_B	0.6079545454545454
7tjb_A	0.5945945945945946
7tjj_I	0.33157894736842103
7tkv_A	0.31176470588235294
7tl6_A	0.3305785123966942
7tlh_A	0.12903225806451613
7tlm_A	0.4506024096385542
7tlw_A	0.10483870967741936
7tm7_A	0.09607843137254903
7tmg_A	0.3770491803278688
7tmt_F	0.1506276150627615
7tmv_A	0.3333333333333333
7tmw_R	0.2665330661322645
7tn2_W	0.3333333333333333
7tn8_A	0.33807829181494664
7tni_C	0.5225225225225225
7tnq_p	0.35323383084577115
7tnq_w	0.44755244755244755
7to0_A	0.38823529411764707
7to3_A	0.26862745098039215
7to3_C	0.23809523809523808
7toc_A	0.3370473537604457
7tok_A	0.36153846153846153
7tot_A	0.42402826855123676
7tpb_D	0.08205128205128205
7tpg_B	0.19602977667493796
7tpq_B	0.2559055118110236
7tpr_A	0.09215686274509804
7tpu_A	0.21764705882352942
7tqr_A	0.07644628099173553
7tqt_H	0.027777777777777776
7tr6_P	0.15
7tra_A	0.2549019607843137
7tra_B	0.06306306306306306
7ttn_E	0.056862745098039215
7tu1_A	0.14942528735632185
7tut_4	0.13742690058479531
7tut_6	0.08928571428571429
7tut_7	0.3176470588235294
7tuv_A	0.11176470588235295
7tvb_A	0.13137254901960785
7tvd_A	0.363013698630137
7tvk_E	0.37815126050420167
7tvl_A	0.15418502202643172
7tvz_E	0.17647058823529413
7twa_B	0.04035874439461883
7twm_B	0.2071611253196931
7txi_A	0.27040816326530615
7txl_A	0.5345454545454545
7txy_E	0.3079710144927536
7tyr_A	0.4176470588235294
7tzg_D	0.5093833780160858
7tzl_A	0.28413284132841327
7u05_B	0.22745098039215686
7u05_n	0.022727272727272728
7u06_C	0.3811188811188811
7u08_A	0.5440414507772021
7u0r_B	0.08633093525179857
7u0u_A	0.16923076923076924
7u1b_A	0.2729528535980149
7u1i_B	0.48333333333333334
7u1t_A	0.07954545454545454
7u2s_A	0.4838709677419355
7u4h_A	0.2
7u4m_A	0.5672514619883041
7u4t_R	0.1392156862745098
7u5d_A	0.08627450980392157
7u5d_E	0.038011695906432746
7u5e_H	0.07920792079207921
7u5s_B	0.30980392156862746
7u6l_D	0.28211009174311924
7u6m_C	0.5116959064327485
7u6o_A	0.054901960784313725
7u7h_B	0.4373522458628842
7u8q_c	0.1553398058252427
7u8t_B	0.10196078431372549
7ua3_A	0.1568627450980392
7uab_A	0.3991683991683992
7ubu_A	0.3411764705882353
7ubz_A	0.6260869565217392
7uci_A	0.3431372549019608
7ud5_N	0.4562841530054645
7udn_A	0.07092198581560284
7ue2_A	0.15789473684210525
7ueg_A	0.16111111111111112
7ueh_A	0.38477801268498946
7ufm_K	0.3440514469453376
7ufs_A	0.31176470588235294
7ufw_B	0.215625
7ug8_B	0.3696969696969697
7ug9_A	0.5533980582524272
7ugk_B	0.07848837209302326
7ui4_A	0.23486682808716708
7ui7_B	0.43137254901960786
7uig_t	0.009523809523809525
7uii_a	0.2032967032967033
7uil_6	0.0803921568627451
7uio_Ba	0.024657534246575342
7uj5_A	0.55859375
7ujb_C	0.3980392156862745
7ukj_C	0.47058823529411764
7ukz_E	0.3311036789297659
7ulh_A	0.5640138408304498
7ulw_A	0.2375
7umt_b	0.09057971014492754
7un3_A	0.07450980392156863
7un8_A	0.367003367003367
7unk_A	0.5078431372549019
7unu_V	0.3617021276595745
7unu_X	0.24210526315789474
7uny_D	0.08791208791208792
7uo3_A	0.14942528735632185
7uof_A	0.29314420803782504
7upp_A	0.08974358974358974
7ups_B	0.13488372093023257
7upv_A	0.32272727272727275
7uqb_x	0.4861111111111111
7uqv_D	0.4269230769230769
7ure_A	0.05787037037037037
7urg_A	0.14713216957605985
7urp_A	0.49056603773584906
7urv_D	0.5814977973568282
7us3_A	0.3644859813084112
7us5_A	0.5751445086705202
7usb_A	0.07511737089201878
7use_B	0.06274509803921569
7usl_C	0.10588235294117647
7usy_J	0.39335180055401664
7uts_C	0.16806722689075632
7uts_H	0.06363636363636363
7utz_B	0.09174311926605505
7utz_R	0.5588235294117647
7uur_C	0.043137254901960784
7uur_D	0.2701863354037267
7uv9_K	0.3144963144963145
7uve_A	0.31004366812227074
7uvk_A	0.4980392156862745
7uvp_A	0.2725490196078431
7uwb_C	0.18627450980392157
7uwd_a	0.13333333333333333
7uwh_C	0.20526315789473684
7uwr_A	0.27450980392156865
7uws_E	0.06398104265402843
7uws_M	0.031746031746031744
7uww_A	0.32941176470588235
7uxg_A	0.29707112970711297
7uxt_A	0.43923240938166314
7uy5_G	0.07692307692307693
7uy7_A	0.0784313725490196
7uy8_B	0.20153061224489796
7uzj_L	0.509090909090909
7uzt_B	0.10747663551401869
7v01_H	0.09090909090909091
7v08_v	0.07508532423208192
7v09_A	0.3746898263027295
7v0f_A	0.26373626373626374
7v0h_G	0.691699604743083
7v1q_G	0.7290836653386454
7v1w_B	0.21476510067114093
7v28_B	0.09411764705882353
7v2s_B	0.5426356589147286
7v3k_C	0.5374149659863946
7v3n_A	0.13564668769716087
7v3w_D	0.3829787234042553
7v43_A	0.16898148148148148
7v4o_A	0.4375
7v4q_A	0.36446469248291574
7v4t_N	0.13744075829383887
7v5t_A	0.12747252747252746
7v61_B	0.10588235294117647
7v62_A	0.06923076923076923
7v6h_A	0.6142322097378277
7v6i_A	0.6745098039215687
7v6m_A	0.6901960784313725
7v7c_A	0.30392156862745096
7v8l_F	0.37117903930131
7v8u_A	0.5736434108527132
7v94_A	0.047058823529411764
7v9a_B	0.40583554376657827
7v9a_D	0.13675213675213677
7v9a_I	0.3358208955223881
7v9o_A	0.29411764705882354
7v9x_A	0.15286624203821655
7vag_A	0.09803921568627451
7vb5_B	0.4396135265700483
7vbo_A	0.34065934065934067
7vbs_A	0.3277310924369748
7vcf_B	0.29215686274509806
7vcf_I	0.14600550964187328
7vci_T	0.2568627450980392
7vco_A	0.3877551020408163
7vdy_A	0.2
7vep_A	0.3759124087591241
7veu_A	0.3588235294117647
7vex_A	0.3179611650485437
7vf2_A	0.296078431372549
7vf6_A	0.1366120218579235
7vfp_B	0.19545454545454546
7vg3_A	0.03529411764705882
7vg4_B	0.18932038834951456
7vg7_A	0.2439516129032258
7vg9_C	0.27450980392156865
7vgh_A	0.0650887573964497
7vhv_A	0.4515463917525773
7vi6_A	0.4444444444444444
7vjt_A	0.5683453237410072
7vjv_A	0.3076923076923077
7vkj_A	0.5
7vkk_A	0.313588850174216
7vl4_A	0.4215686274509804
7vlb_A	0.5246753246753246
7vlj_A	0.0696969696969697
7vm0_B	0.5024630541871922
7vma_A	0.33725490196078434
7vmb_A	0.15598885793871867
7vmc_C	0.07344632768361582
7vmh_C	0.11650485436893204
7vmi_A	0.11458333333333333
7vmw_A	0.10472972972972973
7vmx_A	0.08076923076923077
7vno_A	0.34513274336283184
7voc_C	0.5443425076452599
7vpa_A	0.5766423357664233
7vpp_B	0.15555555555555556
7vpt_A	0.605543710021322
7vqk_A	0.3487179487179487
7vqm_A	0.44901960784313727
7vqo_A	0.3588235294117647
7vru_A	0.3843058350100604
7vrx_C	0.4049586776859504
7vs2_A	0.09473684210526316
7vs3_A	0.16170212765957448
7vs4_C	0.3983957219251337
7vs7_A	0.375609756097561
7vt4_A	0.4611872146118721
7vt9_A	0.3607843137254902
7vtl_A	0.13404825737265416
7vty_A	0.1111111111111111
7vu2_A	0.32873563218390806
7vu4_A	0.5213675213675214
7vua_A	0.11568627450980393
7vux_A	0.639344262295082
7vw6_A	0.17058823529411765
7vw6_B	0.30392156862745096
7vwk_A	0.27307692307692305
7vwo_A	0.47183098591549294
7vwp_B	0.31771894093686354
7vxt_A	0.42574257425742573
7vz3_B	0.492156862745098
7vzg_B	0.27631578947368424
7vzg_C	0.21243523316062177
7w01_A	0.23333333333333334
7w06_A	0.6570048309178744
7w0i_A	0.5089820359281437
7w0w_B	0.3181818181818182
7w16_A	0.1590909090909091
7w18_A	0.1650943396226415
7w1d_H	0.5764705882352941
7w1f_C	0.09871244635193133
7w1g_C	0.25102880658436216
7w1i_A	0.3722334004024145
7w1y_5	0.26666666666666666
7w1y_6	0.24509803921568626
7w1y_B	0.25882352941176473
7w26_A	0.20227272727272727
7w2a_A	0.39436619718309857
7w2j_C	0.21770334928229665
7w2t_A	0.1803921568627451
7w3c_B	0.3771289537712895
7w3j_x	0.145748987854251
7w3u_A	0.11661807580174927
7w46_B	0.3358208955223881
7w4m_i	0.1844380403458213
7w54_B	0.07058823529411765
7w55_R	0.20132013201320131
7w58_A	0.2868217054263566
7w5l_A	0.24288840262582057
7w5p_A	0.24934383202099739
7w5z_e	0.2604166666666667
7w5z_y	0.12380952380952381
7w61_A	0.678714859437751
7w62_C	0.11347517730496454
7w65_E	0.0380952380952381
7w6d_B	0.5576923076923077
7w6k_A	0.1073170731707317
7w6x_A	0.17225950782997762
7w6z_A	0.1956521739130435
7w72_A	0.3196078431372549
7w72_S	0.12941176470588237
7w72_U	0.14047619047619048
7w74_A	0.14601769911504425
7w76_A	0.0440251572327044
7w78_B	0.29651162790697677
7w7a_G	0.5286343612334802
7w7e_A	0.3875598086124402
7w7h_A	0.307843137254902
7w7i_B	0.2719298245614035
7w7t_A	0.10980392156862745
7w83_A	0.1
7w89_A	0.45528455284552843
7w8d_A	0.5641025641025641
7w8f_A	0.4244604316546763
7w9h_B	0.639344262295082
7w9m_B	0.4797687861271676
7wa4_A	0.23333333333333334
7wa9_A	0.5347222222222222
7waf_A	0.12549019607843137
7wal_A	0.1384297520661157
7waq_D	0.41643835616438357
7wbk_A	0.1180722891566265
7wbt_A	0.2549019607843137
7wcc_C	0.2992125984251969
7wcf_A	0.16614420062695925
7wcg_A	0.33064516129032256
7wdk_B	0.1839080459770115
7wdq_A	0.5357142857142857
7weg_A	0.40625
7wew_A	0.38253638253638256
7wff_f	0.3006535947712418
7wff_i	0.3793103448275862
7wfg_N	0.22602739726027396
7wg5_F	0.15294117647058825
7wg5_b	0.20521172638436483
7wg5_c	0.2109375
7wge_A	0.2235294117647059
7wgu_A	0.37249283667621774
7wh0_A	0.22549019607843138
7wh9_A	0.39915966386554624
7whf_G	0.1504424778761062
7whg_G	0.10407239819004525
7wi4_A	0.24634146341463414
7wim_F	0.16842105263157894
7wiv_A	0.27058823529411763
7wj7_B	0.3699186991869919
7wj9_A	0.2627450980392157
7wji_A	0.1784313725490196
7wji_B	0.2235294117647059
7wjn_A	0.34509803921568627
7wkh_A	0.08176100628930817
7wkk_b	0.10784313725490197
7wkq_B	0.6
7wku_A	0.0756578947368421
7wkv_A	0.3561643835616438
7wm6_A	0.6208333333333333
7wme_A	0.32679738562091504
7wmp_a	0.09215686274509804
7wmp_m	0.24102564102564103
7wmv_A	0.09803921568627451
7wmx_A	0.4101694915254237
7wn7_B	0.06072874493927125
7wn9_A	0.5958702064896755
7wns_A	0.2099056603773585
7wnu_B	0.3333333333333333
7woi_A	0.4172494172494173
7wol_A	0.6211180124223602
7wop_B	0.423728813559322
7wot_O	0.19607843137254902
7wot_P	0.22941176470588234
7wpi_A	0.1588235294117647
7wqx_A	0.3532934131736527
7wr3_A	0.3333333333333333
7wr6_B	0.4587628865979381
7wrq_A	0.7843137254901961
7wrs_A	0.11568627450980393
7wrs_B	0.175
7wsu_A	0.023529411764705882
7wt3_E	0.21951219512195122
7wtc_B	0.2725490196078431
7wtt_q	0.5446808510638298
7wtw_u	0.20784313725490197
7wu1_E	0.42549019607843136
7wu2_R	0.1444043321299639
7wua_A	0.40980392156862744
7wug_Y	0.1377952755905512
7wuo_A	0.20398009950248755
7wup_A	0.41708542713567837
7wuq_R	0.17985611510791366
7wvr_A	0.3768844221105528
7wvt_A	0.34615384615384615
7ww4_A	0.375
7wwb_A	0.04804804804804805
7wwf_A	0.6173285198555957
7wwh_A	0.6374501992031872
7wwp_A	0.05
7wwv_A	0.0446927374301676
7wwx_B	0.6771653543307087
7wx5_A	0.4930555555555556
7wxe_B	0.4
7wxj_A	0.39171974522292996
7wz4_R	0.1759656652360515
7wz5_A	0.031055900621118012
7wz8_A	0.18888888888888888
7wzd_A	0.47953216374269003
7wzf_A	0.6131687242798354
7wzg_B	0.6213991769547325
7wzm_A	0.16375545851528384
7x0b_B	0.4186046511627907
7x0c_A	0.3308457711442786
7x0f_C	0.3056768558951965
7x0g_A	0.5972222222222222
7x0i_A	0.36341463414634145
7x0o_A	0.40476190476190477
7x1i_B	0.054901960784313725
7x2q_A	0.16059957173447537
7x2u_A	0.09215686274509804
7x30_S	0.19269102990033224
7x30_b	0.08590308370044053
7x31_A	0.2441860465116279
7x3t_V	0.43137254901960786
7x4e_A	0.0
7x4n_E	0.12349397590361445
7x4o_B	0.0546875
7x4p_A	0.21895424836601307
7x4r_B	0.3804347826086957
7x4t_A	0.22483221476510068
7x53_A	0.1477832512315271
7x56_A	0.2982456140350877
7x5h_R	0.1678832116788321
7x5j_A	0.6640625
7x5k_A	0.4
7x77_A	0.08524590163934426
7x7h_B	0.3764705882352941
7x8k_B	0.4087193460490463
7x8l_A	0.3411764705882353
7x8v_A	0.20540540540540542
7x9h_A	0.49612403100775193
7xao_A	0.49523809523809526
7xbr_C	0.39097744360902253
7xbt_A	0.4702258726899384
7xc6_A	0.28721174004192873
7xc8_A	0.08296943231441048
7xca_A	0.17535545023696683
7xcn_B	0.14979757085020243
7xcn_P	0.6
7xdi_F	0.3706140350877193
7xdu_B	0.4281609195402299
7xe2_A	0.12745098039215685
7xey_B	0.25098039215686274
7xf2_A	0.045454545454545456
7xfr_A	0.4043887147335423
7xfs_A	0.3541666666666667
7xfu_A	0.2608695652173913
7xfz_A	0.1908713692946058
7xfz_B	0.1004566210045662
7xg0_D	0.1027190332326284
7xg4_H	0.13247863247863248
7xg7_A	0.43478260869565216
7xg9_A	0.4160839160839161
7xgb_C	0.31176470588235294
7xge_A	0.17261904761904762
7xgn_A	0.24579124579124578
7xgq_B	0.2551546391752577
7xgt_B	0.3890909090909091
7xgx_A	0.1784313725490196
7xh4_A	0.4858757062146893
7xhz_A	0.3203463203463203
7xin_A	0.37872340425531914
7xjv_B	0.32745098039215687
7xk4_E	0.05555555555555555
7xk7_D	0.10194174757281553
7xk9_A	0.15198237885462554
7xkx_A	0.30265848670756645
7xmh_A	0.5017301038062284
7xmj_B	0.5751633986928104
7xn5_C	0.38011695906432746
7xn9_A	0.14915966386554622
7xoh_A	0.3537117903930131
7xoi_B	0.11238532110091744
7xow_R	0.16304347826086957
7xp0_A	0.415
7xp3_A	0.26143790849673204
7xpg_A	0.07775377969762419
7xpi_A	0.4049586776859504
7xpj_A	0.06289308176100629
7xpt_A	0.44533333333333336
7xpw_A	0.5433070866141733
7xpx_K	0.2155688622754491
7xql_A	0.16891891891891891
7xr2_1	0.03940886699507389
7xr7_A	0.3184584178498986
7xrb_B	0.3094170403587444
7xre_C	0.5041322314049587
7xrj_A	0.4350453172205438
7xrm_B	0.24110671936758893
7xrm_C	0.25165562913907286
7xrv_A	0.503731343283582
7xrx_C	0.09547738693467336
7xs3_A	0.4364820846905538
7xs4_A	0.19148936170212766
7xsy_A	0.4372549019607843
7xt3_A	0.3352601156069364
7xtl_A	0.6148648648648649
7xtn_A	0.47435897435897434
7xuh_A	0.045098039215686274
7xut_B	0.12857142857142856
7xux_A	0.1780821917808219
7xvu_A	0.17480719794344474
7xw3_A	0.396078431372549
7xw9_R	0.15625
7xwi_B	0.6339285714285714
7xwt_B	0.4187725631768953
7xx0_B	0.3236514522821577
7xx8_A	0.5111111111111111
7xy1_A	0.4235294117647059
7xy6_R	0.15384615384615385
7xyf_K	0.3333333333333333
7xyr_A	0.4568627450980392
7xz5_R	0.15753424657534246
7xzo_C	0.20588235294117646
7y01_A	0.09941520467836257
7y0b_C	0.29198966408268734
7y0d_B	0.1531791907514451
7y12_R	0.17045454545454544
7y17_A	0.20980392156862746
7y1b_A	0.6403508771929824
7y1r_E	0.6144859813084113
7y23_A	0.19476744186046513
7y38_A	0.12314225053078556
7y38_X	0.0392156862745098
7y3a_A	0.32044198895027626
7y3t_A	0.15512465373961218
7y3x_A	0.05909090909090909
7y3z_D	0.2519893899204244
7y47_B	0.18627450980392157
7y4g_B	0.3411764705882353
7y4h_A	0.5653495440729484
7y54_A	0.66
7y5j_A	0.6947368421052632
7y5k_B	0.5130890052356021
7y5m_A	0.13548387096774195
7y5n_A	0.18382352941176472
7y5r_A	0.638095238095238
7y5s_A	0.297029702970297
7y5y_A	0.13815789473684212
7y6s_A	0.050980392156862744
7y70_A	0.2857142857142857
7y73_A	0.6020408163265306
7y77_A	0.19072164948453607
7y7a_bO	0.08695652173913043
7y7o_A	0.3741496598639456
7y7q_A	0.08235294117647059
7y88_A	0.1016949152542373
7y89_A	0.17073170731707318
7y8i_E	0.6907216494845361
7y8s_B	0.6631944444444444
7y8u_F	0.19020172910662825
7y8v_E	0.06149732620320856
7y95_A	0.63
7y9a_A	0.6458333333333334
7y9h_A	0.06666666666666667
7y9p_A	0.49859943977591037
7y9t_A	0.09736842105263158
7ya2_B	0.4893048128342246
7yao_A	0.08755760368663594
7yax_A	0.024096385542168676
7yb9_A	0.4441860465116279
7ybd_A	0.25
7yc4_B	0.620253164556962
7ycx_B	0.14901960784313725
7ycx_D	0.4588235294117647
7ycx_G	0.5647058823529412
7yd4_A	0.18435754189944134
7ydq_A	0.041176470588235294
7yeo_B	0.3743455497382199
7yf0_R	0.025490196078431372
7yf2_A	0.4581818181818182
7yfe_I	0.049019607843137254
7yfz_t	0.16593886462882096
7yh4_A	0.3875
7yi9_B	0.36771300448430494
7yib_A	0.2585858585858586
7yim_A	0.09411764705882353
7yj4_R	0.1443661971830986
7yjk_A	0.3797752808988764
7yjl_A	0.02178649237472767
7yk3_A	0.026905829596412557
7yk3_B	0.22340425531914893
7ykd_A	0.1453900709219858
7ykg_A	0.2074468085106383
7ykr_A	0.6843137254901961
7ykt_A	0.27647058823529413
7ykv_B	0.3210161662817552
7yl5_A	0.298728813559322
7yle_A	0.3277591973244147
7ylf_A	0.4755244755244755
7ylq_A	0.3416666666666667
7ylr_A	0.4294478527607362
7yls_B	0.0779816513761468
7ylt_A	0.5872576177285319
7ylw_A	0.08823529411764706
7ylx_Q	0.07254901960784314
7ymm_11	0.05167173252279635
7ymm_4C	0.06428571428571428
7yn2_B	0.1174785100286533
7ynd_A	0.09803921568627451
7yny_A	0.08132530120481928
7yo3_B	0.6145038167938931
7yoj_A	0.12352941176470589
7yp5_A	0.4486873508353222
7ypd_B	0.6213991769547325
7ype_A	0.16433566433566432
7ypp_A	0.34545454545454546
7ypv_A	0.5232558139534884
7yq1_F	0.5664739884393064
7yqa_B	0.457286432160804
7yqh_E	0.050980392156862744
7yr5_B	0.6075949367088608
7yrb_A	0.26506024096385544
7yro_H	0.3056379821958457
7yru_A	0.07692307692307693
7ysi_A	0.5034965034965035
7ysy_B	0.6442307692307693
7ytb_B	0.11372549019607843
7yte_D	0.6261682242990654
7ytw_A	0.07889546351084813
7yui_A	0.20327868852459016
7yv9_A	0.045098039215686274
7yvb_A	0.08067940552016985
7yvy_A	0.3179347826086957
7yw1_A	0.07450980392156863
7yw2_A	0.12135922330097088
7yw4_A	0.175
7yw5_B	0.3719512195121951
7yw9_B	0.2257142857142857
7ywx_L	0.04487179487179487
7yx4_A	0.1392156862745098
7yxa_A	0.19733333333333333
7yxg_A	0.3354632587859425
7yxm_A	0.3208955223880597
7yxv_A	0.4793388429752066
7yyg_A	0.14909090909090908
7yzi_A	0.25925925925925924
7z05_A	0.3472803347280335
7z06_A	0.20994475138121546
7z0l_B	0.2945945945945946
7z0s_B	0.07647058823529412
7z0s_C	0.15490196078431373
7z0s_D	0.05555555555555555
7z0s_E	0.1392156862745098
7z15_I	0.45454545454545453
7z15_K	0.45535714285714285
7z18_G	0.031161473087818695
7z1m_A	0.027450980392156862
7z1r_D000	0.41450777202072536
7z1x_D	0.04859335038363171
7z20_t	0.40594059405940597
7z2x_A	0.6490566037735849
7z32_A	0.22330097087378642
7z3h_A	0.17473118279569894
7z3m_AAA	0.35855263157894735
7z3n_LP	0.1935483870967742
7z49_AR	0.1873198847262248
7z4b_ED	0.13333333333333333
7z55_BBB	0.48148148148148145
7z5a_A	0.16287878787878787
7z5z_A	0.3916913946587537
7z65_A	0.5265017667844523
7z67_A	0.26463104325699743
7z6b_C	0.555956678700361
7z6e_C	0.2607843137254902
7z6f_E	0.31176470588235294
7z6s_C	0.07530120481927711
7z79_B	0.24836601307189543
7z7h_F	0.03314917127071823
7z7s_B	0.3474178403755869
7z8b_F	0.38949671772428884
7z8e_A	0.296078431372549
7z8v_D	0.6333333333333333
7z94_A	0.3196125907990315
7zah_K	0.3111111111111111
7zan_C	0.3029197080291971
7zao_A	0.351981351981352
7zaw_A	0.05817174515235457
7zbr_A	0.1588235294117647
7zc0_AAA	0.15490196078431373
7zc2_A	0.26963906581740976
7zc6_A	0.06806282722513089
7zc6_B	0.12376237623762376
7zc6_D	0.07894736842105263
7zcb_B	0.751269035532995
7zcc_B	0.3558282208588957
7zci_N	0.15833333333333333
7zcl_B	0.02643171806167401
7ze0_A	0.39759036144578314
7ze1_A	0.06666666666666667
7ze9_CCC	0.38095238095238093
7zei_A	0.45806451612903226
7zel_A	0.19607843137254902
7zer_A	0.4704641350210971
7zet_A	0.06896551724137931
7zge_A	0.09045226130653267
7zgg_A	0.10869565217391304
7zgi_B	0.270516717325228
7zgr_A	0.2549019607843137
7zgv_A	0.3089430894308943
7zhe_A	0.45695364238410596
7zhf_A	0.412
7zhh_A	0.3059360730593607
7zhj_U	0.4928571428571429
7zhj_V	0.28431372549019607
7zhj_b	0.1411764705882353
7zhm_B	0.30701754385964913
7zho_A	0.3468013468013468
7zhs_P	0.05371900826446281
7zhu_B	0.3431372549019608
7zjf_B	0.13392857142857142
7zjk_A	0.13574660633484162
7zjw_E	0.3058823529411765
7zke_E	0.4666666666666667
7zkh_A	0.5451127819548872
7zkq_A	0.41935483870967744
7zkq_T	0.27350427350427353
7zkt_G	0.24257425742574257
7zl1_A	0.3581395348837209
7zl9_A	0.22613065326633167
7zla_B	0.35152838427947597
7zlj_A	0.1450980392156863
7zm5_A	0.2727272727272727
7zm6_B	0.20323325635103925
7zm7_A	0.2196078431372549
7zm8_1	0.03439153439153439
7zme_2	0.12941176470588237
7zme_5	0.15490196078431373
7zmg_f	0.33707865168539325
7zmk_L	0.049773755656108594
7zn6_A	0.3686274509803922
7znl_c	0.5048543689320388
7znx_A	0.19117647058823528
7zny_A	0.06342494714587738
7zol_B	0.09215686274509804
7zop_B	0.17692307692307693
7zoz_A	0.624
7zpf_A	0.09913793103448276
7zpo_M	0.0867579908675799
7zq8_B	0.05860805860805861
7zqi_B	0.5607476635514018
7zr1_A	0.38823529411764707
7zrn_A	0.10299003322259136
7zsb_4	0.4117647058823529
7zsk_A	0.2980392156862745
7zsq_C	0.376865671641791
7ztn_B	0.43558282208588955
7zty_A	0.34492753623188405
7zu0_D	0.22941176470588234
7zu9_A	0.3379174852652259
7zus_CCC	0.045098039215686274
7zv6_B	0.21666666666666667
7zv9_L	0.39767441860465114
7zvh_A	0.14035087719298245
7zvo_A	0.7099236641221374
7zvs_A	0.36666666666666664
7zvw_A	0.2823529411764706
7zvw_G	0.22274881516587677
7zvy_A	0.7053571428571429
7zw1_A	0.20189274447949526
7zw6_A	0.19411764705882353
7zxg_A	0.13774104683195593
7zy9_A	0.5478547854785478
7zyb_A	0.6071428571428571
7zyj_g	0.05652173913043478
7zzi_B	0.32548179871520344
7zzk_B	0.20245398773006135
8a06_E	0.09523809523809523
8a0c_A	0.3509803921568627
8a0h_A	0.1882716049382716
8a0j_A	0.03587443946188341
8a0n_B	0.3443396226415094
8a14_A	0.1414141414141414
8a1c_A	0.18604651162790697
8a1h_A	0.11764705882352941
8a1l_A	0.4152542372881356
8a1u_A	0.13169642857142858
8a1y_F	0.375
8a22_AN	0.430952380952381
8a22_Aa	0.10130718954248366
8a22_Ab	0.042483660130718956
8a22_Ad	0.12435233160621761
8a22_Ae	0.05371900826446281
8a22_Ah	0.08602150537634409
8a22_Ai	0.1322314049586777
8a22_Ak	0.1144578313253012
8a22_Bf	0.5042016806722689
8a22_Bh	0.0748663101604278
8a22_Bk	0.5431034482758621
8a22_Xd	0.43341404358353514
8a22_Xe	0.28778467908902694
8a26_A	0.4982698961937716
8a28_A	0.5078534031413613
8a2c_A	0.5708955223880597
8a2n_A	0.4782608695652174
8a39_AP1	0.31475409836065577
8a3k_UNK	0.1889763779527559
8a3n_B	0.45454545454545453
8a3t_A	0.4429223744292237
8a42_A	0.2823529411764706
8a43_B	0.03137254901960784
8a47_C	0.050505050505050504
8a53_C	0.4524590163934426
8a5a_U	0.15490196078431373
8a5c_A	0.20675105485232068
8a5o_W	0.2505800464037123
8a5q_U	0.20980392156862746
8a5q_W	0.24018475750577367
8a5v_E	0.2677595628415301
8a5z_B	0.4271186440677966
8a61_Q	0.0784313725490196
8a64_A	0.3941176470588235
8a6m_A	0.32298136645962733
8a6t_A	0.13529411764705881
8a6t_B	0.24313725490196078
8a74_B	0.10658307210031348
8a7e_C	0.29215686274509806
8a8e_R	0.423841059602649
8a8k_A	0.3659305993690852
8a8o_A	0.3
8aa0_E	0.3702213279678068
8aa2_G	0.27586206896551724
8aaj_A	0.26330532212885155
8aan_A	0.2807017543859649
8ab0_G	0.04145077720207254
8ab9_B	0.2860696517412935
8abs_A	0.13705583756345177
8abv_A	0.3975409836065574
8aca_C	0.55
8acr_A	0.4609053497942387
8ad2_H	0.3151515151515151
8ad9_B	0.12582781456953643
8adb_A	0.215311004784689
8adg_A	0.32745098039215687
8adk_A	0.13725490196078433
8adl_C	0.3980392156862745
8adl_F	0.5080385852090032
8adl_U	0.08235294117647059
8adn_A	0.06666666666666667
8adn_B	0.07456140350877193
8adn_C	0.0502283105022831
8adn_E	0.06222222222222222
8adn_G	0.0944206008583691
8adn_I	0.1625615763546798
8adn_J	0.10362694300518134
8ae6_W	0.15294117647058825
8aei_A	0.2236842105263158
8af1_A	0.03910614525139665
8afp_A	0.6650485436893204
8ag5_C	0.054380664652567974
8ag6_A	0.06274509803921569
8ag6_B	0.10784313725490197
8ag9_A	0.5074626865671642
8age_E	0.319634703196347
8agg_A	0.21881390593047034
8ags_AAA	0.6040268456375839
8agv_e	0.3607843137254902
8agy_A	0.3236994219653179
8ah3_A	0.4746666666666667
8ahq_A	0.4495798319327731
8ahx_C	0.28991596638655465
8ahx_E	0.08450704225352113
8ahx_H	0.5070422535211268
8ai2_B	0.4953560371517028
8aic_A	0.045454545454545456
8aif_B	0.39166666666666666
8aj8_A	0.19607843137254902
8aj8_B	0.18235294117647058
8aji_A	0.27298850574712646
8ajk_B	0.3288590604026846
8ajo_B	0.43037974683544306
8ajp_A	0.49748743718592964
8ajq_A	0.1893939393939394
8ajx_A	0.3
8ak3_A	0.41496598639455784
8ak4_A	0.12549019607843137
8ako_B	0.13414634146341464
8akp_A	0.5
8alo_B	0.06756756756756757
8aly_T	0.06563706563706563
8alz_A	0.1821705426356589
8alz_B	0.32941176470588235
8am6_AAA	0.2627450980392157
8amp_A	0.4153846153846154
8amw_D	0.07421875
8an0_A	0.2624113475177305
8an4_A	0.27692307692307694
8any_A6	0.581081081081081
8any_e	0.18487394957983194
8aol_A	0.22794117647058823
8aom_A	0.5416666666666666
8ap0_AAA	0.22590361445783133
8apd_A1	0.20392156862745098
8apd_g	0.3246268656716418
8apn_Bw	0.28653295128939826
8apo_At	0.16996047430830039
8apq_A	0.2857142857142857
8ar6_B	0.05232558139534884
8arn_A	0.33398821218074654
8art_B	0.4020356234096692
8asa_B	0.2730496453900709
8asi_B	0.12240184757505773
8asv_B	0.3803921568627451
8asv_E	0.40086206896551724
8asv_J	0.20396600566572237
8asw_A	0.3862745098039216
8asw_C	0.35294117647058826
8ath_A	0.10119047619047619
8att_B	0.3176470588235294
8au1_A	0.11176470588235295
8au6_A	0.3185483870967742
8auc_B	0.17038539553752535
8aur_A	0.10300429184549356
8avg_B	0.396078431372549
8avi_A	0.49056603773584906
8aw0_A	0.30625
8axg_AAA	0.27647058823529413
8axn_z	0.34782608695652173
8axp_A	0.31413612565445026
8ay2_A	0.1075
8ayd_AA	0.4492753623188406
8ayl_I	0.25133689839572193
8ayr_A	0.47058823529411764
8ayv_A	0.44
8b08_A	0.5092936802973977
8b0g_D	0.0803921568627451
8b0i_D	0.31560283687943264
8b0l_A	0.41568627450980394
8b0q_A	0.4100418410041841
8b0r_A	0.20362903225806453
8b0u_C	0.3026315789473684
8b14_B	0.045098039215686274
8b1r_B	0.1803921568627451
8b28_A	0.28700906344410876
8b2a_BBB	0.5336134453781513
8b2h_A	0.2517482517482518
8b2m_A	0.4166666666666667
8b2s_A	0.10833333333333334
8b2x_M	0.1
8b37_B	0.07254901960784314
8b38_A	0.05925925925925926
8b38_B	0.2109704641350211
8b38_C	0.1223021582733813
8b3b_G	0.02203856749311295
8b3e_A	0.14395886889460155
8b3s_A	0.09166666666666666
8b3w_A	0.05099150141643059
8b41_B	0.26666666666666666
8b4l_C	0.09967845659163987
8b4u_A	0.6356877323420075
8b4z_B	0.03137254901960784
8b55_A	0.39378238341968913
8b57_A	0.36082474226804123
8b61_B	0.1
8b6a_B	0.09659090909090909
8b6f_AO	0.11616161616161616
8b6f_BE	0.07738095238095238
8b6f_BI	0.08053691275167785
8b6g_CB	0.17192982456140352
8b6g_CE	0.5545171339563862
8b6h_DW	0.10631229235880399
8b6j_A	0.27800829875518673
8b6l_P	0.36470588235294116
8b6u_A	0.08316008316008316
8b74_A	0.13023255813953488
8b75_A	0.391025641025641
8b7d_A	0.42857142857142855
8b7f_A	0.21467391304347827
8b7s_A	0.2423580786026201
8b9c_5	0.20784313725490197
8b9c_B	0.27647058823529413
8b9s_A	0.6061776061776062
8b9y_C	0.3939393939393939
8ba3_A	0.397212543554007
8bad_B	0.13105413105413105
8bal_F	0.42528735632183906
8bao_A	0.36684782608695654
8bat_A	0.0730593607305936
8bax_A	0.49466192170818507
8bb6_A	0.2542016806722689
8bbl_A	0.3137254901960784
8bbr_A	0.021604938271604937
8bby_B	0.23557692307692307
8bcq_B	0.11330049261083744
8bd1_A	0.07086614173228346
8bd5_E	0.4576923076923077
8bd7_I	0.44901960784313727
8bd7_S	0.34705882352941175
8bda_E	0.3862745098039216
8bda_G	0.43333333333333335
8bda_I	0.4627450980392157
8bdc_A	0.21764705882352942
8bdd_A	0.23921568627450981
8bdw_H	0.5773195876288659
8beg_A	0.22156862745098038
8bf3_B	0.5977011494252874
8bfi_A	0.18823529411764706
8bfl_W	0.1
8bft_A	0.2118380062305296
8bfy_A	0.38676844783715014
8bgj_A	0.15763546798029557
8bgm_C	0.1297709923664122
8bgo_C	0.41697416974169743
8bgw_A	0.13137254901960785
8bh1_A	0.10632183908045977
8bh1_B	0.23333333333333334
8bh9_A	0.21764705882352942
8bhv_F	0.22745098039215686
8bic_B	0.48606811145510836
8bit_A	0.4411764705882353
8bj4_C	0.3691460055096419
8bjd_A	0.27884615384615385
8bjh_B	0.053784860557768925
8bjq_A	0.48205128205128206
8bkd_E	0.5267857142857143
8bke_AAA	0.5350467289719626
8bl3_A	0.3191489361702128
8bl4_J	0.0673854447439353
8blu_B	0.30256410256410254
8blw_A	0.44313725490196076
8blw_B	0.3941176470588235
8bmw_F	0.15481171548117154
8bmw_H	0.13818181818181818
8bmw_J	0.12222222222222222
8bmw_L	0.15920398009950248
8bmw_M	0.09863945578231292
8bmw_N	0.13545816733067728
8bmx_C	0.4196078431372549
8bn0_A	0.48830409356725146
8bn7_BBB	0.5508982035928144
8bns_A	0.24942263279445728
8bo9_A	0.16091954022988506
8bob_A	0.4256410256410256
8bob_C	0.3300970873786408
8bou_A	0.24313725490196078
8boz_G	0.19607843137254902
8boz_J	0.11574074074074074
8bp1_A	0.5367965367965368
8bp6_B	0.3621621621621622
8bpd_A	0.40540540540540543
8bpo_s2	0.34430379746835443
8bpt_A	0.15827338129496402
8bpx_M	0.18218623481781376
8bpx_O	0.10569105691056911
8bpz_A	0.15838509316770186
8bql_B	0.06542056074766354
8bqs_A3	0.4948453608247423
8bqs_A4	0.24115755627009647
8bqs_A8	0.3824884792626728
8bqs_B	0.2717391304347826
8bqs_DP	0.13793103448275862
8bqs_DR	0.02880658436213992
8bqx_x	0.26430517711171664
8br8_Ld	0.308411214953271
8br8_SI	0.1676300578034682
8brf_AAA	0.2413793103448276
8brj_A	0.25688073394495414
8brm_SH	0.2826086956521739
8brn_B	0.48130841121495327
8brp_A	0.10491803278688525
8bry_A	0.3015463917525773
8bs9_A	0.16049382716049382
8bsc_A	0.4792332268370607
8bsh_A	0.34705882352941175
8bsh_C	0.3588235294117647
8bsj_SX	0.2336448598130841
8bt9_B	0.21739130434782608
8btd_LC	0.06031746031746032
8btd_Le	0.26
8btd_SD	0.07792207792207792
8btk_TD	0.29333333333333333
8btl_A	0.12994350282485875
8btn_A	0.37572254335260113
8bux_A	0.10726643598615918
8bv0_B	0.25728155339805825
8bv8_A	0.36036036036036034
8bva_A	0.2676470588235294
8bvf_B	0.3573200992555831
8bvt_A	0.26968503937007876
8bx8_E	0.3784313725490196
8bx8_N	0.15789473684210525
8bx8_O	0.2
8bx8_P	0.41284403669724773
8bxb_E	0.0705521472392638
8bxr_A	0.6577181208053692
8by2_A	0.23333333333333334
8by5_A	0.030303030303030304
8by6_B	0.42105263157894735
8byk_A	0.37986270022883295
8byl_B	0.6445783132530121
8byp_N	0.07058823529411765
8byp_X	0.09019607843137255
8bys_A	0.34365325077399383
8bz2_A	0.1927710843373494
8c0j_A	0.605
8c0v_A	0.3392156862745098
8c0z_E	0.35141509433962265
8c1c_H	0.528169014084507
8c3m_A	0.4479768786127168
8c3y_A	0.058823529411764705
8c4i_C	0.4369369369369369
8c5v_A	0.30434782608695654
8c5w_A	0.1588235294117647
8c6g_A	0.112
8c6i_A	0.3411764705882353
8c6j_F	0.06557377049180328
8c79_A	0.29916317991631797
8c7f_A	0.36470588235294116
8c81_B	0.2549019607843137
8c81_C	0.30196078431372547
8c81_E	0.058823529411764705
8c8g_A	0.09411764705882353
8c8g_B	0.07058823529411765
8c9i_A	0.1111111111111111
8c9v_A	0.6631016042780749
8ca1_A	0.2372549019607843
8ca9_A	0.054901960784313725
8cad_E	0.07058823529411765
8can_A	0.054901960784313725
8cav_A	0.296078431372549
8cb2_DDD	0.15966386554621848
8cba_A	0.06153846153846154
8cco_A	0.2956989247311828
8ccq_E	0.15294117647058825
8ccy_A	0.29411764705882354
8cda_O	0.23173803526448364
8cdd_A	0.025490196078431372
8ce8_C	0.0912863070539419
8ce8_E	0.26582278481012656
8ce8_a	0.4482758620689655
8cee_C	0.20980392156862746
8cek_D	0.289532293986637
8cen_6	0.4960835509138381
8cen_A	0.0784313725490196
8cen_e	0.078125
8cg4_A	0.08235294117647059
8cgd_f	0.14935064935064934
8cgl_D	0.34705882352941175
8cgq_A	0.4737991266375546
8cgx_A	0.10810810810810811
8ch4_D	0.5027322404371585
8ch6_U	0.2677966101694915
8ch6_V	0.3649122807017544
8ch9_B	0.1791044776119403
8cid_A	0.3546511627906977
8cie_A	0.3107142857142857
8cil_A	0.17534246575342466
8cio_A	0.27672955974842767
8ciw_A	0.22549019607843138
8cja_B	0.10784313725490197
8cjf_B	0.18627450980392157
8cjh_A	0.307843137254902
8cjz_A	0.3953488372093023
8cjz_G	0.1286549707602339
8cjz_h	0.3333333333333333
8ck0_A	0.03347280334728033
8ck1_A	0.12941176470588237
8ck1_B	0.3492063492063492
8ck1_E	0.21844660194174756
8cka_A	0.4870259481037924
8ckb_A031	0.10510510510510511
8ckb_E082	0.13320079522862824
8ckb_H004	0.12549019607843137
8ckb_M008	0.10084033613445378
8ckb_O008	0.2925531914893617
8ckb_RP3011	0.11504424778761062
8cko_A	0.33739837398373984
8ckp_C	0.5737704918032787
8cli_A	0.16862745098039217
8cll_B	0.34509803921568627
8cll_C	0.3431372549019608
8cls_B	0.3941176470588235
8cmr_A	0.058091286307053944
8cmx_A	0.38509316770186336
8cp4_D	0.40229885057471265
8cp5_A	0.24901960784313726
8cp7_A	0.4129032258064516
8cpk_A	0.5520833333333334
8cpn_A	0.1069182389937107
8cq3_A	0.40616966580976865
8cqm_B	0.09130434782608696
8cr6_B	0.12804878048780488
8crj_A	0.16716417910447762
8crv_A	0.33653846153846156
8crx_e	0.10952380952380952
8crx_l	0.15441176470588236
8csd_A	0.2947103274559194
8csp_5	0.29780564263322884
8csq_a	0.39923954372623577
8csu_7	0.3526570048309179
8csz_D	0.1882591093117409
8ct0_H	0.3707865168539326
8ct8_A	0.25806451612903225
8cv1_A	0.27647058823529413
8cvc_A	0.1926605504587156
8cvm_q	0.4411764705882353
8cvm_u	0.2346368715083799
8cwm_3	0.0313588850174216
8cwy_A	0.1352549889135255
8cx1_A	0.34120734908136485
8cx6_A	0.0375
8cxa_A	0.6852589641434262
8cxj_H	0.5660377358490566
8cxk_A	0.05371900826446281
8cxl_A	0.13983050847457626
8cxp_B	0.15966386554621848
8cxp_C	0.20522388059701493
8cyk_A	0.19083969465648856
8cz8_A	0.5173913043478261
8d00_A	0.5785953177257525
8d0b_D	0.081145584725537
8d1b_A	0.0888030888030888
8d1t_A	0.1484848484848485
8d27_A	0.4412811387900356
8d2n_A	0.047058823529411764
8d2s_A	0.33052631578947367
8d2u_B	0.4925373134328358
8d2u_C	0.4827586206896552
8d2z_A	0.4934640522875817
8d3d_F	0.10588235294117647
8d3p_B	0.09826589595375723
8d3z_A	0.37092731829573933
8d40_B	0.6112412177985949
8d4i_A	0.36363636363636365
8d6m_A	0.08627450980392157
8d74_D	0.13218390804597702
8d7e_C	0.5319148936170213
8d7f_A	0.03314917127071823
8d7h_A	0.4752475247524752
8d7i_A	0.3761467889908257
8d7i_B	0.1111111111111111
8d82_E	0.5313725490196078
8d8i_A	0.06467661691542288
8d8j_0	0.29817444219066935
8d8p_A	0.14047619047619048
8d8y_A	0.5470383275261324
8d97_A	0.08235294117647059
8da2_A	0.1838006230529595
8daj_A	0.45364238410596025
8dau_G	0.06736842105263158
8dax_A	0.3467741935483871
8day_A	0.05025125628140704
8dbf_A	0.5253164556962026
8dc1_A	0.24269005847953215
8dcl_A	0.518918918918919
8dcm_C	0.19019607843137254
8dcn_C	0.11570247933884298
8dd7_B	0.12352941176470589
8ddp_A	0.1624548736462094
8ddx_D	0.22745098039215686
8dek_B	0.31065759637188206
8deo_A	0.14096916299559473
8des_A	0.029473684210526315
8dew_A	0.2019607843137255
8dez_A	0.2254335260115607
8dfs_C	0.1258741258741259
8dfs_I	0.056862745098039215
8dfv_A	0.4
8dfw_B	0.5136363636363637
8dgc_E	0.3764705882352941
8dgf_A	0.3176470588235294
8dgt_A	0.35730858468677495
8dh7_A	0.1627450980392157
8dh8_A	0.492156862745098
8dhi_A	0.2719665271966527
8dhl_B	0.46862745098039216
8di1_A	0.4772727272727273
8dit_A	0.19019607843137254
8dit_B	0.23333333333333334
8dit_C	0.307843137254902
8dj2_A	0.496551724137931
8djk_B	0.1708185053380783
8dkr_B	0.23790322580645162
8dkw_P	0.3562874251497006
8dl1_A	0.43529411764705883
8dl5_B	0.42401960784313725
8dla_H	0.4236453201970443
8dmb_P	0.3018292682926829
8dme_A	0.20392156862745098
8dmr_A	0.17962466487935658
8dmt_A	0.1557377049180328
8dn8_A	0.5037974683544304
8dna_A	0.18181818181818182
8do6_H	0.10091743119266056
8do8_B	0.07291666666666667
8dol_A	0.17058823529411765
8dp2_A	0.4551569506726457
8dp6_A	0.4794007490636704
8dpa_A	0.3333333333333333
8dqa_A	0.39
8dqb_A	0.3891891891891892
8dqd_A	0.6
8dqk_A	0.2549019607843137
8dqn_C	0.35309278350515466
8dqo_B	0.18993135011441648
8dr0_D	0.41569767441860467
8dr5_A	0.38235294117647056
8ds6_B	0.22686567164179106
8dsw_A	0.36482084690553745
8dt6_C	0.23097112860892388
8du5_A	0.3879781420765027
8dv0_A	0.4427083333333333
8dvh_A	0.29591836734693877
8dvq_A	0.6818181818181818
8dwq_A	0.09580838323353294
8dws_A	0.23229461756373937
8dy9_B	0.109717868338558
8dy9_I	0.30033003300330036
8dys_A	0.4743276283618582
8dzg_A	0.25
8dzv_A	0.5787234042553191
8e05_A	0.6019607843137255
8e0c_A	0.4540540540540541
8e0p_B	0.3509803921568627
8e16_B	0.2536764705882353
8e1s_A	0.29819277108433734
8e29_A	0.09411764705882353
8e2q_B	0.45
8e2w_A	0.3254901960784314
8e4g_P	0.21176470588235294
8e4t_A	0.39925373134328357
8e50_A	0.24705882352941178
8e5a_C	0.2962962962962963
8e5d_A	0.15441176470588236
8e5h_A	0.5434782608695652
8e5t_6	0.27450980392156865
8e73_2M	0.125
8e7f_A	0.296078431372549
8e7t_A	0.0392156862745098
8e8u_C	0.24537037037037038
8e96_D	0.40784313725490196
8e9g_C	0.2318181818181818
8e9g_E	0.34763948497854075
8e9h_G	0.27058823529411763
8e9h_L	0.1607843137254902
8e9h_N	0.1607843137254902
8e9i_D	0.0343980343980344
8e9i_M	0.1784313725490196
8ea2_A	0.5299684542586751
8ear_A	0.1803921568627451
8eau_a	0.10980392156862745
8eav_B	0.006289308176100629
8eaw_a	0.09407665505226481
8eb4_A	0.21362229102167182
8eb9_A	0.20224719101123595
8ebb_B	0.12352941176470589
8ebf_A	0.3803921568627451
8ebg_B	0.4117647058823529
8ec0_B	0.2528409090909091
8ec3_A	0.18064516129032257
8eck_A	0.14603174603174604
8ecm_D	0.34515366430260047
8ecn_B	0.13636363636363635
8eco_B	0.16776315789473684
8ecp_A	0.5757575757575758
8ecy_Q	0.07008086253369272
8ed4_F	0.12121212121212122
8edu_A	0.13793103448275862
8ee2_G	0.060240963855421686
8ee7_A	0.2412280701754386
8ee7_C	0.1581196581196581
8eed_L	0.5128205128205128
8eeg_B	0.24772727272727274
8eey_E	0.21929824561403508
8eff_C	0.2411764705882353
8efg_A	0.4610169491525424
8efn_A	0.04
8efx_A	0.138996138996139
8eg0_A	0.5173913043478261
8egk_A	0.3464788732394366
8egr_A	0.45294117647058824
8egs_Y	0.09411764705882353
8egx_A	0.505938242280285
8egx_B	0.5105882352941177
8eh2_A	0.6307692307692307
8ehb_A	0.17647058823529413
8eho_E	0.1927710843373494
8eht_C	0.1511627906976744
8eii_B	0.3120728929384966
8ein_B	0.34594594594594597
8eis_B	0.11986301369863013
8eiz_A	0.1746031746031746
8ej5_A	0.15536105032822758
8el1_D	0.3299798792756539
8eld_A	0.20489296636085627
8elf_B	0.3307291666666667
8em2_A	0.2549800796812749
8em5_A	0.41304347826086957
8ema_A	0.42745098039215684
8emh_B	0.21372549019607842
8end_B	0.16981132075471697
8eno_E	0.07258064516129033
8env_C	0.10119047619047619
8env_i	0.21342925659472423
8env_j	0.266
8eo5_A	0.31851851851851853
8eoa_C	0.024242424242424242
8eoi_H	0.12953367875647667
8eok_A	0.1299638989169675
8eon_E	0.21254355400696864
8eon_I	0.3026315789473684
8eos_G	0.31451612903225806
8ep2_X	0.011764705882352941
8ep9_1	0.03137254901960784
8epx_D	0.18181818181818182
8eqm_o	0.17032967032967034
8er5_A	0.4365079365079365
8erw_A	0.12307692307692308
8es4_A	0.14565217391304347
8es4_E	0.17450980392156862
8es8_A	0.42412451361867703
8esf_B	0.36065573770491804
8esl_A	0.11650485436893204
8esq_K	0.23107569721115537
8esv_A	0.226457399103139
8esv_B	0.20392156862745098
8esz_5	0.10784313725490197
8esz_AL	0.296195652173913
8et6_A	0.23137254901960785
8etc_P	0.21301775147928995
8eti_W	0.06936416184971098
8etk_A	0.09657320872274143
8etw_R	0.2579185520361991
8ev4_A	0.3739130434782609
8evk_A	0.13043478260869565
8evv_A	0.3698224852071006
8evy_A	0.40063091482649843
8ew8_A	0.0502092050209205
8ew9_A	0.06224066390041494
8ewi_A	0.15098039215686274
8ewo_A	0.4671814671814672
8ewu_B	0.53954802259887
8exd_A	0.26862745098039215
8ezj_A	0.3352941176470588
8ezl_H	0.5826771653543307
8f1b_D	0.30612244897959184
8f1e_A	0.3588235294117647
8f2e_A	0.19572953736654805
8f2h_B	0.10432569974554708
8f3d_F	0.34901960784313724
8f3h_A	0.24509803921568626
8f5d_A	0.36470588235294116
8f5f_A	0.35276073619631904
8f5g_C	0.2857142857142857
8f5o_C	0.39215686274509803
8f6b_F	0.16346153846153846
8f6d_D	0.4930555555555556
8f6t_A	0.1261682242990654
8f70_A	0.20784313725490197
8f71_B	0.5306122448979592
8f72_B	0.11568627450980393
8f76_A	0.13245033112582782
8f7n_A	0.11263736263736264
8f9x_A	0.3391304347826087
8f9y_A	0.20454545454545456
8fao_F	0.11515151515151516
8fbc_A	0.15012722646310434
8fbd_B	0.07802874743326489
8fbe_A	0.14583333333333334
8fbf_A	0.10392156862745099
8fbj_A	0.20195439739413681
8fbn_A	0.37168141592920356
8fbo_A	0.24803149606299213
8fcv_P	0.13149847094801223
8fcx_R	0.33527696793002915
8fd3_A	0.1320754716981132
8fd3_H	0.1342281879194631
8fd3_I	0.09109311740890688
8fdg_A	0.33725490196078434
8fdt_B	0.5031645569620253
8fed_J	0.11026615969581749
8fed_K	0.23404255319148937
8fef_I	0.1225296442687747
8feh_D	0.08955223880597014
8fek_A	0.24754901960784315
8fem_A	0.6238532110091743
8ffd_G	0.3782051282051282
8ffu_A	0.46111111111111114
8ffz_E	0.40980392156862744
8ffz_G	0.30654761904761907
8fg2_A	0.0883054892601432
8fgw_C	0.43333333333333335
8fhb_A	0.25
8fhc_B	0.30697674418604654
8fhj_C	0.36666666666666664
8fhk_C	0.27058823529411763
8fia_A	0.37058823529411766
8fie_A	0.1507177033492823
8fih_A	0.29523809523809524
8fin_A	0.25287356321839083
8fip_A	0.5798816568047337
8fit_A	0.30131004366812225
8fjd_A	0.5570469798657718
8fjf_A	0.16535433070866143
8fjk_B	0.050980392156862744
8fjm_A	0.4581673306772908
8fjs_H	0.48484848484848486
8fkm_A	0.07936507936507936
8fkp_LG	0.12280701754385964
8fkq_NN	0.08196721311475409
8fkr_SL	0.053497942386831275
8fkr_SO	0.0749185667752443
8fkt_NB	0.24289405684754523
8fkv_NQ	0.4567901234567901
8fkw_NI	0.37058823529411766
8fkw_SU	0.2901960784313726
8fky_BC	0.5088757396449705
8fky_NA	0.28512396694214875
8fky_SP	0.473551637279597
8fky_SY	0.4576719576719577
8fl0_ND	0.08148148148148149
8fl4_NY	0.4666666666666667
8fli_B	0.09606986899563319
8flx_A	0.16374269005847952
8fma_K	0.05246913580246913
8fmw_AT	0.30097087378640774
8fmw_AU	0.34782608695652173
8fmw_AV	0.35714285714285715
8fmw_F	0.5567010309278351
8fmw_H	0.17424242424242425
8fmw_I	0.3282442748091603
8fmw_Q	0.3170731707317073
8fn2_F	0.0861244019138756
8fn4_3	0.4708333333333333
8fn4_4	0.32745098039215687
8fn6_1	0.06534090909090909
8fn6_2	0.09579439252336448
8fn9_A	0.0365296803652968
8fn9_F	0.7475728155339806
8fnc_10	0.34134615384615385
8fnc_5	0.1111111111111111
8fnc_8	0.503921568627451
8fni_11	0.35490196078431374
8fni_14	0.3333333333333333
8fni_6	0.543046357615894
8fnk_9	0.3843137254901961
8fnu_B	0.20980392156862746
8fny_A	0.2454728370221328
8fo9_F	0.5686274509803921
8fok_1	0.1627450980392157
8foy_D	0.15
8fqc_C1	0.3098159509202454
8fqc_a1	0.24427480916030533
8fqc_e1	0.23857868020304568
8fqc_h1	0.19592875318066158
8fr7_A	0.0392156862745098
8fr8_I	0.26666666666666666
8frl_G	0.14201183431952663
8frs_C	0.13564668769716087
8frs_f	0.1943127962085308
8fru_B	0.06349206349206349
8fs6_G	0.04697986577181208
8ftw_A	0.18674698795180722
8ftx_A	0.18691588785046728
8fty_B	0.2885375494071146
8fun_D	0.43783783783783786
8fuv_D	0.2916666666666667
8fux_A	0.3198757763975155
8fv3_C	0.35738831615120276
8fvh_A	0.13821138211382114
8fvh_M	0.18681318681318682
8fvu_A	0.13137254901960785
8fvz_A	0.3187066974595843
8fw5_A	0.21764705882352942
8fw5_D	0.47840531561461797
8fw5_G	0.1
8fwe_AP	0.424
8fwg_h1	0.03678929765886288
8fwj_L	0.45098039215686275
8fwm_3	0.3782608695652174
8fx3_B	0.3721973094170404
8fx7_B	0.2901960784313726
8fx9_A	0.3411764705882353
8fxh_A	0.0803921568627451
8fxq_B	0.22188449848024316
8fxr_AA	0.11023622047244094
8fxu_A	0.6548387096774193
8fyc_C	0.11935483870967742
8fyc_K	0.4329268292682927
8fyg_A	0.28823529411764703
8fzb_A	0.46226415094339623
8fzr_A	0.10934393638170974
8fzz_B	0.061224489795918366
8g0h_D	0.07157894736842105
8g0n_A	0.6115702479338843
8g1e_A	0.24705882352941178
8g1h_A	0.5038759689922481
8g1n_A	0.18134715025906736
8g1r_C	0.10574018126888217
8g1r_E	0.19424460431654678
8g1y_A	0.26814516129032256
8g2z_1N	0.10151187904967603
8g3d_3D	0.5569620253164557
8g3g_A	0.32222222222222224
8g4c_B	0.4314516129032258
8g4l_bm	0.6705882352941176
8g4s_M	0.1262135922330097
8g4s_Q	0.2911392405063291
8g52_A	0.44802867383512546
8g5s_B	0.4986072423398329
8g5t_A	0.4095634095634096
8g64_A	0.5443786982248521
8g6e_H	0.07317073170731707
8g6f_F	0.14225941422594143
8g6f_G	0.09716599190283401
8g7v_B	0.2696629213483146
8g84_A	0.5656565656565656
8g8i_A	0.03655913978494624
8g8v_A	0.20866141732283464
8g96_A	0.39408866995073893
8g9m_A	0.6744186046511628
8gap_H	0.2864583333333333
8gbe_A	0.04390243902439024
8gdl_A	0.11830985915492957
8ges_A	0.492156862745098
8gex_A	0.26520681265206814
8ghh_A	0.391304347826087
8ght_A	0.09210526315789473
8gi2_A	0.3877551020408163
8gic_A	0.4872448979591837
8giu_1	0.09956709956709957
8gja_F	0.4269005847953216
8gjg_A	0.2037037037037037
8gju_F	0.3433734939759036
8gjy_A	0.18313953488372092
8gk3_A	0.1226215644820296
8gk6_B	0.2230769230769231
8gl6_D	0.6842105263157895
8glb_D	0.034759358288770054
8glj_D	0.6266666666666667
8glk_D	0.6133333333333333
8glk_F	0.3460490463215259
8glv_6F	0.1548223350253807
8glv_7X	0.1187214611872146
8glv_AE	0.06862745098039216
8glv_AF	0.38823529411764707
8glv_AG	0.2823529411764706
8glv_AH	0.6923076923076923
8glv_AS	0.20833333333333334
8glv_CP	0.03418803418803419
8glv_Cq	0.44313725490196076
8glv_D9	0.2815126050420168
8glv_DO	0.46794871794871795
8glv_Do	0.5098039215686274
8glv_Dp	0.36470588235294116
8glv_Eb	0.45098039215686275
8glv_Ez	0.6948717948717948
8glv_Gy	0.05053191489361702
8glv_HB	0.5116279069767442
8glv_HX	0.3
8glv_Hi	0.07728337236533958
8glv_JZ	0.2774327122153209
8glv_Kb	0.5602605863192183
8glv_LO	0.5411764705882353
8glv_LY	0.42745098039215684
8glv_LZ	0.307843137254902
8glv_Me	0.09411764705882353
8gmo_0	0.14193548387096774
8gmo_a	0.09879518072289156
8gol_B	0.4704225352112676
8gps_A	0.32456140350877194
8gpv_A	0.32941176470588235
8gq4_A	0.04100946372239748
8gqe_B	0.4740932642487047
8gqq_A	0.2222222222222222
8gqz_A	0.049886621315192746
8gr2_A	0.5545023696682464
8gr7_A	0.0705521472392638
8grf_C	0.06451612903225806
8gs1_A	0.0297029702970297
8gs1_D	0.22321428571428573
8gs5_H	0.3025936599423631
8gsm_H	0.3401360544217687
8gsu_B	0.14935064935064934
8gta_A	0.17537313432835822
8gtj_A	0.06596306068601583
8gtu_A	0.5211864406779662
8gty_A	0.3008474576271186
8gug_A	0.10897435897435898
8gul_A	0.3879310344827586
8gun_A	0.08433734939759036
8gvl_B	0.1875
8gw3_A	0.3511705685618729
8gwh_A	0.19661016949152543
8gxj_D	0.4708994708994709
8gxq_p	0.2803921568627451
8gxv_A	0.036827195467422094
8gy0_A	0.054140127388535034
8gy2_A	0.4196078431372549
8gy2_B	0.2702078521939954
8gy2_C	0.06481481481481481
8gy9_A	0.4497991967871486
8gyg_B	0.5573770491803278
8gym_A2	0.22448979591836735
8gym_A9	0.5882352941176471
8gym_M1	0.13583815028901733
8gym_M2	0.16352201257861634
8gym_N2	0.1111111111111111
8gym_N4	0.15247524752475247
8gym_S2	0.06334841628959276
8gyr_B	0.5956284153005464
8gyw_A	0.11315789473684211
8gz0_B	0.48125
8gz3_H	0.03271028037383177
8gzu_46	0.3989501312335958
8gzu_81	0.09803921568627451
8h0l_A	0.14473684210526316
8h0m_A	0.33163265306122447
8h1i_A	0.232
8h1l_B	0.3640661938534279
8h1q_A	0.4517766497461929
8h24_A	0.7055016181229773
8h2b_D	0.44324324324324327
8h2h_D	0.10196078431372549
8h2i_aM	0.1628440366972477
8h2i_bB	0.11764705882352941
8h2i_bC	0.22474226804123712
8h2i_bG	0.22817460317460317
8h2i_cR	0.16791979949874686
8h2i_dp	0.2144638403990025
8h2m_A	0.09803921568627451
8h3u_A	0.44509803921568625
8h3x_C	0.28291316526610644
8h41_B	0.45098039215686275
8h4a_B	0.5335365853658537
8h4p_A	0.08588957055214724
8h4v_A	0.14189189189189189
8h56_A	0.19480519480519481
8h58_F	0.5756097560975609
8h5s_A	0.41700404858299595
8h6h_A	0.16666666666666666
8h6s_A	0.2549019607843137
8h6u_A	0.05029585798816568
8h79_A	0.19491525423728814
8h7q_A	0.04950495049504951
8h7q_C	0.06688963210702341
8h8p_B	0.39436619718309857
8h92_B	0.03980099502487562
8h94_A	0.2647058823529412
8h94_B	0.37057220708446864
8h97_A	0.396078431372549
8hap_A	0.27467811158798283
8har_A	0.5938375350140056
8hb2_B	0.2196078431372549
8hbh_B	0.21764705882352942
8hbt_A	0.23201856148491878
8hc0_A	0.14166666666666666
8hci_B	0.5168918918918919
8hcj_D	0.45958429561200925
8hcn_D	0.5075757575757576
8hd2_A	0.49044585987261147
8hdl_A	0.16475095785440613
8he1_A	0.49333333333333335
8heh_B	0.5578231292517006
8hep_B	0.14457831325301204
8hf3_A	0.04745762711864407
8hfc_B	0.04054054054054054
8hfd_A	0.3561946902654867
8hfq_m	0.2839506172839506
8hfr_CW	0.3161592505854801
8hfw_A	0.6035087719298246
8hge_B	0.11320754716981132
8hgn_A	0.31728045325779036
8hgq_A	0.5872093023255814
8hgu_A	0.6101694915254238
8hgx_A	0.2805755395683453
8hhd_A	0.5133928571428571
8hhe_B	0.08627450980392157
8hhj_A	0.1111111111111111
8hi7_A	0.11524163568773234
8hif_F3	0.047619047619047616
8hif_y3	0.05755395683453238
8hif_y4	0.035256410256410256
8hii_A	0.2931726907630522
8hil_C	0.06666666666666667
8hil_H	0.08450704225352113
8hjw_A	0.5568627450980392
8hk0_B	0.2638522427440633
8hk0_C	0.26878612716763006
8hkb_A	0.49337748344370863
8hke_A	0.1568627450980392
8hkr_B	0.4244791666666667
8hku_ARF1	0.4051724137931034
8hky_AL3P	0.0471976401179941
8hky_AL4P	0.027888446215139442
8hky_AL6P	0.07734806629834254
8hkz_S17P	0.36036036036036034
8hl4_AS5P	0.16176470588235295
8hl4_L13P	0.22857142857142856
8hl4_S10P	0.04
8hle_A	0.08421052631578947
8hlg_A	0.291970802919708
8hlk_A	0.2647058823529412
8hm5_B	0.5849056603773585
8hmd_B	0.39215686274509803
8hmf_E	0.45294117647058824
8hmg_I	0.4517241379310345
8hmm_A	0.3843137254901961
8hnc_A	0.1803921568627451
8hnk_R	0.18518518518518517
8hok_A	0.49134199134199136
8hp3_A	0.4161073825503356
8hp7_A	0.46473029045643155
8hpi_A	0.04152249134948097
8hpj_D	0.3787878787878788
8hpo_J	0.13875598086124402
8hpo_K	0.3922518159806295
8hqo_a	0.35625
8hqq_A	0.36432160804020103
8hqr_A	0.4681647940074906
8hqz_p	0.3798283261802575
8hr7_M	0.10392156862745099
8hra_C	0.2019607843137255
8hre_A	0.4235294117647059
8hs2_B	0.481651376146789
8hs2_R	0.1951219512195122
8hsi_A	0.10617283950617284
8huc_B	0.3076923076923077
8hui_C	0.6040100250626567
8huz_B	0.0875
8hv4_A	0.375
8hvi_B	0.37850467289719625
8hwa_A	0.060784313725490195
8hwi_B	0.07909604519774012
8hwn_B	0.4783950617283951
8hwo_A	0.38414634146341464
8hx8_A	0.32745098039215687
8hxc_A	0.18407960199004975
8hxn_A	0.508695652173913
8hxs_A	0.58
8hy9_A	0.050314465408805034
8hzx_D	0.4176470588235294
8hzz_A	0.4579646017699115
8i03_I	0.0918918918918919
8i07_A	0.46078431372549017
8i28_A	0.3761194029850746
8i2f_B	0.3220338983050847
8i3d_A	0.33725490196078434
8i3p_B	0.41566265060240964
8i3y_D	0.4118895966029724
8i4l_E	0.22629969418960244
8i4m_A	0.1607843137254902
8i4t_V	0.0825147347740668
8i5a_A	0.28823529411764703
8i5f_A	0.18244803695150116
8i5m_A	0.23548387096774193
8i6v_D	0.08235294117647059
8i82_B	0.34265734265734266
8i8b_C	0.026200873362445413
8i8b_D	0.06936416184971098
8i8b_E	0.07172995780590717
8i8b_J	0.2879746835443038
8i8x_F	0.2198952879581152
8i8y_A	0.4788732394366197
8i93_B	0.03529411764705882
8i98_F	0.32867132867132864
8i9i_A	0.13034188034188035
8i9p_CB	0.22676579925650558
8i9r_Cd	0.1930835734870317
8i9z_CF	0.08163265306122448
8ia0_CN	0.14227642276422764
8ia0_CW	0.38823529411764707
8ia8_A	0.18181818181818182
8iab_A	0.06274509803921569
8iah_3	0.0958904109589041
8iau_A	0.38922155688622756
8ibt_A	0.45294117647058824
8ibx_C	0.09803921568627451
8ic1_A	0.4196242171189979
8ic7_B	0.13333333333333333
8ic8_H	0.2749326145552561
8id9_A	0.3553299492385787
8idc_C	0.2576271186440678
8ide_A	0.2901960784313726
8idf_A	0.24183006535947713
8idq_A	0.4910313901345291
8idz_A	0.4235294117647059
8ie2_E	0.18627450980392157
8ieu_B	0.20833333333333334
8iew_A	0.18072289156626506
8if6_A	0.6627450980392157
8if7_A	0.4415204678362573
8if8_B	0.15490196078431373
8iff_A	0.296078431372549
8ifu_A	0.11583011583011583
8igl_A	0.041176470588235294
8ih6_C	0.13962264150943396
8ih6_I	0.2178988326848249
8ih7_B	0.33753943217665616
8ih8_B	0.6101694915254238
8ih8_D	0.49230769230769234
8ihe_A	0.37237237237237236
8iic_B	0.12470588235294118
8iis_A	0.42790697674418604
8ij8_A	0.664
8ij9_A	0.5773809523809523
8ijo_A	0.06918238993710692
8ik2_A	0.6074074074074074
8ikj_R	0.15098039215686274
8ikr_A	0.17010309278350516
8ila_A	0.4755244755244755
8ilq_A	0.07784431137724551
8ily_A	0.5
8im7_A	0.24313725490196078
8im8_A	0.30980392156862746
8imd_A	0.42028985507246375
8imk_M	0.06896551724137931
8imy_T	0.12941176470588237
8in1_B	0.39215686274509803
8inf_J	0.008968609865470852
8inh_A	0.43612334801762115
8ioz_B	0.20141342756183744
8ip8_bl	0.28604118993135014
8ip9_ha	0.5403726708074534
8ipr_A	0.29563492063492064
8ipr_C	0.33725490196078434
8ips_B	0.2647058823529412
8iqe_A	0.5137254901960784
8iqi_C	0.12352941176470589
8iqu_A	0.396078431372549
8ir2_B	0.3686868686868687
8irn_A	0.052941176470588235
8is5_A	0.46238938053097345
8itg_A	0.43507972665148065
8iue_3	0.06417112299465241
8iuf_E1	0.4888888888888889
8iuf_E3	0.3912037037037037
8iuf_Qa	0.2647058823529412
8iuj_C2	0.37755102040816324
8iuj_QB	0.21978021978021978
8ivd_A	0.13138686131386862
8ivi_A	0.4793187347931874
8ivq_A	0.2549019607843137
8iwb_D	0.189873417721519
8iwl_B	0.5374592833876222
8ixi_A	0.2727272727272727
8iyj_E	0.08389261744966443
8iyl_E	0.21372549019607842
8iyl_F	0.30275229357798167
8iyl_G	0.08620689655172414
8iys_A	0.3352112676056338
8j07_11	0.3058823529411765
8j07_5	0.7920792079207921
8j07_Z	0.07476635514018691
8j07_d0	0.4
8j07_d2	0.3980392156862745
8j07_i5	0.45098039215686275
8j07_k1	0.396078431372549
8j07_k2	0.43
8j07_k3	0.13078470824949698
8j07_o2	0.38823529411764707
8j07_s	0.23103448275862068
8j07_u7	0.7196078431372549
8j07_w	0.7936893203883495
8j0j_A	0.1220159151193634
8j12_A	0.2759433962264151
8j22_C	0.17543859649122806
8j2f_A	0.5026041666666666
8j3p_A	0.5588235294117647
8j4u_L	0.29925187032418954
8j4u_O	0.17450980392156862
8j53_E	0.2627450980392157
8j5d_A	0.43838862559241704
8j5d_D	0.12041884816753927
8j5y_A	0.14901960784313725
8j5z_A	0.10980392156862745
8j69_A	0.06222222222222222
8j6e_A	0.5104477611940299
8j80_A	0.2482758620689655
8j9h_V1	0.24801587301587302
8j9h_V2	0.3022222222222222
8j9i_A9	0.493801652892562
8j9i_N1	0.05161290322580645
8j9i_N2	0.07432432432432433
8j9i_N4	0.12343096234309624
8j9i_N5	0.14705882352941177
8j9i_S7	0.3681592039800995
8j9j_1A	0.13352272727272727
8j9j_E4	0.5584045584045584
8j9j_E7	0.11382113821138211
8j9o_A	0.13574660633484162
8j9q_A	0.1643835616438356
8j9v_A	0.060784313725490195
8ja7_C	0.3842239185750636
8ja7_E	0.33860045146726864
8jan_m	0.10588235294117647
8jan_y	0.21153846153846154
8jb1_A	0.2606837606837607
8jbc_A	0.28205128205128205
8jbd_A	0.06962025316455696
8jbf_B	0.18439716312056736
8jbq_A	0.11372549019607843
8jbr_A	0.21764705882352942
8jd6_R	0.4588235294117647
8jed_B	0.04391891891891892
8jek_A	0.16666666666666666
8jfi_A	0.657258064516129
8jh7_D	0.16705336426914152
8jhe_A	0.2578740157480315
8jhq_A	0.35201793721973096
8jhu_A	0.15490196078431373
8ji2_A	0.14166666666666666
8jiy_A	0.47685185185185186
8jj5_D	0.2440944881889764
8jjm_A	0.3037190082644628
8jjn_C	0.6411042944785276
8jkz_A	0.2980392156862745
8jma_A	0.13385826771653545
8jme_B	0.085995085995086
8jmq_A	0.52046783625731
8jmq_B	0.1695906432748538
8jmv_S	0.08024691358024691
8jmw_A	0.5450980392156862
8jn0_A	0.23595505617977527
8jnx_A	0.37058823529411766
8jou_B	0.6404494382022472
8jou_a	0.3897058823529412
8jov_A	0.1803921568627451
8jov_L	0.22058823529411764
8jov_M	0.3017241379310345
8jov_r	0.16862745098039217
8jov_t	0.22065727699530516
8joz_A	0.6070038910505836
8jpj_A	0.07058823529411765
8jpx_A	0.10784313725490197
8jqb_E	0.24048096192384769
8jqe_A	0.3952702702702703
8jtc_A	0.42710997442455245
8jtp_A	0.6105769230769231
8ju8_A	0.7050359712230215
8juk_A	0.47577092511013214
8jun_A	0.19411764705882353
8jup_A	0.3263888888888889
8jw3_A	0.03636363636363636
8jwu_C	0.19902912621359223
8jwz_A	0.16444444444444445
8jxz_A	0.1983640081799591
8jzf_c	0.2441860465116279
8k1f_C	0.6363636363636364
8k1i_B	0.4281609195402299
8k1l_B	0.1095890410958904
8k39_D	0.1
8k3b_A	0.49466192170818507
8k4r_A	0.4881422924901186
8k53_A	0.6411764705882353
8k5l_A	0.527363184079602
8k5p_M	0.17450980392156862
8k6z_A	0.1232876712328767
8k76_A	0.5564853556485355
8k7x_A	0.2803921568627451
8k80_A	0.17972350230414746
8k9n_A	0.528
8ka5_A	0.45454545454545453
8kc7_A	0.37438423645320196
8kca_A	0.4161849710982659
8kho_A	0.2229965156794425
8khq_A	0.21372549019607842
8kih_A	0.06872852233676977
8odq_D	0.44146341463414634
8odt_A	0.1956521739130435
8odz_D	0.5843137254901961
8oe0_C	0.4577319587628866
8oe4_C	0.5460750853242321
8of7_A	0.10071942446043165
8ofd_A	0.4837905236907731
8og1_A	0.33137254901960783
8ogh_A	0.4588235294117647
8oh5_C	0.3764705882352941
8oh8_BBB	0.036303630363036306
8oi4_C	0.3069053708439898
8oi9_B	0.4653179190751445
8oie_A	0.30392156862745096
8oin_Aa	0.1968503937007874
8oip_AJ	0.3761467889908257
8oiv_A	0.2901023890784983
8oj9_C	0.08431372549019608
8ok6_A	0.035326086956521736
8ok7_D	0.09418282548476455
8ok8_C	0.06865671641791045
8ok9_A	0.2372093023255814
8ok9_C	0.07203389830508475
8okh_A	0.2289156626506024
8oks_B	0.2072072072072072
8ol1_L	0.20361990950226244
8olu_N	0.1
8om2_W	0.22139303482587064
8om4_3	0.06614785992217899
8om4_4	0.09900990099009901
8om4_5	0.1134020618556701
8om4_8	0.22269807280513917
8om4_D	0.07624633431085044
8om4_I	0.22077922077922077
8om4_K	0.16556291390728478
8omr_B	0.23298429319371727
8omw_A	0.719626168224299
8on7_A	0.0392156862745098
8onf_A	0.38372093023255816
8onj_A	0.2563176895306859
8ont_A	0.08904109589041095
8onz_A	0.15064935064935064
8ooo_E	0.09843400447427293
8oou_M	0.06878306878306878
8ooy_A	0.17450980392156862
8opr_A	0.4568627450980392
8opz_A	0.2725490196078431
8oq0_A	0.3627450980392157
8oq1_A	0.5411764705882353
8oq3_A	0.5450980392156862
8oqx_A	0.4028268551236749
8ork_AAA	0.48478260869565215
8os3_A	0.6601941747572816
8osd_A	0.6213592233009708
8osg_B	0.21981424148606812
8osi_A	0.125
8otb_A	0.36470588235294116
8otx_A	0.10392156862745099
8ou1_B	0.15862068965517243
8oue_C	0.16751269035532995
8ouw_5	0.23137254901960785
8ouw_E	0.19607843137254902
8ouw_F	0.05172413793103448
8ouy_C	0.4318181818181818
8ov0_A	0.19090909090909092
8ove_Bl	0.22916666666666666
8ovn_A	0.42658730158730157
8ow4_B	0.3581081081081081
8ow8_A	0.1371571072319202
8oys_A	0.48947368421052634
8oyw_A	0.07303370786516854
8oyx_A	0.24568965517241378
8oyy_A	0.23605150214592274
8oz1_A	0.5120643431635389
8p0c_B	0.42473118279569894
8p0p_A	0.32941176470588235
8p23_B	0.08627450980392157
8p25_A	0.375
8p2a_A	0.3146067415730337
8p2j_C	0.4334470989761092
8p35_A	0.71
8p49_A	0.17771883289124668
8p4a_M	0.21301775147928995
8p4e_O	0.30196078431372547
8p4i_B	0.42586750788643535
8p53_E	0.4153846153846154
8p5d_LDD	0.1743119266055046
8p5d_SA0	0.22727272727272727
8p5o_A	0.44358974358974357
8p5v_A	0.11568627450980393
8p60_LCC	0.36363636363636365
8p60_LV0	0.1347517730496454
8p60_RU0	0.09
8p60_RW0	0.1171875
8p84_B	0.3111111111111111
8p8k_AAA	0.286231884057971
8p94_D	0.13666666666666666
8p94_E	0.056179775280898875
8paq_B	0.15625
8pbz_A	0.06470588235294118
8pbz_E	0.12352941176470589
8pcx_A	0.10775862068965517
8pdj_AAA	0.34415584415584416
8pdz_M	0.5929203539823009
8pe3_A	0.3160621761658031
8pe8_H	0.11568627450980393
8pfh_B	0.3344947735191638
8phj_X	0.22135416666666666
8phu_BU	0.18210862619808307
8phv_C	0.07467532467532467
8pi1_B	0.6195652173913043
8pk0_z	0.3762057877813505
8pm4_A	0.13529411764705881
8pm6_A	0.19607843137254902
8pnl_C	0.38271604938271603
8po5_A	0.088
8pof_A	0.08099688473520249
8ppl_Ix	0.02857142857142857
8ppu_B	0.0784313725490196
8pql_H	0.4294117647058823
8psq_B	0.07450980392156863
8pt7_A	0.05275779376498801
8puw_B	0.2627450980392157
8pv3_Ch	0.47010309278350515
8pv4_CT	0.42278481012658226
8pv6_CV	0.44313725490196076
8pvs_A	0.43137254901960786
8pw4_A	0.21686746987951808
8pxc_A	0.11507936507936507
8pxl_A	0.42431761786600497
8pxu_A	0.3764705882352941
8pz4_A	0.4034334763948498
8q0e_A	0.05785123966942149
8q1b_B	0.25862068965517243
8q1b_a	0.14705882352941177
8q1k_A	0.4714285714285714
8q1o_A	0.20224719101123595
8q2c_A	0.42424242424242425
8q3b_B	0.0196078431372549
8q3b_C	0.1532033426183844
8q3b_D	0.09226190476190477
8q3b_E	0.2975609756097561
8q3p_m	0.24343675417661098
8q3z_A	0.425629290617849
8q4e_A	0.1984732824427481
8q4h_A	0.13518886679920478
8q4k_CCC	0.12682926829268293
8q59_A	0.3964285714285714
8q6j_E	0.29215686274509806
8q6o_R	0.04709141274238227
8q6s_A	0.42643391521197005
8q6t_N	0.07647058823529412
8q6t_P	0.6372549019607843
8q70_A	0.2727272727272727
8qa9_B	0.3684210526315789
8qb1_B	0.5568181818181818
8qdo_B	0.051685393258426963
8qf8_A	0.35490196078431374
8qfn_A	0.5548387096774193
8qj7_A	0.19019607843137254
8qky_C	0.1510791366906475
8qmn_A	0.46348314606741575
8qnd_A	0.4882154882154882
8qo1_CG	0.18857142857142858
8qo9_I	0.125
8qo9_v	0.3911290322580645
8qoh_B	0.24817518248175183
8qox_B	0.48558758314855877
8qp0_E	0.0392156862745098
8qsk_A	0.20588235294117646
8qto_A	0.46153846153846156
8qyn_I	0.12087912087912088
8qys_V	0.07468879668049792
8qys_a	0.06451612903225806
8r1a_A	0.2411764705882353
8r2c_A	0.029585798816568046
8r7a_A	0.56
8rbx_j	0.1627450980392157
8rbx_m	0.11372549019607843
8rc4_e	0.15490196078431373
8rc4_f	0.3411764705882353
8rd2_B	0.0575
8rd6_A	0.34444444444444444
8rd8_D	0.44761904761904764
8rdw_B	0.37228260869565216
8re3_A	0.0696629213483146
8rfh_A	0.3588235294117647
8rh3_A	0.5128205128205128
8rjd_5	0.5730337078651685
8rjd_6	0.5925925925925926
8s0u_A	0.21011673151750973
8s91_A	0.24705882352941178
8s91_D	0.25098039215686274
8s9m_A	0.5394190871369294
8s9p_B	0.3784313725490196
8sam_A	0.2980392156862745
8sbg_A	0.3355263157894737
8sbm_B	0.5158730158730159
8sc0_A	0.6411290322580645
8sdb_C	0.4294117647058823
8sea_A	0.40588235294117647
8sff_H	0.03725490196078431
8sg1_A	0.35944700460829493
8sgr_A	0.2595419847328244
8shj_A	0.4880239520958084
8si6_A	0.2568627450980392
8sk0_B	0.6333333333333333
8sk6_A	0.36298932384341637
8sl0_A	0.02631578947368421
8sl1_A	0.26862745098039215
8sl7_D	0.32941176470588235
8slg_B	0.21029082774049218
8sm6_D	0.3983050847457627
8snb_4A	0.5372549019607843
8snb_4J	0.15079365079365079
8snh_D	0.13895781637717122
8snh_F	0.16
8snh_J	0.15948275862068967
8snh_Z	0.14948453608247422
8snj_A	0.3918918918918919
8soi_B	0.10392156862745099
8soj_A	0.20784313725490197
8sok_D	0.1980392156862745
8soy_A	0.37130801687763715
8spc_A	0.12702702702702703
8sqx_A	0.5158730158730159
8ssc_A	0.5627450980392157
8st7_A	0.09433962264150944
8std_E	0.47465437788018433
8sug_L	0.08471074380165289
8sut_A	0.12871287128712872
8svc_A	0.4
8sw0_A	0.2607843137254902
8swi_A	0.31042128603104213
8swq_A	0.3443708609271523
8swt_A	0.30935251798561153
8sx2_A	0.06389776357827476
8sxn_A	0.40492957746478875
8sxs_A	0.3492063492063492
8sy3_A	0.09569377990430622
8sy8_A	0.6682242990654206
8syd_B	0.5471698113207547
8syn_A	0.24509803921568626
8syn_C	0.42124542124542125
8szh_A	0.4372549019607843
8szt_B	0.38333333333333336
8t0j_A	0.4925925925925926
8t1u_A	0.3909348441926346
8t26_A	0.4781746031746032
8t2i_N	0.002352941176470588
8t2s_D	0.11825192802056556
8t2v_A	0.47058823529411764
8t2v_B	0.34509803921568627
8t3p_A	0.29559748427672955
8t4c_A	0.5625
8t53_A	0.31155778894472363
8t66_B	0.5769230769230769
8t74_B	0.35294117647058826
8t7j_A	0.40821917808219177
8t85_A	0.42388059701492536
8t8d_A	0.25821596244131456
8t8z_A	0.18433179723502305
8t9c_A	0.023310023310023312
8t9n_A	0.2814814814814815
8t9w_C	0.4815668202764977
8ta5_A	0.08431372549019608
8taf_J	0.03870967741935484
8tcf_C	0.52
8tek_g	0.1711229946524064
8tfs_A	0.5177304964539007
8tg3_A	0.1657754010695187
8tgb_A	0.07407407407407407
8tge_J	0.6185567010309279
8the_A	0.40588235294117647
8tid_F	0.6594360086767896
8tid_G	0.7333333333333333
8tid_H	0.050980392156862744
8tid_W	0.3607843137254902
8tid_Z	0.40784313725490196
8tid_w	0.36470588235294116
8tie_a	0.11764705882352941
8tie_r	0.14705882352941177
8tj5_M	0.1392156862745098
8tjc_B	0.4017857142857143
8tkf_A	0.1588235294117647
8tn8_B	0.05138339920948617
8tne_B	0.49554896142433236
8tno_B	0.15018315018315018
8tqo_I	0.3418803418803419
8ttb_B	0.32629107981220656
8tu0_5	0.03333333333333333
8tu9_A	0.10196078431372549
8tug_M	0.027833001988071572
8tvs_M	0.041474654377880185
8tvy_M	0.4137254901960784
8twj_A	0.09570957095709572
8tx1_A	0.33725490196078434
8tzl_E	0.2857142857142857
8tzp_A	0.10963455149501661
8tzp_B	0.16129032258064516
8u00_A	0.4834710743801653
8u01_A	0.49411764705882355
8u0k_A	0.4048582995951417
8u0v_B	0.12156862745098039
8u18_B	0.39643652561247217
8u18_C	0.125
8u1o_o	0.3137254901960784
8u1u_A	0.16939890710382513
8u1x_B	0.3709016393442623
8u2o_A	0.3079584775086505
8u3n_B	0.12041884816753927
8u49_A	0.2980392156862745
8u61_B	0.29215686274509806
8u7i_A	0.27647058823529413
8u7n_A	0.115625
8uci_A	0.15748031496062992
8uf0_A	0.46
8ufj_B	0.11036036036036036
8ufl_A	0.25475285171102663
8ufo_A	0.03690036900369004
8ug1_B	0.4918032786885246
8uh1_A	0.08176100628930817
8uhb_A	0.15822784810126583
8uhf_B	0.1717171717171717
8uiv_A	0.352
8ujw_A	0.23626373626373626
8umo_K	0.1592920353982301
8upi_A	0.3627450980392157
8uq9_a	0.07852193995381063
8urw_C	0.056862745098039215
8usp_A	0.39019607843137255
8uu8_I	0.18604651162790697
8uua_v	0.45933014354066987
8uz7_B	0.4959016393442623
8v1k_A	0.15135135135135136
8v4h_B	0.52046783625731
8v9k_z	0.32142857142857145
8v9l_z	0.37066666666666664
8vc1_C	0.12020460358056266
8vc5_A	0.10655737704918032
8vd5_B	0.17785234899328858
8vdb_A	0.4754601226993865
8vj2_A	0.36036036036036034
8vjr_C	0.13137254901960785
8vr2_B	0.6074766355140186
8vr5_B	0.42819148936170215
8w41_A	0.0784313725490196
8w7f_B	0.33980582524271846
8w7m_E	0.18627450980392157
8w7p_A	0.148
8w84_C	0.4148936170212766
8w8q_C	0.20557491289198607
8w9t_A	0.09154929577464789
8w9w_A	0.13636363636363635
8wab_A	0.4101123595505618
8wb2_A	0.18435754189944134
8wct_A	0.102803738317757
8wej_B	0.25882352941176473
8wg5_M	0.12751677852348994
8wi9_b	0.33116883116883117
8wl5_A	0.7137931034482758
8wm7_C	0.4647058823529412
8wo8_A	0.2224622030237581
8wpe_A	0.13725490196078433
8wpk_B	0.06864988558352403
8wqr_B	0.4410112359550562
8wu3_B	0.049019607843137254
8wwo_A	0.19597989949748743
8wwu_B	0.09146341463414634
8wy1_D	0.16862745098039217
8x38_A	0.3372093023255814
8x6v_A	0.5555555555555556
8x7t_D	0.2627450980392157
8xat_B	0.531578947368421
8xgc_9	0.2372549019607843
8xgc_I	0.15098039215686274
8xmz_A	0.6861313868613139
8y33_A	0.08695652173913043
8y4u_A	0.24161073825503357
8y6b_D	0.4019607843137255
8ya7_A	0.3908355795148248
