chain_id	precision_at_l
11as_B	0.14067278287461774
16vp_A	0.08681672025723473
1a04_A	0.6048780487804878
1a0e_A	0.41309255079006774
1a0g_B	0.1950354609929078
1a0p_A	0.26199261992619927
1a1s_A	0.536741214057508
1a2o_A	0.5360230547550432
1a2z_A	0.3181818181818182
1a39_A	0.029850746268656716
1a3a_C	0.2534246575342466
1a3w_A	0.34146341463414637
1a59_A	0.034482758620689655
1a5i_A	0.27547169811320754
1a65_A	0.375
1a6c_A	0.08431372549019608
1a6j_B	0.2611464968152866
1a6r_A	0.10021786492374728
1a6x_A	0.3563218390804598
1a78_A	0.3358208955223881
1a7j_A	0.11469534050179211
1a87_A	0.04040404040404041
1a8t_A	0.5173913043478261
1abe_A	0.5737704918032787
1ac0_A	0.4166666666666667
1ac5_A	0.38923395445134573
1ady_A	0.07857142857142857
1aei_A	0.2
1af7_A	0.44525547445255476
1afp_A	0.09803921568627451
1ag4_A	0.1553398058252427
1agj_A	0.3347107438016529
1ah1_A	0.4883720930232558
1ahs_A	0.23015873015873015
1aj8_A	0.05121293800539083
1ajo_B	0.09389671361502347
1ajz_A	0.46099290780141844
1ak7_A	0.11494252873563218
1akl_A	0.2553191489361702
1akn_A	0.3156862745098039
1ako_A	0.44029850746268656
1akp_A	0.24561403508771928
1al0_G	0.3314285714285714
1am2_A	0.10497237569060773
1am4_C	0.04020100502512563
1ao5_A	0.3050847457627119
1ao8_A	0.3333333333333333
1aox_A	0.6069651741293532
1ap7_A	0.6369047619047619
1apj_A	0.1891891891891892
1aro_L	0.3288590604026846
1asp_A	0.3784313725490196
1atg_A	0.5800865800865801
1au1_A	0.08433734939759036
1aug_A	0.44761904761904764
1auo_A	0.6100917431192661
1aut_C	0.3
1aw0_A	0.4444444444444444
1ax3_A	0.2716049382716049
1azz_A	0.3274336283185841
1b02_A	0.1003584229390681
1b06_A	0.08653846153846154
1b0u_A	0.43410852713178294
1b1j_A	0.14634146341463414
1b1y_A	0.332
1b25_D	0.0392156862745098
1b35_C	0.1347517730496454
1b3u_A	0.5509803921568628
1b54_A	0.39565217391304347
1b5s_A	0.15702479338842976
1b63_A	0.21621621621621623
1b65_A	0.12121212121212122
1b76_A	0.20588235294117646
1b87_A	0.5082872928176796
1b94_B	0.2540983606557377
1b9h_A	0.4088541666666667
1b9l_A	0.35294117647058826
1b9n_A	0.32945736434108525
1b9r_A	0.23809523809523808
1bag_A	0.3341176470588235
1bcj_1	0.18831168831168832
1bcp_A	0.07142857142857142
1bf2_A	0.3627450980392157
1bg6_A	0.45558739255014324
1bgp_A	0.061488673139158574
1bgx_T	0.13137254901960785
1bhe_A	0.6941489361702128
1bhg_A	0.3588235294117647
1bhu_A	0.1568627450980392
1bhy_A	0.31950207468879666
1bih_A	0.59846547314578
1bik_A	0.2636363636363636
1bla_A	0.0967741935483871
1ble_A	0.36645962732919257
1blx_A	0.2983606557377049
1bmv_2	0.11229946524064172
1bol_A	0.08108108108108109
1boo_A	0.41843971631205673
1bos_L	0.30434782608695654
1bou_D	0.2986577181208054
1boy_A	0.5023696682464455
1bp1_A	0.12938596491228072
1bpv_A	0.5673076923076923
1bqh_K	0.4
1bqs_A	0.5502392344497608
1bqx_A	0.35064935064935066
1bsg_A	0.3308270676691729
1buy_A	0.0963855421686747
1bvp_6	0.10888252148997135
1bw4_A	0.216
1bw9_A	0.33714285714285713
1bwd_A	0.11206896551724138
1bxn_I	0.17829457364341086
1bxr_A	0.33725490196078434
1by2_A	0.08035714285714286
1bys_A	0.5328947368421053
1c0p_A	0.32231404958677684
1c1k_A	0.1382488479262673
1c2y_T	0.632258064516129
1c3a_A	0.17037037037037037
1c3g_A	0.12941176470588237
1c3m_A	0.11724137931034483
1c4x_A	0.6192170818505338
1c7d_A	0.04929577464788732
1c7j_A	0.36907216494845363
1c7n_G	0.3756345177664975
1c7s_A	0.2823529411764706
1c89_A	0.08208955223880597
1c8b_A	0.2625
1c8n_C	0.2602739726027397
1c8o_A	0.04666666666666667
1c9k_B	0.40555555555555556
1cb8_A	0.22941176470588234
1cbf_A	0.30962343096234307
1cby_A	0.06607929515418502
1ccw_C	0.6715328467153284
1ccw_D	0.2422360248447205
1cef_A	0.30835734870317005
1cen_A	0.46107784431137727
1cfb_A	0.624390243902439
1cfr_A	0.045936395759717315
1cfz_D	0.5802469135802469
1cg8_A	0.09929078014184398
1ci0_A	0.32682926829268294
1civ_A	0.44385026737967914
1cja_A	0.20795107033639143
1cjx_A	0.24929178470254956
1cjy_A	0.28431372549019607
1ckn_A	0.05362776025236593
1cne_A	0.47692307692307695
1coj_A	0.06635071090047394
1cpz_A	0.5147058823529411
1cqx_A	0.3945409429280397
1cr5_A	0.0898876404494382
1cs8_A	0.18670886075949367
1ctt_A	0.3333333333333333
1cuo_A	0.43410852713178294
1cur_A	0.43870967741935485
1cvr_A	0.4675925925925926
1cws_A	0.29608938547486036
1cwv_A	0.4524793388429752
1cx1_A	0.5098039215686274
1cxy_A	0.1111111111111111
1cz3_B	0.3333333333333333
1cz7_D	0.1863013698630137
1czf_A	0.6
1d02_B	0.295
1d0i_H	0.5490196078431373
1d0k_A	0.20063694267515925
1d2p_A	0.30563002680965146
1d2z_D	0.0196078431372549
1d3u_B	0.23383084577114427
1d3y_B	0.25517241379310346
1d4c_A	0.20784313725490197
1d4v_B	0.44171779141104295
1d7c_A	0.1736842105263158
1d8u_A	0.10303030303030303
1d8v_A	0.057034220532319393
1dab_A	0.5607843137254902
1dam_A	0.5446428571428571
1dap_A	0.3
1dbd_A	0.12
1dbf_A	0.16535433070866143
1dbt_A	0.4978902953586498
1dce_B	0.3768996960486322
1dcj_A	0.5679012345679012
1dcn_B	0.10287081339712918
1dd1_B	0.12449799196787148
1ddl_A	0.3723404255319149
1ddz_A	0.1995841995841996
1de3_A	0.13333333333333333
1de5_A	0.3069544364508393
1dek_A	0.2987551867219917
1deu_A	0.21454545454545454
1dfd_A	0.453125
1dfm_A	0.25112107623318386
1dfo_B	0.3980815347721823
1dhm_A	0.4819277108433735
1di7_A	0.5459459459459459
1die_A	0.48346055979643765
1diq_A	0.23333333333333334
1dix_A	0.125
1djg_B	0.26862745098039215
1dl2_A	0.26666666666666666
1dl5_A	0.42902208201892744
1dlj_A	0.4552238805970149
1dlp_C	0.038461538461538464
1dm1_A	0.0821917808219178
1dmg_A	0.27325581395348836
1dml_E	0.08363636363636363
1dmu_A	0.0802675585284281
1doa_B	0.205
1dof_A	0.11948051948051948
1dq3_A	0.1960352422907489
1dq7_A	0.15625
1dqp_A	0.3521739130434783
1dqx_A	0.3333333333333333
1dr9_A	0.56
1dro_A	0.12295081967213115
1drw_A	0.4007352941176471
1ds9_A	0.3484848484848485
1dun_A	0.24166666666666667
1dvj_A	0.4811715481171548
1dw2_A	0.21428571428571427
1dxm_A	0.2595419847328244
1dxt_B	0.07482993197278912
1dys_A	0.4057971014492754
1e03_L	0.061465721040189124
1e0c_A	0.45387453874538747
1e0z_A	0.2109375
1e2k_B	0.11075949367088607
1e2o_A	0.1565217391304348
1e3c_P	0.30145530145530147
1e3d_B	0.027450980392156862
1e3p_A	0.060784313725490195
1e4e_A	0.39002932551319647
1e4y_A	0.411214953271028
1e51_B	0.5317725752508361
1e5d_A	0.5062344139650873
1e5k_A	0.5106382978723404
1e5p_A	0.08053691275167785
1e5q_D	0.2717149220489978
1e69_F	0.33840304182509506
1e6b_A	0.29896907216494845
1e6c_A	0.5117647058823529
1e6e_A	0.3785557986870897
1e6q_M	0.4188376753507014
1e7z_A	0.2254335260115607
1e8c_B	0.39235412474849096
1e9s_G	0.20140515222482436
1e9x_A	0.16926503340757237
1ec6_A	0.42528735632183906
1edg_A	0.4921052631578947
1ee9_A	0.36908517350157727
1efv_B	0.40476190476190477
1eg3_A	0.06923076923076923
1egg_B	0.18055555555555555
1eh5_A	0.4982078853046595
1eh9_A	0.3607843137254902
1ehy_A	0.6028368794326241
1ei5_A	0.21176470588235294
1eiq_A	0.33217993079584773
1eiw_A	0.42342342342342343
1eix_C	0.4525862068965517
1eiy_A	0.1072463768115942
1eje_A	0.22395833333333334
1eku_B	0.023622047244094488
1elj_A	0.42105263157894735
1elk_A	0.23529411764705882
1em8_A	0.32653061224489793
1ems_A	0.4077669902912621
1eom_A	0.45936395759717313
1ep3_A	0.5112540192926045
1eq1_A	0.10240963855421686
1eq6_A	0.13227513227513227
1eq9_A	0.34684684684684686
1erj_C	0.49859943977591037
1esc_A	0.5033112582781457
1esg_B	0.33962264150943394
1esj_A	0.4084507042253521
1esn_A	0.3054662379421222
1eu3_A	0.12857142857142856
1eu4_A	0.08333333333333333
1eu8_A	0.3931203931203931
1eud_B	0.4379746835443038
1euv_A	0.17194570135746606
1evs_A	0.10429447852760736
1ewq_A	0.12352941176470589
1ex9_A	0.4280701754385965
1exh_A	0.4636363636363636
1exk_A	0.02531645569620253
1ez0_A	0.2638888888888889
1ezw_A	0.4668587896253602
1ezx_C	0.21428571428571427
1f00_I	0.3900709219858156
1f0k_A	0.6011396011396012
1f0x_A	0.20916334661354583
1f13_A	0.19607843137254902
1f15_C	0.2670157068062827
1f1e_A	0.12582781456953643
1f1s_A	0.22549019607843138
1f2d_A	0.36070381231671556
1f56_B	0.4065934065934066
1f5q_D	0.08870967741935484
1f6f_A	0.04918032786885246
1f6o_A	0.08530805687203792
1f7c_A	0.06593406593406594
1f7r_A	0.21804511278195488
1f7s_A	0.25
1f7v_A	0.1392156862745098
1f7w_A	0.2569444444444444
1f89_A	0.4870848708487085
1f8g_A	0.48429319371727747
1f8v_A	0.0028169014084507044
1f8x_A	0.3974358974358974
1faa_A	0.49586776859504134
1fb1_A	0.1326530612244898
1fcd_A	0.3690773067331671
1fcf_A	0.36175710594315247
1fdd_A	0.29245283018867924
1fdn_A	0.43636363636363634
1fdo_A	0.22745098039215686
1fdt_A	0.624561403508772
1ffu_C	0.2508710801393728
1fg3_A	0.4350282485875706
1fg9_C	0.43333333333333335
1fgu_A	0.3170731707317073
1fhv_A	0.43167701863354035
1fiv_A	0.2831858407079646
1fj2_A	0.6157205240174672
1fjd_A	0.4807692307692308
1fk2_A	0.20430107526881722
1fk8_A	0.5833333333333334
1flc_A	0.17330210772833723
1flg_A	0.4176470588235294
1fm0_D	0.4567901234567901
1fmb_A	0.28846153846153844
1fmd_2	0.23394495412844038
1fmi_A	0.28289473684210525
1fnl_A	0.5664739884393064
1fnn_A	0.47229551451187335
1fnx_H	0.4482758620689655
1fod_1	0.08571428571428572
1foe_A	0.15760869565217392
1foh_C	0.24901960784313726
1fok_A	0.2196078431372549
1fp1_D	0.43823529411764706
1fp3_A	0.31840796019900497
1fp8_A	0.24
1fps_A	0.10632183908045977
1fq1_A	0.4098360655737705
1fq3_A	0.28193832599118945
1fqt_A	0.29357798165137616
1frd_A	0.25510204081632654
1ft5_A	0.052132701421800945
1ft9_A	0.24285714285714285
1fuj_A	0.3031674208144796
1fus_A	0.05660377358490566
1fvo_B	0.514018691588785
1fvp_A	0.19047619047619047
1fx5_A	0.07916666666666666
1fx7_A	0.29130434782608694
1fxd_A	0.46551724137931033
1fy1_A	0.30666666666666664
1fyb_A	0.17117117117117117
1fyw_A	0.436241610738255
1fzd_A	0.05583756345177665
1g0c_A	0.42178770949720673
1g0i_A	0.20634920634920634
1g0o_C	0.604982206405694
1g1c_A	0.6836734693877551
1g2b_A	0.27419354838709675
1g31_A	0.1308411214953271
1g43_A	0.3875
1g4u_S	0.21388888888888888
1g5b_B	0.4660633484162896
1g5c_A	0.3905325443786982
1g5q_A	0.5057471264367817
1g5z_A	0.17073170731707318
1g60_A	0.4789915966386555
1g61_A	0.1688888888888889
1g69_B	0.4780701754385965
1g6a_A	0.29699248120300753
1g6e_A	0.1724137931034483
1g6h_A	0.4409448818897638
1g7u_A	0.4471830985915493
1g9q_A	0.32682926829268294
1ga1_A	0.3945945945945946
1ga3_A	0.1415929203539823
1gak_A	0.014598540145985401
1gcu_A	0.4657534246575342
1gcz_C	0.2457627118644068
1gd9_A	0.4329896907216495
1gdh_A	0.51875
1ge9_A	0.20652173913043478
1gg4_A	0.3690205011389522
1ggp_B	0.13385826771653545
1gh2_A	0.514018691588785
1gh8_A	0.38202247191011235
1ghe_B	0.5614035087719298
1ghr_A	0.4444444444444444
1gio_A	0.136
1gjx_A	0.49382716049382713
1gk2_A	0.06483300589390963
1gkr_A	0.352549889135255
1gl4_A	0.0989010989010989
1gl4_B	0.7078651685393258
1gl9_B	0.33725490196078434
1glb_F	0.2839506172839506
1gm6_A	0.2389937106918239
1gmm_A	0.5714285714285714
1gmu_C	0.11428571428571428
1gn0_A	0.4722222222222222
1go1_A	0.24509803921568626
1goa_A	0.5064102564102564
1goj_A	0.2033898305084746
1gp6_A	0.2342857142857143
1gp7_C	0.03225806451612903
1gpe_A	0.11960784313725491
1gph_1	0.3032258064516129
1gq7_A	0.4019933554817276
1gq8_A	0.438871473354232
1gqf_A	0.5056603773584906
1gqi_A	0.32745098039215687
1gqo_B	0.6363636363636364
1gqt_B	0.50814332247557
1gr0_A	0.3079268292682927
1grt_A	0.2792207792207792
1gsa_A	0.3980891719745223
1gsq_A	0.29207920792079206
1gtd_B	0.4166666666666667
1gtt_A	0.1187648456057007
1gui_A	0.5419354838709678
1gv4_A	0.32857142857142857
1gvh_A	0.4292929292929293
1gvn_B	0.36996336996337
1gwj_A	0.4732620320855615
1gwm_A	0.5032679738562091
1gx3_A	0.23550724637681159
1gxd_A	0.14313725490196078
1gxd_C	0.265625
1gxm_B	0.35843373493975905
1gxs_A	0.37453183520599254
1gxt_A	0.45454545454545453
1gy8_C	0.5594594594594594
1gyg_A	0.17297297297297298
1gyt_L	0.22266401590457258
1gyw_B	0.4140625
1gz2_A	0.20863309352517986
1gzf_B	0.12796208530805686
1h14_A	0.27722772277227725
1h1i_B	0.45375722543352603
1h1o_A	0.29069767441860467
1h21_A	0.125
1h2b_B	0.42441860465116277
1h2e_A	0.42028985507246375
1h30_A	0.1918158567774936
1h3e_A	0.2388758782201405
1h3g_A	0.36470588235294116
1h3z_A	0.3055555555555556
1h4p_A	0.39705882352941174
1h54_B	0.2411764705882353
1h5q_A	0.65
1h65_A	0.46303501945525294
1h6d_A	0.4908616187989556
1h6x_A	0.5723270440251572
1h70_A	0.2549019607843137
1h7a_A	0.08235294117647059
1h7r_A	0.5233918128654971
1h7x_B	0.38235294117647056
1h8m_A	0.16428571428571428
1h8t_A	0.04827586206896552
1h93_A	0.3525773195876289
1h99_A	0.16818181818181818
1h9j_A	0.41379310344827586
1hcf_A	0.12396694214876033
1hcu_B	0.3128834355828221
1hdc_A	0.5968379446640316
1he1_B	0.13333333333333333
1hfe_L	0.2594458438287154
1hfo_A	0.30973451327433627
1hg8_A	0.6045845272206304
1hgu_A	0.0427807486631016
1hh2_P	0.22093023255813954
1hi9_A	0.4306569343065693
1hiz_A	0.4826666666666667
1hjr_A	0.4620253164556962
1hkg_A	0.0525164113785558
1hkv_A	0.34977578475336324
1hl6_A	0.44537815126050423
1hlq_A	0.25333333333333335
1hm8_A	0.38427947598253276
1hn0_A	0.30196078431372547
1hnf_A	0.547486033519553
1hng_A	0.4514285714285714
1hp7_A	0.047872340425531915
1hqi_A	0.15555555555555556
1hqz_1	0.2302158273381295
1hr6_D	0.29345372460496616
1hss_A	0.10810810810810811
1htn_A	0.17307692307692307
1hwn_A	0.09448818897637795
1hx2_A	0.16666666666666666
1hxh_A	0.6205533596837944
1hxm_B	0.48695652173913045
1hy5_B	0.09917355371900827
1hyg_A	0.38977635782747605
1hyh_A	0.4175084175084175
1hyl_A	0.3347826086956522
1hz4_A	0.5327868852459017
1hzh_H	0.4989059080962801
1hzm_A	0.2727272727272727
1i01_D	0.5535714285714286
1i0r_B	0.27380952380952384
1i16_A	0.3076923076923077
1i19_A	0.17450980392156862
1i1n_A	0.4732142857142857
1i1r_B	0.011976047904191617
1i35_A	0.21052631578947367
1i36_A	0.43023255813953487
1i4j_A	0.4
1i4n_A	0.4342629482071713
1i4v_A	0.26956521739130435
1i5p_A	0.08823529411764706
1i6a_A	0.5801886792452831
1i78_A	0.4781144781144781
1i7l_A	0.31715210355987056
1i7p_A	0.4411764705882353
1i7q_A	0.047058823529411764
1i7s_B	0.515625
1i8d_A	0.21359223300970873
1i8n_A	0.16853932584269662
1i9g_A	0.5265151515151515
1i9z_A	0.3869047619047619
1iaw_A	0.09210526315789473
1ib1_E	0.5251396648044693
1ici_A	0.28125
1id0_A	0.6095890410958904
1id2_A	0.37735849056603776
1idk_A	0.4456824512534819
1ig0_B	0.28213166144200624
1ihg_A	0.34065934065934067
1ihj_B	0.3473684210526316
1ihn_A	0.20353982300884957
1ii0_B	0.3588235294117647
1ii5_A	0.5701357466063348
1ii7_A	0.4894894894894895
1iil_G	0.5953488372093023
1iio_A	0.2261904761904762
1ijt_A	0.0625
1ik6_A	0.38380281690140844
1ikn_D	0.6388888888888888
1ilw_A	0.5586592178770949
1im0_A	0.24427480916030533
1im3_D	0.08421052631578947
1imj_A	0.6057692307692307
1imo_A	0.20454545454545456
1imt_A	0.125
1in0_A	0.24074074074074073
1inp_A	0.1225
1iom_A	0.029411764705882353
1ion_A	0.51440329218107
1ioo_A	0.10714285714285714
1ip9_A	0.32941176470588235
1iq6_B	0.44360902255639095
1iqp_D	0.4233128834355828
1iqq_A	0.095
1ira_Y	0.47266881028938906
1is5_A	0.21641791044776118
1ish_A	0.184
1isu_A	0.27419354838709675
1it2_A	0.08904109589041095
1it8_B	0.2607843137254902
1iti_A	0.12781954887218044
1itw_A	0.08235294117647059
1iue_A	0.25510204081632654
1iuh_A	0.33879781420765026
1iuj_B	0.4854368932038835
1iun_B	0.6557971014492754
1iv8_A	0.2
1ivy_A	0.4446902654867257
1ivz_A	0.06818181818181818
1iw1_A	0.02830188679245283
1iwp_A	0.07058823529411765
1ix5_A	0.25165562913907286
1ixk_A	0.5311475409836065
1ixl_A	0.47692307692307695
1ixs_B	0.4793650793650794
1iy8_G	0.624031007751938
1iyn_A	0.08363636363636363
1iyu_A	0.3924050632911392
1iyz_A	0.411371237458194
1iz1_B	0.564625850340136
1izc_A	0.3879598662207358
1izl_O	0.01951219512195122
1izm_A	0.15294117647058825
1j0f_A	0.47
1j0t_A	0.20512820512820512
1j10_B	0.33137254901960783
1j1b_B	0.32142857142857145
1j1i_A	0.6744186046511628
1j24_A	0.48872180451127817
1j2a_A	0.21686746987951808
1j2w_A	0.5330188679245284
1j33_A	0.1921921921921922
1j3g_A	0.24064171122994651
1j4b_A	0.05787037037037037
1j4w_A	0.42758620689655175
1j5s_A	0.25277161862527714
1j5u_A	0.14960629921259844
1j5x_A	0.5015673981191222
1j6o_A	0.5346153846153846
1j6p_A	0.4398034398034398
1j6y_A	0.25833333333333336
1j72_A	0.18991097922848665
1j77_A	0.1
1j83_A	0.28888888888888886
1j8d_A	0.45555555555555555
1j93_A	0.47230320699708456
1j9j_A	0.47368421052631576
1jal_A	0.3074712643678161
1jax_A	0.6226415094339622
1jbi_A	0.16
1jbj_A	0.44623655913978494
1jc5_B	0.3401360544217687
1jc9_A	0.05909090909090909
1jcf_A	0.3482142857142857
1jd1_A	0.4523809523809524
1jdb_F	0.35789473684210527
1jdi_F	0.05829596412556054
1jdl_A	0.3389830508474576
1jdn_A	0.4742014742014742
1je3_A	0.4329896907216495
1je5_B	0.14835164835164835
1jeo_A	0.4971751412429379
1jeq_A	0.296078431372549
1jer_A	0.44545454545454544
1jfx_A	0.4608294930875576
1jg1_A	0.4372093023255814
1jgt_B	0.284
1jh3_A	0.20202020202020202
1jh8_A	0.1896551724137931
1jhd_A	0.24494949494949494
1jhh_A	0.3350253807106599
1ji0_A	0.5
1ji4_A	0.3333333333333333
1jid_A	0.15789473684210525
1jk9_D	0.35390946502057613
1jke_A	0.013793103448275862
1jkn_A	0.49696969696969695
1jkv_A	0.22932330827067668
1jky_A	0.1
1jli_A	0.13392857142857142
1jlj_A	0.5502958579881657
1jln_A	0.2558922558922559
1jm1_A	0.12871287128712872
1jmo_A	0.0351288056206089
1jmv_A	0.7071428571428572
1jmx_A	0.25760649087221094
1jmx_B	0.3775811209439528
1jne_A	0.465
1jnw_A	0.29906542056074764
1jov_A	0.19330855018587362
1jpv_A	0.4425531914893617
1jq4_A	0.22448979591836735
1jqg_A	0.4254278728606357
1jqn_A	0.12549019607843137
1jr2_A	0.5115384615384615
1jr7_A	0.25163398692810457
1jrm_A	0.22115384615384615
1js1_X	0.4537037037037037
1js2_A	0.30337078651685395
1js9_C	0.2328042328042328
1jsx_A	0.5647668393782384
1jt2_A	0.5725490196078431
1jtd_B	0.3553113553113553
1juv_A	0.24352331606217617
1jvb_A	0.4034582132564842
1jvs_A	0.3725
1jw3_A	0.20714285714285716
1jwq_A	0.5921787709497207
1jx2_A	0.056862745098039215
1jxa_A	0.34901960784313724
1jyh_A	0.5225806451612903
1jym_A	0.0446927374301676
1jyt_A	0.15337423312883436
1jzn_B	0.21481481481481482
1jzr_D	0.29343629343629346
1jzt_A	0.5102880658436214
1k1a_A	0.7543859649122807
1k1y_A	0.307843137254902
1k24_A	0.4859437751004016
1k2a_A	0.11764705882352941
1k2e_A	0.375
1k2y_X	0.43790849673202614
1k30_A	0.29201101928374656
1k39_B	0.3874538745387454
1k3i_A	0.40980392156862744
1k3r_B	0.20454545454545456
1k3s_A	0.22018348623853212
1k3z_D	0.6877828054298643
1k42_A	0.5059523809523809
1k4m_A	0.47417840375586856
1k4n_A	0.09836065573770492
1k4o_A	0.013888888888888888
1k5c_A	0.5375375375375375
1k5g_C	0.7819767441860465
1k66_A	0.5302013422818792
1k6d_B	0.4018264840182648
1k6w_A	0.46808510638297873
1k82_B	0.17307692307692307
1k85_A	0.6136363636363636
1k8a_R	0.37894736842105264
1k9y_A	0.1638418079096045
1ka2_A	0.1227364185110664
1ka8_F	0.08
1kam_A	0.46111111111111114
1kb5_B	0.4700854700854701
1kbi_A	0.24404761904761904
1kd6_A	0.0446927374301676
1kdg_B	0.11568627450980393
1kdm_A	0.2033898305084746
1kdt_A	0.34977578475336324
1kek_A	0.32745098039215687
1kew_A	0.5373961218836565
1kfw_A	0.41379310344827586
1kgs_A	0.5251141552511416
1kgz_B	0.1787878787878788
1khc_A	0.24087591240875914
1khv_B	0.13682092555331993
1kit_A	0.296078431372549
1kjn_A	0.45394736842105265
1kk9_A	0.06796116504854369
1kkh_A	0.3217665615141956
1klf_B	0.2616487455197133
1km9_A	0.12612612612612611
1kn6_A	0.1095890410958904
1kng_A	0.5208333333333334
1knr_A	0.22941176470588234
1knv_B	0.061855670103092786
1knw_A	0.332541567695962
1ko7_A	0.17192982456140352
1koo_C	0.4083969465648855
1kop_A	0.08520179372197309
1kp0_A	0.2935323383084577
1kp6_A	0.10126582278481013
1kpl_B	0.10643015521064302
1kpt_A	0.22857142857142856
1kqg_A	0.17450980392156862
1kqg_B	0.0726643598615917
1kqs_C	0.09349593495934959
1kr2_D	0.33476394849785407
1kr4_A	0.4727272727272727
1krh_A	0.4599406528189911
1ksf_X	0.3196078431372549
1ksi_A	0.09019607843137255
1ksk_A	0.3034188034188034
1ksq_A	0.24
1kvi_A	0.46835443037974683
1kvz_A	0.102803738317757
1kw2_A	0.054945054945054944
1kwf_A	0.2231404958677686
1kxj_A	0.49261083743842365
1kyt_A	0.4444444444444444
1kzf_A	0.36363636363636365
1kzq_A	0.13438735177865613
1kzy_C	0.27586206896551724
1l0p_A	0.39285714285714285
1l1l_A	0.10784313725490197
1l1o_C	0.046242774566473986
1l1q_A	0.4861878453038674
1l1s_A	0.4864864864864865
1l2m_A	0.2542372881355932
1l3c_C	0.6182795698924731
1l3g_A	0.2032520325203252
1l3l_A	0.31759656652360513
1l5a_A	0.27358490566037735
1l5x_B	0.43884892086330934
1l6h_A	0.2463768115942029
1l6z_A	0.5862068965517241
1l7y_A	0.425531914893617
1l8q_A	0.3925233644859813
1l8w_D	0.07666666666666666
1l9x_B	0.40476190476190477
1lab_A	0.3
1laf_E	0.5252100840336135
1lbq_A	0.3342696629213483
1lbu_A	0.2863849765258216
1lcs_B	0.09268292682926829
1lda_A	0.12598425196850394
1le7_A	0.008130081300813009
1lf6_A	0.24509803921568626
1lfw_A	0.3076923076923077
1lgf_A	0.12628865979381443
1lh1_A	0.0718954248366013
1lk7_A	0.3930131004366812
1lkn_A	0.550561797752809
1ll0_B	0.4344569288389513
1llo_A	0.48717948717948717
1lm0_A	0.32673267326732675
1lmi_A	0.5419847328244275
1lml_A	0.2129032258064516
1ln4_A	0.3673469387755102
1lns_A	0.2803921568627451
1lpb_B	0.43875278396436523
1lqi_A	0.15384615384615385
1lqs_R	0.5120772946859904
1lqu_B	0.381057268722467
1lr0_A	0.4603174603174603
1lr5_A	0.5375
1lrz_A	0.2625
1ls4_A	0.042682926829268296
1lsh_A	0.29411764705882354
1lsi_A	0.22727272727272727
1lth_R	0.43769968051118213
1ltk_C	0.37971698113207547
1ltl_E	0.25206611570247933
1ltu_A	0.045774647887323945
1lu2_A	0.05533596837944664
1lu4_A	0.6268656716417911
1luz_A	0.4
1lvm_A	0.31877729257641924
1lw1_A	0.10857142857142857
1lwh_A	0.3129251700680272
1lwt_A	0.19866071428571427
1lxj_A	0.40384615384615385
1lxn_A	0.494949494949495
1lxy_A	0.12224938875305623
1ly8_A	0.011799410029498525
1lyq_B	0.4230769230769231
1m0u_A	0.33497536945812806
1m0v_A	0.08461538461538462
1m0w_A	0.1995841995841996
1m1b_A	0.49140893470790376
1m1c_A	0.01568627450980392
1m1y_P	0.4671280276816609
1m2w_A	0.22154471544715448
1m2x_A	0.4931506849315068
1m33_A	0.60546875
1m3e_B	0.28118393234672306
1m3u_A	0.46564885496183206
1m4u_A	0.05025125628140704
1m4u_L	0.0625
1m4v_B	0.09137055837563451
1m56_B	0.28846153846153844
1m58_A	0.10377358490566038
1m5s_A	0.12121212121212122
1m5t_A	0.6341463414634146
1m5y_D	0.3264781491002571
1m5z_A	0.2967032967032967
1m6d_A	0.24299065420560748
1m6e_X	0.4428969359331476
1m70_A	0.37894736842105264
1m8p_A	0.3627450980392157
1m9h_A	0.4729241877256318
1m9i_A	0.16666666666666666
1m9s_A	0.17254901960784313
1m9u_A	0.34439834024896265
1mbm_A	0.1919191919191919
1mcp_H	0.545045045045045
1mda_H	0.09239130434782608
1me7_A	0.2684931506849315
1mfz_A	0.46559633027522934
1mg2_A	0.3795811518324607
1mg5_A	0.6470588235294118
1mg7_B	0.08522727272727272
1mgt_A	0.16568047337278108
1mio_A	0.29215686274509806
1miu_A	0.06274509803921569
1miv_A	0.24556962025316456
1mk0_A	0.35051546391752575
1mk4_A	0.49044585987261147
1mki_A	0.15384615384615385
1mkm_B	0.3724696356275304
1mky_A	0.4864864864864865
1mkz_B	0.5263157894736842
1ml0_A	0.11859838274932614
1mmf_E	0.2391304347826087
1mog_A	0.5970149253731343
1mok_D	0.2549019607843137
1mow_A	0.29435483870967744
1moz_A	0.5337078651685393
1mpy_A	0.30944625407166126
1mqs_A	0.22156862745098038
1mr6_A	0.22058823529411764
1msv_B	0.0875
1msw_D	0.041176470588235294
1mu0_A	0.5733788395904437
1mu2_B	0.07711442786069651
1mve_A	0.2839506172839506
1mw5_A	0.04938271604938271
1mw7_A	0.13636363636363635
1mwi_A	0.47878787878787876
1mwq_A	0.5
1mww_A	0.38333333333333336
1mwy_A	0.547945205479452
1mx9_D	0.3352941176470588
1mxs_A	0.4722222222222222
1mza_A	0.30833333333333335
1mzj_A	0.4550898203592814
1mzk_A	0.3770491803278688
1mzr_B	0.48188405797101447
1n00_A	0.16981132075471697
1n07_B	0.12258064516129032
1n12_A	0.36231884057971014
1n1d_B	0.46825396825396826
1n1e_A	0.4498567335243553
1n1q_A	0.37583892617449666
1n26_A	0.5618729096989966
1n2m_C	0.1165644171779141
1n31_A	0.4326424870466321
1n3h_A	0.03864734299516908
1n5d_A	0.5555555555555556
1n5q_A	0.4375
1n62_A	0.2111801242236025
1n63_B	0.19215686274509805
1n67_A	0.1927710843373494
1n6v_A	0.37735849056603776
1n6z_A	0.24761904761904763
1n7e_A	0.29473684210526313
1n7k_A	0.5512820512820513
1n7u_A	0.029411764705882353
1n81_A	0.07526881720430108
1n88_A	0.3541666666666667
1n8p_A	0.40966921119592875
1n93_X	0.03283582089552239
1n97_A	0.11428571428571428
1na6_B	0.1569620253164557
1na8_A	0.3509933774834437
1nar_A	0.3806228373702422
1nba_A	0.4624505928853755
1nbh_A	0.547945205479452
1nbq_A	0.6411483253588517
1nbu_C	0.3559322033898305
1nbw_B	0.2743362831858407
1nc7_D	0.2905982905982906
1ncu_A	0.6224489795918368
1nd4_A	0.37254901960784315
1ne2_B	0.5543478260869565
1ne7_A	0.3701067615658363
1nf2_A	0.40823970037453183
1nf6_F	0.3567251461988304
1nf8_A	0.5652173913043478
1nfd_E	0.5707547169811321
1ng0_C	0.1559633027522936
1ng9_A	0.10980392156862745
1nho_A	0.36470588235294116
1nhq_A	0.34675615212527966
1ni5_A	0.3302540415704388
1ni7_A	0.087248322147651
1nj6_A	0.19438444924406048
1njh_A	0.12962962962962962
1njk_A	0.48872180451127817
1njr_A	0.1566265060240964
1nju_A	0.07391304347826087
1nkq_A	0.19433198380566802
1nlf_A	0.49606299212598426
1nlq_A	0.41904761904761906
1nlt_A	0.12280701754385964
1nly_A	0.25696594427244585
1nmo_E	0.19838056680161945
1nn4_A	0.48427672955974843
1nnx_A	0.3763440860215054
1no3_A	0.07450980392156863
1no5_B	0.5098039215686274
1nob_D	0.07567567567567568
1nov_C	0.012345679012345678
1nox_A	0.3
1npe_A	0.49049429657794674
1nr0_A	0.5568627450980392
1nrb_A	0.06349206349206349
1nrg_A	0.29107981220657275
1nrj_B	0.4712041884816754
1nrw_A	0.3543859649122807
1nsj_A	0.4926829268292683
1nsl_C	0.5111111111111111
1nt4_A	0.23529411764705882
1nun_A	0.07194244604316546
1nvm_A	0.5470588235294118
1nvt_A	0.46689895470383275
1nw1_A	0.29041095890410956
1nw8_A	0.46691176470588236
1nwa_A	0.2857142857142857
1nwb_A	0.1485148514851485
1nxi_A	0.07575757575757576
1nxj_A	0.47435897435897434
1nxz_A	0.4105691056910569
1nyo_A	0.2147239263803681
1nyq_B	0.16666666666666666
1nzy_A	0.4349442379182156
1o0x_A	0.27309236947791166
1o12_A	0.2967032967032967
1o1x_A	0.5172413793103449
1o1y_A	0.45652173913043476
1o1z_A	0.415929203539823
1o20_A	0.28019323671497587
1o4s_B	0.4244791666666667
1o4t_A	0.6347826086956522
1o4u_B	0.2706766917293233
1o4w_A	0.488
1o4y_A	0.2074074074074074
1o51_A	0.4606741573033708
1o54_A	0.5773584905660377
1o5h_A	0.12
1o5i_A	0.6239316239316239
1o5z_A	0.37292161520190026
1o65_A	0.29357798165137616
1o6d_A	0.46258503401360546
1o6e_B	0.06465517241379311
1o70_A	0.1447811447811448
1o75_B	0.21144278606965175
1o78_A	0.3333333333333333
1o7d_C	0.18543046357615894
1o7d_E	0.045871559633027525
1o7m_A	0.13169642857142858
1o8c_A	0.47530864197530864
1o95_B	0.4666666666666667
1o96_A	0.3831417624521073
1o9g_A	0.5622489959839357
1o9r_A	0.2839506172839506
1oa1_A	0.1843137254901961
1oay_O	0.33695652173913043
1obb_A	0.27348643006263046
1obg_A	0.06229508196721312
1obu_A	0.016574585635359115
1od3_A	0.5075757575757576
1odf_A	0.3
1odh_A	0.0759493670886076
1odj_E	0.4188034188034188
1odo_A	0.13636363636363635
1odz_A	0.37994722955145116
1of3_A	0.4431818181818182
1ofd_A	0.07254901960784314
1ogd_A	0.16793893129770993
1ogm_X	0.26666666666666666
1oh2_P	0.39951573849878935
1ohb_A	0.3643410852713178
1ohe_A	0.26843657817109146
1ohf_C	0.056862745098039215
1ohg_A	0.14590747330960854
1oht_A	0.29310344827586204
1oi0_A	0.2037037037037037
1oi4_A	0.5364583333333334
1oi8_A	0.4
1oio_A	0.12921348314606743
1ois_A	0.09954751131221719
1oiz_A	0.37593984962406013
1oj7_A	0.3282051282051282
1ojq_A	0.10377358490566038
1ok0_A	0.16216216216216217
1okt_A	0.2938388625592417
1olt_A	0.4009216589861751
1olz_A	0.23333333333333334
1om0_A	0.4562043795620438
1on3_E	0.38823529411764707
1on8_A	0.5018867924528302
1oni_A	0.4411764705882353
1ooh_A	0.07142857142857142
1ook_G	0.4647887323943662
1op4_A	0.3014705882352941
1oq1_A	0.336322869955157
1oqf_A	0.5586206896551724
1ord_A	0.2627450980392157
1orr_A	0.591715976331361
1os1_A	0.12549019607843137
1osc_F	0.5045045045045045
1otg_A	0.432
1ou0_B	0.34196891191709844
1ov8_A	0.5539568345323741
1ovq_A	0.3333333333333333
1ovz_A	0.5595854922279793
1owx_A	0.3008849557522124
1ox0_A	0.3333333333333333
1ox4_A	0.5
1oxa_A	0.11662531017369727
1oxw_C	0.2983425414364641
1oy1_A	0.416289592760181
1oyj_A	0.29385964912280704
1oyw_A	0.3686274509803922
1oz9_A	0.41843971631205673
1ozv_B	0.07709750566893424
1p0k_B	0.4627831715210356
1p16_A	0.08205128205128205
1p17_B	0.4803921568627451
1p1d_A	0.3010204081632653
1p35_A	0.06020066889632107
1p3c_A	0.3627906976744186
1p3h_F	0.4444444444444444
1p4e_B	0.11138014527845036
1p4t_A	0.4645161290322581
1p5u_B	0.12751677852348994
1p68_A	0.28431372549019607
1p6f_A	0.6595744680851063
1p6t_A	0.4370860927152318
1p6u_A	0.49612403100775193
1p6w_A	0.35148514851485146
1p6x_A	0.15915915915915915
1p74_A	0.36704119850187267
1p8g_A	0.4520547945205479
1p90_A	0.3902439024390244
1p91_A	0.5
1p99_A	0.4392156862745098
1paq_A	0.19875776397515527
1pav_A	0.7051282051282052
1pb0_A	0.5211864406779662
1pbj_A	0.3333333333333333
1pbu_A	0.06172839506172839
1pbw_B	0.06153846153846154
1pby_B	0.4807121661721068
1pe9_A	0.5761772853185596
1peg_A	0.14285714285714285
1peu_A	0.09019607843137255
1pfc_A	0.4954954954954955
1pg6_A	0.06944444444444445
1pgl_1	0.2756756756756757
1pgr_D	0.565
1pgu_B	0.49607843137254903
1pgv_A	0.718562874251497
1ph1_B	0.04608294930875576
1pie_A	0.2809278350515464
1pih_A	0.2876712328767123
1pii_A	0.4557522123893805
1pix_A	0.32941176470588235
1pj6_A	0.2725490196078431
1pjt_B	0.31868131868131866
1pju_A	0.05217391304347826
1pjz_A	0.5124378109452736
1pko_A	0.5645161290322581
1plo_A	0.1721311475409836
1pmj_X	0.4486486486486487
1pmr_A	0.375
1pn4_D	0.31868131868131866
1pnf_A	0.3853503184713376
1poi_A	0.2334384858044164
1poq_A	0.4322033898305085
1poz_A	0.11320754716981132
1pp0_B	0.14432989690721648
1ppr_M	0.03205128205128205
1pq4_B	0.4015151515151515
1pqz_A	0.2689075630252101
1prs_A	0.26011560693641617
1ps9_A	0.4588235294117647
1psj_A	0.04032258064516129
1psw_A	0.540785498489426
1pu3_A	0.17142857142857143
1pum_A	0.0963855421686747
1pum_B	0.17110266159695817
1pv1_A	0.5620689655172414
1pv5_A	0.09961685823754789
1pv7_A	0.2949640287769784
1pvj_A	0.1504424778761062
1pvt_A	0.09913793103448276
1pw4_A	0.4078341013824885
1pwh_A	0.3761467889908257
1pxt_B	0.4109195402298851
1pxz_A	0.48265895953757226
1pz4_A	0.23893805309734514
1pzx_B	0.42560553633217996
1q0u_B	0.43333333333333335
1q0y_L	0.5566037735849056
1q0z_A	0.5959595959595959
1q17_C	0.25084745762711863
1q19_A	0.312
1q1l_A	0.08333333333333333
1q1w_A	0.34834123222748814
1q20_A	0.3163265306122449
1q23_B	0.18433179723502305
1q27_A	0.3391812865497076
1q2l_A	0.296078431372549
1q2y_A	0.5214285714285715
1q35_A	0.4384858044164038
1q3b_A	0.14285714285714285
1q3q_A	0.041176470588235294
1q3t_A	0.336322869955157
1q40_A	0.18787878787878787
1q40_B	0.15053763440860216
1q4s_A	0.5211267605633803
1q5a_A	0.4549019607843137
1q6u_A	0.29577464788732394
1q6w_C	0.4444444444444444
1q77_A	0.5942028985507246
1q7f_B	0.4929078014184397
1q7g_A	0.31564245810055863
1q7h_A	0.11920529801324503
1q7l_A	0.4114583333333333
1q7q_A	0.5666666666666667
1q7r_A	0.46534653465346537
1q7x_A	0.2962962962962963
1q8b_A	0.40860215053763443
1q8k_A	0.19333333333333333
1q8l_A	0.36904761904761907
1q8m_B	0.45454545454545453
1q90_A	0.14726027397260275
1q99_B	0.28846153846153844
1q9u_A	0.3203125
1qa7_B	0.28110599078341014
1qab_E	0.20555555555555555
1qaq_A	0.4703389830508475
1qbk_B	0.2019607843137255
1qdb_A	0.042283298097251586
1qdd_A	0.20833333333333334
1qdl_A	0.06009615384615385
1qdm_A	0.15473441108545036
1qe0_A	0.1794871794871795
1qfj_A	0.45132743362831856
1qfp_A	0.5294117647058824
1qga_A	0.3961038961038961
1qgn_A	0.4396984924623116
1qh3_A	0.34615384615384615
1qha_A	0.3058823529411765
1qhx_A	0.4943820224719101
1qi5_A	0.3444976076555024
1qiu_D	0.09090909090909091
1qjs_A	0.24019607843137256
1qju_1	0.05263157894736842
1qjz_B	0.4308510638297872
1qlw_A	0.4779874213836478
1qmj_A	0.36363636363636365
1qnd_A	0.22764227642276422
1qnf_A	0.30105263157894735
1qo0_B	0.553475935828877
1qo8_A	0.19607843137254902
1qol_C	0.10982658959537572
1qoy_A	0.06930693069306931
1qp8_A	0.4768211920529801
1qq9_A	0.4259927797833935
1qqk_A	0.08527131782945736
1qr0_A	0.17105263157894737
1qrh_A	0.06896551724137931
1qs0_A	0.2751842751842752
1qs0_B	0.42011834319526625
1qs1_A	0.11442786069651742
1qto_A	0.2540983606557377
1qtw_A	0.5052631578947369
1qu5_A	0.2087912087912088
1qvj_A	0.1952054794520548
1qw1_A	0.21487603305785125
1qwj_B	0.5021834061135371
1qwk_A	0.47115384615384615
1qwr_A	0.44126984126984126
1qwt_A	0.0794979079497908
1qwy_A	0.2905982905982906
1qwz_A	0.19148936170212766
1qxn_A	0.46715328467153283
1qxz_A	0.26104417670682734
1qyi_A	0.2026315789473684
1qz1_A	0.6111111111111112
1qzu_A	0.4625
1qzw_A	0.31712962962962965
1r0d_A	0.14432989690721648
1r1m_A	0.5357142857142857
1r1z_D	0.30364372469635625
1r30_B	0.549520766773163
1r3d_A	0.5680933852140078
1r3n_A	0.3493150684931507
1r4v_A	0.06622516556291391
1r54_A	0.3300970873786408
1r5m_A	0.5270655270655271
1r5t_A	0.3971631205673759
1r64_A	0.4594594594594595
1r6e_A	0.05952380952380952
1r6h_A	0.3488372093023256
1r75_A	0.18181818181818182
1r76_A	0.3203125
1r88_A	0.4681647940074906
1r8i_A	0.0427807486631016
1r8n_A	0.07027027027027027
1r9q_A	0.3656957928802589
1r9w_A	0.08695652173913043
1rag_B	0.19607843137254902
1rc9_A	0.15384615384615385
1rcq_A	0.3557422969187675
1rcw_B	0.22897196261682243
1rdu_A	0.3706896551724138
1rdx_A	0.11275964391691394
1re5_D	0.07142857142857142
1reo_A	0.25413223140495866
1rfe_A	0.375
1rfl_A	0.13372093023255813
1rfz_A	0.0975609756097561
1rh1_A	0.04693877551020408
1rh8_A	0.323943661971831
1rh9_A	0.43513513513513513
1rhc_A	0.4666666666666667
1rhf_A	0.6193181818181818
1rhx_A	0.2988505747126437
1ri4_A	0.5595238095238095
1rj1_A	0.0
1rje_C	0.42342342342342343
1rjw_A	0.40707964601769914
1rkj_A	0.38857142857142857
1rkq_A	0.4132841328413284
1rkv_A	0.470873786407767
1rl1_A	0.1956521739130435
1rlh_A	0.09933774834437085
1rli_D	0.5178571428571429
1rlj_A	0.37777777777777777
1rm0_A	0.06470588235294118
1rmg_A	0.523696682464455
1ro5_A	0.4873096446700508
1rof_A	0.38333333333333336
1row_A	0.3925233644859813
1rp4_A	0.0481283422459893
1rp5_A	0.16470588235294117
1rq8_A	0.3854166666666667
1rqg_A	0.15294117647058825
1rqi_A	0.2
1rrv_A	0.5062344139650873
1rtu_A	0.13157894736842105
1rtw_B	0.17703349282296652
1ru4_A	0.635
1rw5_A	0.1457286432160804
1rwr_A	0.18181818181818182
1rwu_A	0.4827586206896552
1rx0_A	0.265625
1rxq_B	0.4
1rxx_C	0.14805825242718446
1ry7_A	0.11920529801324503
1ryl_A	0.09554140127388536
1rz1_A	0.2549019607843137
1rz2_A	0.19626168224299065
1rzu_B	0.5836820083682008
1rzw_A	0.12195121951219512
1s04_A	0.32727272727272727
1s16_A	0.19736842105263158
1s1d_A	0.3470031545741325
1s20_G	0.11641791044776119
1s21_A	0.08484848484848485
1s2l_B	0.5508982035928144
1s31_A	0.054945054945054944
1s3l_B	0.503030303030303
1s3s_G	0.3559322033898305
1s40_A	0.0427807486631016
1s4e_I	0.32193732193732194
1s4m_A	0.37906137184115524
1s4n_A	0.39762611275964393
1s55_A	0.42948717948717946
1s5a_B	0.42657342657342656
1s5e_A	0.10775862068965517
1s5j_A	0.19411764705882353
1s5l_o	0.10569105691056911
1s6d_A	0.0970873786407767
1s6y_A	0.2956730769230769
1s7e_A	0.2585034013605442
1s7f_A	0.48066298342541436
1s7i_A	0.2903225806451613
1s8n_A	0.5421052631578948
1sb2_A	0.20454545454545456
1sb3_A	0.18823529411764706
1sb6_A	0.390625
1sb7_B	0.11918604651162791
1sb8_A	0.6099706744868035
1sdi_A	0.014084507042253521
1sdj_A	0.22258064516129034
1se9_A	0.297029702970297
1seg_A	0.234375
1sej_A	0.14705882352941177
1sek_A	0.05053191489361702
1sez_A	0.25161290322580643
1sfe_A	0.16363636363636364
1sfp_A	0.42342342342342343
1sfr_A	0.4027777777777778
1sfs_A	0.45539906103286387
1sg4_B	0.43023255813953487
1sg9_A	0.4708029197080292
1sgl_A	0.15048543689320387
1sgv_B	0.31954887218045114
1sgw_A	0.49
1sh3_B	0.13320079522862824
1sh8_A	0.4117647058823529
1shq_A	0.15966386554621848
1sjg_A	0.24107142857142858
1sk2_A	0.34782608695652173
1sl6_A	0.15476190476190477
1slm_A	0.3584070796460177
1smn_A	0.17427385892116182
1sny_A	0.6048387096774194
1snz_A	0.19767441860465115
1sou_A	0.4381443298969072
1sox_A	0.3002159827213823
1sp0_A	0.33587786259541985
1sp8_D	0.26717557251908397
1spi_A	0.09009009009009009
1spj_A	0.3093220338983051
1spp_B	0.45535714285714285
1sq1_A	0.08333333333333333
1sq4_A	0.5370370370370371
1sqf_A	0.4447058823529412
1sqh_A	0.31313131313131315
1sqj_B	0.296078431372549
1sql_J	0.2764227642276423
1sqs_A	0.4267241379310345
1sr4_A	0.08982035928143713
1sr8_A	0.24822695035460993
1ssn_A	0.125
1st4_A	0.06
1stm_A	0.40425531914893614
1stz_A	0.17956656346749225
1su0_B	0.19852941176470587
1su2_A	0.49056603773584906
1su3_B	0.2764423076923077
1sul_B	0.5128205128205128
1sum_B	0.3422222222222222
1suu_A	0.2764505119453925
1svv_B	0.4619883040935672
1sw2_A	0.4666666666666667
1sw6_A	0.4409448818897638
1sxp_A	0.5071225071225072
1sy6_A	0.4583333333333333
1sy7_A	0.11176470588235295
1sz2_B	0.40625
1szi_A	0.16494845360824742
1szn_A	0.45083932853717024
1szs_A	0.35764705882352943
1t0b_G	0.5206611570247934
1t0f_A	0.2765151515151515
1t0g_A	0.13761467889908258
1t0i_A	0.5837837837837838
1t0p_B	0.5232558139534884
1t0z_A	0.1111111111111111
1t16_A	0.4332552693208431
1t1e_A	0.36470588235294116
1t27_A	0.01486988847583643
1t2e_A	0.45110410094637227
1t2s_A	0.008130081300813009
1t35_E	0.4891304347826087
1t3k_A	0.36363636363636365
1t3q_C	0.2631578947368421
1t4a_A	0.35
1t4w_A	0.17346938775510204
1t5j_A	0.20930232558139536
1t5o_A	0.4117647058823529
1t62_B	0.294478527607362
1t6c_A	0.3431372549019608
1t6r_A	0.7
1t6t_2	0.34545454545454546
1t70_A	0.48627450980392156
1t71_A	0.4306049822064057
1t72_A	0.3209302325581395
1t77_A	0.04589371980676329
1t7l_A	0.3411764705882353
1t8c_A	0.16083916083916083
1t8h_A	0.22794117647058823
1t8q_B	0.4376899696048632
1t8r_F	0.20950323974082075
1t90_A	0.22727272727272727
1t9g_C	0.2912371134020619
1t9h_A	0.34843205574912894
1ta9_B	0.3197969543147208
1tbu_B	0.3469387755102041
1tc5_A	0.1497326203208556
1td6_A	0.16783216783216784
1tdj_A	0.2834008097165992
1tdq_A	0.6051660516605166
1tdq_B	0.19047619047619047
1te2_A	0.518348623853211
1te5_A	0.22924901185770752
1te7_A	0.3106796116504854
1tec_E	0.4731182795698925
1ted_A	0.4076086956521739
1tf1_A	0.32065217391304346
1thg_A	0.31176470588235294
1tht_A	0.4965986394557823
1thx_A	0.48148148148148145
1tid_B	0.680672268907563
1tig_A	0.4659090909090909
1tiq_A	0.5780346820809249
1tis_A	0.055944055944055944
1tj7_A	0.09230769230769231
1tjf_B	0.16129032258064516
1tkk_C	0.520891364902507
1tl2_A	0.19574468085106383
1tlb_A	0.10429447852760736
1tlg_A	0.25203252032520324
1tlj_A	0.12169312169312169
1tlk_A	0.6310679611650486
1tlt_B	0.4721311475409836
1tly_A	0.35856573705179284
1tmf_1	0.1956521739130435
1tmf_2	0.15730337078651685
1tml_A	0.486013986013986
1tmx_A	0.2363013698630137
1tnr_A	0.4652777777777778
1tnu_J	0.35260115606936415
1to6_A	0.2371967654986523
1toa_A	0.3898916967509025
1tol_A	0.36942675159235666
1tq1_A	0.31932773109243695
1tq5_A	0.5811965811965812
1tqy_B	0.3656716417910448
1tsj_A	0.3076923076923077
1tsz_A	0.028481012658227847
1tt7_B	0.47720364741641336
1tt8_A	0.06707317073170732
1ttn_A	0.35
1tu7_A	0.28365384615384615
1tu9_A	0.0916030534351145
1tua_A	0.2857142857142857
1tuv_A	0.5339805825242718
1tv2_A	0.07439824945295405
1tv8_A	0.4617737003058104
1tvc_A	0.424
1tvd_A	0.5862068965517241
1tvf_A	0.2682926829268293
1tvi_A	0.3333333333333333
1tw2_B	0.5057142857142857
1twi_A	0.3709677419354839
1twq_A	0.32727272727272727
1twu_A	0.30656934306569344
1txb_A	0.1780821917808219
1txk_A	0.22244897959183674
1txo_B	0.5
1ty0_A	0.14218009478672985
1u00_A	0.2026431718061674
1u02_A	0.37554585152838427
1u0k_A	0.2852112676056338
1u0r_D	0.34551495016611294
1u0s_A	0.5581395348837209
1u10_C	0.25311203319502074
1u17_A	0.02702702702702703
1u2e_A	0.6433566433566433
1u2z_C	0.3974025974025974
1u3b_A	0.31351351351351353
1u3g_A	0.4451219512195122
1u3n_A	0.24074074074074073
1u5k_A	0.22727272727272727
1u5r_A	0.34627831715210355
1u5w_C	0.3333333333333333
1u60_A	0.20388349514563106
1u63_A	0.1261682242990654
1u69_A	0.23076923076923078
1u6e_B	0.4251497005988024
1u6m_A	0.5238095238095238
1u6z_B	0.316
1u7h_A	0.47214076246334313
1u7z_C	0.5205479452054794
1u83_A	0.4177777777777778
1u8s_B	0.5581395348837209
1u9c_A	0.5475113122171946
1u9d_A	0.29508196721311475
1u9k_A	0.5
1uai_A	0.23766816143497757
1uc3_I	0.10738255033557047
1uc7_A	0.47580645161290325
1udm_A	0.2214765100671141
1udq_A	0.11811023622047244
1udx_A	0.32281553398058255
1uea_B	0.3149171270718232
1ued_A	0.09974424552429667
1uep_A	0.4174757281553398
1uex_A	0.24
1uez_A	0.3465346534653465
1uf2_E	0.1163895486935867
1uf3_D	0.5482456140350878
1uf9_A	0.3769633507853403
1ufb_A	0.49606299212598426
1ufg_A	0.2980132450331126
1ufo_A	0.6008403361344538
1ufv_A	0.37681159420289856
1ug3_A	0.22910216718266255
1ugk_A	0.38405797101449274
1uhe_A	0.21649484536082475
1uir_B	0.4504792332268371
1uiy_A	0.4031620553359684
1ujc_A	0.5705128205128205
1ujd_A	0.3076923076923077
1ujn_A	0.21005917159763313
1ujp_A	0.5308641975308642
1ukc_A	0.2901960784313726
1ukf_A	0.06914893617021277
1ukl_A	0.4294117647058823
1ukv_Y	0.49238578680203043
1uky_A	0.46938775510204084
1ul1_Z	0.23209169054441262
1ulv_A	0.29215686274509806
1um1_A	0.3
1umd_A	0.30939226519337015
1umf_A	0.06301369863013699
1umr_A	0.16296296296296298
1umr_C	0.2
1umy_D	0.5209424083769634
1un1_A	0.21722846441947566
1un8_B	0.28823529411764703
1uok_A	0.2803921568627451
1uoz_A	0.47333333333333333
1up7_A	0.3647342995169082
1uqw_A	0.3080082135523614
1urh_A	0.49809885931558934
1urj_B	0.03529411764705882
1urr_A	0.4639175257731959
1us4_A	0.49328859060402686
1usk_A	0.6184971098265896
1usl_C	0.5283018867924528
1usy_A	0.05090909090909091
1usy_G	0.46078431372549017
1ut9_A	0.3176470588235294
1uta_A	0.5714285714285714
1uuf_A	0.4
1uun_A	0.10326086956521739
1uus_A	0.18064516129032257
1uwk_A	0.054901960784313725
1uwv_A	0.37559808612440193
1uww_A	0.4891304347826087
1uwy_A	0.4365482233502538
1uxo_A	0.5806451612903226
1uxv_A	0.20641282565130262
1uxz_A	0.5877862595419847
1uyn_X	0.4444444444444444
1uz5_A	0.3171355498721228
1v06_A	0.050724637681159424
1v0d_A	0.1346938775510204
1v1a_A	0.5132450331125827
1v27_A	0.3617021276595745
1v2a_B	0.3157894736842105
1v2e_A	0.41304347826086957
1v30_A	0.2966101694915254
1v34_A	0.1069364161849711
1v3t_A	0.4084084084084084
1v3y_A	0.11176470588235295
1v4p_C	0.12258064516129032
1v5j_A	0.5833333333333334
1v5o_A	0.4411764705882353
1v5v_A	0.2731829573934837
1v5x_A	0.5
1v5y_A	0.21658986175115208
1v62_A	0.3162393162393162
1v6e_A	0.3368421052631579
1v6f_A	0.1986754966887417
1v6o_A	0.28879310344827586
1v6w_A	0.46788990825688076
1v6z_A	0.3964757709251101
1v70_A	0.7333333333333333
1v7p_A	0.16417910447761194
1v7p_B	0.1968503937007874
1v88_A	0.13846153846153847
1v8c_A	0.3151515151515151
1v8d_A	0.2222222222222222
1v8g_A	0.11550151975683891
1v8h_A	0.6226415094339622
1v8p_F	0.3819444444444444
1v9a_B	0.30701754385964913
1v9c_B	0.3786407766990291
1v9h_A	0.10362694300518134
1v9n_A	0.09195402298850575
1v9w_A	0.5384615384615384
1vae_A	0.38738738738738737
1vav_A	0.25225225225225223
1vb5_B	0.5054545454545455
1vb7_A	0.3723404255319149
1vbf_B	0.37168141592920356
1vbl_A	0.5625
1vc8_B	0.4444444444444444
1vca_B	0.628140703517588
1vcg_B	0.4276729559748428
1vch_D	0.49710982658959535
1vcv_A	0.5398230088495575
1vd6_A	0.4724770642201835
1vdm_G	0.506578947368421
1ve3_B	0.5619469026548672
1ve4_A	0.4527363184079602
1vee_A	0.417910447761194
1vf4_A	0.31718061674008813
1vff_A	0.4373522458628842
1vg9_C	0.11752988047808766
1vgw_B	0.397196261682243
1vhd_A	0.3850415512465374
1vhk_C	0.4344262295081967
1vhn_A	0.4426229508196721
1vho_A	0.2852664576802508
1vhs_A	0.5272727272727272
1vhv_B	0.3492063492063492
1vhx_A	0.4
1vhz_A	0.3225806451612903
1vi3_A	0.325
1vi4_A	0.4012345679012346
1vi8_B	0.4589041095890411
1via_A	0.515527950310559
1viv_A	0.5489130434782609
1viw_B	0.05555555555555555
1viy_A	0.46634615384615385
1vj0_A	0.4207650273224044
1vjl_A	0.1258741258741259
1vjn_A	0.3865979381443299
1vju_B	0.0711864406779661
1vjx_A	0.33557046979865773
1vk0_B	0.305
1vk4_A	0.4911660777385159
1vk8_C	0.48936170212765956
1vkf_B	0.3815028901734104
1vkh_A	0.5478927203065134
1vki_B	0.10240963855421686
1vkm_A	0.17123287671232876
1vkw_A	0.14746543778801843
1vkz_A	0.2966751918158568
1vl4_A	0.14219114219114218
1vl5_A	0.683982683982684
1vli_A	0.4134078212290503
1vlj_B	0.35
1vlm_A	0.6473429951690821
1vlo_A	0.31043956043956045
1vlp_B	0.15274463007159905
1vm6_B	0.40825688073394495
1vm7_A	0.3979933110367893
1vm8_A	0.25865580448065173
1vme_A	0.5671641791044776
1vmf_A	0.11764705882352941
1vmj_A	0.19424460431654678
1vmo_A	0.20245398773006135
1vnc_A	0.1450980392156863
1vp4_A	0.40476190476190477
1vp5_A	0.4859154929577465
1vp8_A	0.22105263157894736
1vpa_A	0.5384615384615384
1vpb_A	0.14645308924485126
1vpd_A	0.47959183673469385
1vpk_A	0.18528610354223432
1vpq_A	0.4230769230769231
1vpr_A	0.04843304843304843
1vpv_A	0.46099290780141844
1vq0_A	0.09655172413793103
1vq3_C	0.4367816091954023
1vql_W	0.12337662337662338
1vqr_A	0.2007042253521127
1vqt_A	0.41361256544502617
1vr0_C	0.0970464135021097
1vr6_A	0.49854227405247814
1vr8_A	0.2074074074074074
1vr9_A	0.2975206611570248
1vra_A	0.13612565445026178
1vrf_A	0.08843537414965986
1vrr_A	0.2512315270935961
1vrs_B	0.44
1vsq_A	0.42105263157894735
1vyh_J	0.6192660550458715
1vz4_D	0.26640926640926643
1vz8_B	0.158311345646438
1vzo_A	0.31347962382445144
1vzy_A	0.1103448275862069
1w07_B	0.15490196078431373
1w0c_A	0.572463768115942
1w0i_A	0.3271461716937355
1w0m_A	0.5530973451327433
1w15_A	0.44696969696969696
1w1b_1	0.4364406779661017
1w1p_B	0.40763052208835343
1w1w_A	0.32116788321167883
1w2b_A	0.14285714285714285
1w2t_A	0.3148148148148148
1w2w_A	0.08530805687203792
1w2y_A	0.1902654867256637
1w36_C	0.16470588235294117
1w37_A	0.447098976109215
1w39_B	0.19576719576719576
1w3f_A	0.07987220447284345
1w3h_A	0.5402298850574713
1w45_A	0.196875
1w4t_A	0.21223021582733814
1w55_A	0.37398373983739835
1w59_A	0.4714285714285714
1w5c_O	0.0223463687150838
1w5d_A	0.16593886462882096
1w5t_B	0.4534005037783375
1w63_A	0.4215686274509804
1w66_A	0.2889908256880734
1w6j_A	0.16470588235294117
1w78_A	0.45169082125603865
1w7c_A	0.0803921568627451
1w7d_A	0.15328467153284672
1w89_A	0.5545454545454546
1w8a_A	0.6031746031746031
1w8i_A	0.41935483870967744
1w9s_A	0.5373134328358209
1wa4_A	0.3853658536585366
1wa9_B	0.22570532915360503
1war_A	0.45483870967741935
1wb5_A	0.5759717314487632
1wba_A	0.08771929824561403
1wc2_A	0.18333333333333332
1wcg_A	0.42207792207792205
1wcu_A	0.48322147651006714
1wd4_A	0.07883817427385892
1wd5_A	0.4807692307692308
1wd7_B	0.403921568627451
1wdi_A	0.05442176870748299
1wdj_A	0.3010752688172043
1wdl_C	0.3564102564102564
1wdt_A	0.3254901960784314
1wdu_B	0.4840182648401826
1wdv_A	0.13333333333333333
1wdw_E	0.5403225806451613
1we8_A	0.38461538461538464
1weh_A	0.5555555555555556
1wek_D	0.4951923076923077
1wel_A	0.3709677419354839
1wer_A	0.08333333333333333
1wf3_A	0.5033783783783784
1wf5_A	0.5785123966942148
1wf6_A	0.3787878787878788
1wf9_A	0.27102803738317754
1wfg_A	0.31297709923664124
1wfi_A	0.1984732824427481
1wfj_A	0.4485294117647059
1wfm_A	0.3333333333333333
1wfn_A	0.5210084033613446
1wfo_A	0.5230769230769231
1wfr_A	0.27972027972027974
1wg0_A	0.6995884773662552
1wgd_A	0.3978494623655914
1wgk_A	0.41228070175438597
1wgp_A	0.45255474452554745
1wh0_A	0.23134328358208955
1whb_A	0.2484076433121019
1whd_A	0.35
1whw_A	0.5050505050505051
1wi4_A	0.3577981651376147
1wi8_A	0.4807692307692308
1wic_A	0.3881578947368421
1win_A	0.34265734265734266
1wis_A	0.5887096774193549
1wiu_A	0.6989247311827957
1wiw_B	0.12014134275618374
1wj1_A	0.07051282051282051
1wj6_A	0.3069306930693069
1wjj_A	0.35172413793103446
1wjm_A	0.16260162601626016
1wk0_A	0.46715328467153283
1wk1_A	0.18
1wk4_A	0.5977011494252874
1wkc_A	0.44047619047619047
1wkr_A	0.18823529411764706
1wkt_A	0.11363636363636363
1wl0_A	0.11785714285714285
1wlf_A	0.20121951219512196
1wlh_A	0.37987012987012986
1wlk_D	0.4180327868852459
1wlo_A	0.11764705882352941
1wls_A	0.5304878048780488
1wme_A	0.47465437788018433
1wmj_A	0.5081967213114754
1wmx_B	0.35384615384615387
1wn3_H	0.48717948717948717
1wnh_A	0.15
1woh_A	0.46534653465346537
1wol_A	0.4180327868852459
1wom_A	0.6273062730627307
1woo_A	0.3259668508287293
1woq_A	0.4505928853754941
1wot_A	0.42857142857142855
1woy_A	0.156
1wp5_A	0.2755417956656347
1wpu_A	0.09523809523809523
1wpx_A	0.42042755344418054
1wqa_A	0.45494505494505494
1wr2_A	0.225531914893617
1ws6_A	0.5730994152046783
1ws7_A	0.4766355140186916
1wtb_A	0.5443037974683544
1wte_A	0.24632352941176472
1wu2_A	0.2558746736292428
1wu7_A	0.20518867924528303
1wuf_A	0.42318059299191374
1wui_S	0.32209737827715357
1wv9_A	0.5172413793103449
1wvc_A	0.3700787401574803
1wvn_A	0.5
1wvo_A	0.189873417721519
1wvt_A	0.10810810810810811
1wvv_B	0.18181818181818182
1wwm_A	0.08888888888888889
1wws_C	0.05405405405405406
1wwy_A	0.4327485380116959
1wwz_A	0.49044585987261147
1wxq_A	0.25872093023255816
1wxr_A	0.17450980392156862
1wxu_A	0.3333333333333333
1wxx_A	0.43455497382198954
1wy0_A	0.14067278287461774
1wyu_A	0.4279176201372998
1wyu_B	0.321353065539112
1wyz_B	0.2511013215859031
1wz2_A	0.11176470588235295
1wzc_B	0.3155737704918033
1wzn_A	0.5983606557377049
1wzz_A	0.31974921630094044
1x09_A	0.24675324675324675
1x0a_A	0.06976744186046512
1x0g_C	0.17117117117117117
1x1s_A	0.5337423312883436
1x25_B	0.453125
1x35_C	0.15555555555555556
1x3d_A	0.559322033898305
1x3x_A	0.15853658536585366
1x44_A	0.4854368932038835
1x4d_A	0.43137254901960786
1x4f_A	0.38392857142857145
1x4h_A	0.44144144144144143
1x4x_A	0.5754716981132075
1x4y_A	0.5964912280701754
1x4z_A	0.6198347107438017
1x50_A	0.29878048780487804
1x54_A	0.195852534562212
1x5a_A	0.514018691588785
1x5d_A	0.43609022556390975
1x5e_A	0.48412698412698413
1x5f_A	0.575
1x5g_A	0.603448275862069
1x5h_A	0.5454545454545454
1x5l_A	0.5225225225225225
1x5m_A	0.1968503937007874
1x5p_A	0.41237113402061853
1x5x_A	0.5412844036697247
1x60_A	0.4936708860759494
1x67_A	0.136986301369863
1x6d_A	0.3025210084033613
1x6m_A	0.08673469387755102
1x77_A	0.5632183908045977
1x7f_A	0.37752161383285304
1x7o_A	0.4232209737827715
1x8c_B	0.5336134453781513
1x92_B	0.5228426395939086
1x99_A	0.15862068965517243
1x9h_A	0.3920265780730897
1x9l_A	0.3691275167785235
1x9q_A	0.4935064935064935
1x9z_A	0.07142857142857142
1xag_A	0.2747875354107649
1xau_A	0.5576923076923077
1xb2_B	0.10144927536231885
1xb9_A	0.10185185185185185
1xc3_A	0.4067796610169492
1xcr_B	0.051118210862619806
1xdi_A	0.33986928104575165
1xdn_A	0.07547169811320754
1xdo_A	0.2372549019607843
1xdq_C	0.12878787878787878
1xdw_A	0.5377643504531722
1xdz_A	0.5672268907563025
1xe1_A	0.4175824175824176
1xe8_B	0.10362694300518134
1xea_A	0.42765273311897106
1xeb_A	0.47651006711409394
1xer_A	0.30097087378640774
1xfj_A	0.1953125
1xfk_A	0.3950617283950617
1xg2_B	0.26490066225165565
1xg5_C	0.6342412451361867
1xg8_A	0.37037037037037035
1xgk_A	0.5692307692307692
1xgv_A	0.19534883720930232
1xhc_A	0.3670520231213873
1xhk_B	0.3048128342245989
1xhl_A	0.6678832116788321
1xhn_A	0.13953488372093023
1xho_C	0.415929203539823
1xhs_A	0.22123893805309736
1xiy_B	0.43258426966292135
1xj7_A	0.046875
1xja_C	0.4556213017751479
1xjs_A	0.1360544217687075
1xkg_A	0.18456375838926176
1xkn_A	0.3314447592067989
1xku_A	0.6163934426229508
1xkw_A	0.4019607843137255
1xl8_B	0.054901960784313725
1xm5_A	0.375
1xm7_A	0.4838709677419355
1xm8_A	0.33070866141732286
1xm9_A	0.4976190476190476
1xmb_A	0.37333333333333335
1xmx_A	0.3868421052631579
1xne_A	0.336283185840708
1xng_B	0.36259541984732824
1xnj_B	0.3392156862745098
1xo8_A	0.5165562913907285
1xov_A	0.31746031746031744
1xoy_A	0.43478260869565216
1xpi_A	0.2663755458515284
1xpm_A	0.37789203084832906
1xpq_A	0.17131474103585656
1xpv_A	0.5384615384615384
1xpw_A	0.5874125874125874
1xq4_A	0.5284552845528455
1xqi_A	0.027472527472527472
1xqo_A	0.06719367588932806
1xqr_A	0.5447761194029851
1xrh_C	0.16279069767441862
1xrs_A	0.18627450980392157
1xrs_B	0.39622641509433965
1xru_A	0.4626334519572954
1xs4_F	0.16580310880829016
1xs5_A	0.4875
1xsa_A	0.5228758169934641
1xt8_B	0.4581673306772908
1xtd_A	0.15436241610738255
1xtp_A	0.5203252032520326
1xts_A	0.5321637426900585
1xty_A	0.03333333333333333
1xtz_A	0.32926829268292684
1xu4_A	0.46855345911949686
1xv2_C	0.09871244635193133
1xvs_A	0.5
1xvw_B	0.45625
1xvx_A	0.5209003215434084
1xw8_A	0.4260869565217391
1xwa_A	0.5765765765765766
1xwi_A	0.36335403726708076
1xwm_A	0.25943396226415094
1xxi_A	0.3727810650887574
1xxp_A	0.20209059233449478
1xxq_A	0.025974025974025976
1xyn_A	0.033707865168539325
1y07_C	0.14516129032258066
1y0g_A	0.28994082840236685
1y0h_A	0.504950495049505
1y0k_A	0.17777777777777778
1y0v_C	0.056862745098039215
1y0z_B	0.17701863354037267
1y1l_A	0.3629032258064516
1y1p_B	0.5730994152046783
1y2i_A	0.3394495412844037
1y56_B	0.3155080213903743
1y5e_C	0.5217391304347826
1y5i_B	0.05697445972495088
1y67_D	0.12149532710280374
1y6i_A	0.1459227467811159
1y6z_B	0.16260162601626016
1y71_B	0.125
1y7i_B	0.4961832061068702
1y7p_B	0.5161290322580645
1y7w_A	0.0948905109489051
1y80_A	0.664
1y89_A	0.40336134453781514
1y8a_A	0.29073482428115016
1y8c_A	0.556910569105691
1y8r_A	0.36942675159235666
1y9j_A	0.2857142857142857
1y9k_B	0.6168831168831169
1y9o_A	0.5242718446601942
1y9q_A	0.5224719101123596
1y9z_B	0.4541284403669725
1ya0_B	0.1788793103448276
1yac_A	0.5588235294117647
1yax_A	0.09803921568627451
1yb2_A	0.5652173913043478
1yb3_A	0.07228915662650602
1yb5_A	0.5092592592592593
1ybe_A	0.08413461538461539
1ybf_A	0.43333333333333335
1ybj_A	0.07865168539325842
1yc9_A	0.4282238442822384
1ycd_B	0.6008403361344538
1ych_A	0.5326633165829145
1yco_B	0.34831460674157305
1yd5_A	0.36666666666666664
1yd6_D	0.34375
1ydg_E	0.5196078431372549
1ydx_A	0.2967914438502674
1ye5_B	0.4557823129251701
1ye8_A	0.43023255813953487
1yem_B	0.06626506024096386
1yf2_A	0.2917647058823529
1yfj_A	0.28957528957528955
1yfq_A	0.4824561403508772
1yfs_A	0.203125
1yg0_A	0.5151515151515151
1ygy_A	0.38235294117647056
1yht_A	0.4622093023255814
1yhu_O	0.033783783783783786
1yia_A	0.1933534743202417
1yir_A	0.05897435897435897
1yix_A	0.4867924528301887
1yj5_B	0.3838120104438642
1yj8_A	0.3753501400560224
1yk3_F	0.4207920792079208
1yka_A	0.4782608695652174
1yle_A	0.14545454545454545
1yll_D	0.5435897435897435
1ylo_A	0.27167630057803466
1ylq_A	0.46236559139784944
1ym0_A	0.3235294117647059
1ym5_A	0.25170068027210885
1yni_A	0.13636363636363635
1ynq_B	0.5234899328859061
1yns_A	0.4015748031496063
1ynx_A	0.32456140350877194
1yo4_A	0.16091954022988506
1yo6_C	0.5791666666666667
1yoa_A	0.24528301886792453
1yoc_B	0.4557823129251701
1yox_D	0.11961722488038277
1yoz_B	0.1810344827586207
1yp1_A	0.135678391959799
1yp3_C	0.4091954022988506
1ypx_A	0.41823899371069184
1ypy_A	0.04395604395604396
1ypz_E	0.5072463768115942
1yq8_A	0.3193717277486911
1yqe_A	0.23404255319148937
1yqh_A	0.4519230769230769
1yra_B	0.4521072796934866
1ys3_B	0.5652173913043478
1ys6_B	0.5286343612334802
1ysj_A	0.3732590529247911
1ysp_A	0.3719512195121951
1ysq_A	0.23204419889502761
1yt3_A	0.23733333333333334
1yt8_A	0.492156862745098
1ytl_A	0.37341772151898733
1yu2_A	0.16976127320954906
1yub_A	0.3469387755102041
1yud_E	0.5
1yum_A	0.4339622641509434
1yv1_A	0.3217821782178218
1yvl_B	0.07647058823529412
1yvo_B	0.5146198830409356
1yvp_B	0.34705882352941175
1yw5_A	0.23728813559322035
1yw6_A	0.3987341772151899
1ywu_A	0.328
1yx0_A	0.48344370860927155
1yxk_B	0.2074074074074074
1yxm_A	0.6094276094276094
1yy3_A	0.0761904761904762
1yy7_A	0.2815533980582524
1yz6_A	0.3218390804597701
1yzf_A	0.6051282051282051
1yzv_A	0.4512820512820513
1z02_A	0.1405152224824356
1z05_A	0.4090909090909091
1z08_C	0.49101796407185627
1z0z_A	0.357429718875502
1z11_A	0.11991434689507495
1z1s_A	0.45588235294117646
1z24_A	0.164021164021164
1z2a_A	0.49390243902439024
1z2i_A	0.12285714285714286
1z2k_A	0.46296296296296297
1z2z_A	0.10297482837528604
1z45_A	0.43333333333333335
1z47_A	0.39420289855072466
1z5h_A	0.2568627450980392
1z6a_A	0.41041666666666665
1z6m_A	0.44571428571428573
1z6n_A	0.41566265060240964
1z7e_D	0.4647058823529412
1z7n_B	0.07861635220125786
1z7q_F	0.06837606837606838
1z7z_I	0.5714285714285714
1z82_A	0.3782051282051282
1z85_B	0.35648148148148145
1z8f_A	0.44565217391304346
1z8g_A	0.24043715846994534
1z9d_A	0.4117647058823529
1z9f_A	0.3707865168539326
1z9v_A	0.058823529411764705
1zak_A	0.39545454545454545
1zb1_A	0.23160762942779292
1zbm_A	0.3484848484848485
1zbo_B	0.205
1zbp_A	0.11278195488721804
1zbr_A	0.2713864306784661
1zc1_A	0.0625
1zca_A	0.2893081761006289
1zcc_A	0.38333333333333336
1zce_A	0.19863013698630136
1zch_A	0.3172690763052209
1zcz_B	0.2577092511013216
1zd0_A	0.0425531914893617
1zd1_A	0.3466135458167331
1ze1_C	0.2532467532467532
1zej_A	0.3900709219858156
1zel_B	0.19322033898305085
1zem_A	0.6423076923076924
1zeq_X	0.42857142857142855
1zet_A	0.10051546391752578
1zfl_A	0.14925373134328357
1zg3_A	0.4273743016759777
1zgs_A	0.12669683257918551
1zh1_A	0.09815950920245399
1zh8_A	0.5353846153846153
1zhi_B	0.12
1zhs_A	0.23008849557522124
1zhv_A	0.2462686567164179
1zhz_A	0.05733944954128441
1zj6_A	0.4797687861271676
1zjj_B	0.49809885931558934
1zjk_A	0.2512820512820513
1zjr_A	0.4873096446700508
1zki_A	0.3888888888888889
1zku_K	0.3402777777777778
1zl0_A	0.47058823529411764
1zle_B	0.2018348623853211
1zma_A	0.4745762711864407
1znp_A	0.5214285714285715
1zo2_B	0.3951612903225806
1zot_A	0.04843304843304843
1zp6_A	0.5511363636363636
1zpu_A	0.3
1zpv_C	0.45454545454545453
1zpw_X	0.4878048780487805
1zq1_A	0.47139588100686497
1zq7_B	0.23039215686274508
1zs7_A	0.0748663101604278
1zso_B	0.0880503144654088
1zsw_A	0.2896341463414634
1ztc_A	0.4258373205741627
1ztd_A	0.096
1ztp_B	0.09787234042553192
1ztv_A	0.4946236559139785
1zu5_B	0.43870967741935485
1zun_A	0.37745098039215685
1zuo_A	0.1111111111111111
1zup_A	0.05802047781569966
1zvp_D	0.3893129770992366
1zvr_A	0.19215686274509805
1zwt_A	0.08860759493670886
1zwx_A	0.4791666666666667
1zwy_B	0.2722222222222222
1zx5_A	0.47333333333333333
1zxe_C	0.33454545454545453
1zxi_C	0.2508710801393728
1zxj_D	0.025906735751295335
1zxq_A	0.6041666666666666
1zyb_A	0.4608695652173913
1zyl_A	0.3384615384615385
1zyw_A	0.21212121212121213
1zyz_A	0.09803921568627451
1zzg_A	0.3204819277108434
2a0u_A	0.3582887700534759
2a1u_A	0.38412698412698415
2a1x_A	0.3438735177865613
2a22_B	0.3891625615763547
2a2d_A	0.23214285714285715
2a2j_A	0.32019704433497537
2a2l_A	0.41379310344827586
2a2p_A	0.06201550387596899
2a35_A	0.5528846153846154
2a3j_A	0.46875
2a4a_A	0.496
2a4k_A	0.5991561181434599
2a4v_A	0.4807692307692308
2a5e_A	0.6346153846153846
2a5h_B	0.4292682926829268
2a5l_B	0.5942857142857143
2a5v_A	0.2904761904761905
2a5z_C	0.3073770491803279
2a62_A	0.49843260188087773
2a67_B	0.5508982035928144
2a6b_A	0.045662100456621
2a6p_A	0.47668393782383417
2a6y_A	0.36363636363636365
2a7k_C	0.4411764705882353
2a7s_A	0.3627450980392157
2a7y_A	0.325
2a8e_A	0.16666666666666666
2a8i_A	0.08211143695014662
2a9v_D	0.5174129353233831
2a9y_A	0.3903133903133903
2aag_B	0.5
2aam_B	0.4529616724738676
2ab1_A	0.5163934426229508
2ab5_A	0.24904214559386972
2abq_A	0.45098039215686275
2abw_B	0.45132743362831856
2aby_A	0.1721311475409836
2ac3_A	0.34296028880866425
2acf_D	0.27932960893854747
2adb_A	0.3228346456692913
2adc_A	0.3798076923076923
2ae6_A	0.4797297297297297
2aev_A	0.3907103825136612
2aex_A	0.12797619047619047
2afb_A	0.49848024316109424
2afj_A	0.22566371681415928
2afv_A	0.3271889400921659
2ag5_A	0.5772357723577236
2aga_A	0.22631578947368422
2agj_H	0.5619469026548672
2agk_A	0.5150214592274678
2ags_A	0.3215686274509804
2ah5_A	0.5476190476190477
2ahx_B	0.32745098039215687
2aiz_P	0.4626865671641791
2aj1_A	0.4788732394366197
2akk_A	0.25675675675675674
2ako_A	0.3941908713692946
2akw_B	0.11372549019607843
2al3_A	0.40789473684210525
2ale_A	0.2727272727272727
2am2_A	0.3964757709251101
2am5_A	0.3888888888888889
2amh_A	0.3076923076923077
2aml_A	0.4562841530054645
2amx_A	0.4532967032967033
2an3_B	0.5464684014869888
2anu_A	0.42857142857142855
2aou_B	0.5709342560553633
2apn_A	0.20175438596491227
2apo_A	0.25
2aqs_A	0.2875
2aqx_A	0.1384083044982699
2ark_A	0.5935828877005348
2arz_A	0.2773109243697479
2as9_A	0.33816425120772947
2ash_A	0.3656509695290859
2ask_A	0.07920792079207921
2asy_A	0.3564356435643564
2atm_A	0.22530864197530864
2atv_A	0.5892857142857143
2atz_A	0.26704545454545453
2au3_A	0.27791563275434245
2avd_A	0.6118721461187214
2avg_A	0.6363636363636364
2avn_A	0.5951417004048583
2aw2_A	0.6090909090909091
2awa_B	0.20105820105820105
2axn_A	0.38802660753880264
2axo_A	0.4369369369369369
2axp_A	0.5174418604651163
2axr_A	0.22338204592901878
2ayt_A	0.5043478260869565
2ayx_A	0.49606299212598426
2azk_A	0.15579710144927536
2azn_D	0.3698630136986301
2azo_B	0.1013215859030837
2azp_A	0.1918238993710692
2b06_A	0.36666666666666664
2b0a_A	0.21505376344086022
2b0c_A	0.4472361809045226
2b0v_A	0.5405405405405406
2b1x_A	0.12698412698412698
2b1x_B	0.31736526946107785
2b25_A	0.468503937007874
2b34_A	0.59375
2b3b_E	0.4030612244897959
2b3t_A	0.5362318840579711
2b3y_A	0.19019607843137254
2b4a_A	0.5775862068965517
2b4l_A	0.3358208955223881
2b4q_A	0.625
2b56_A	0.11936936936936937
2b5d_X	0.2568627450980392
2b5u_B	0.16666666666666666
2b5x_A	0.4864864864864865
2b67_A	0.3333333333333333
2b69_A	0.5993589743589743
2b6e_D	0.4178082191780822
2b7j_B	0.48066298342541436
2b7q_A	0.21978021978021978
2b7u_A	0.099601593625498
2b81_C	0.3875
2b8f_A	0.4583333333333333
2b9b_B	0.035269709543568464
2b9e_A	0.5490909090909091
2b9k_A	0.2765957446808511
2b9l_A	0.25806451612903225
2ba0_B	0.3108108108108108
2ba9_A	0.2576832151300236
2bas_A	0.34577114427860695
2bb3_A	0.3865979381443299
2bb6_A	0.3188405797101449
2bbe_A	0.44660194174757284
2bc0_A	0.35517970401691334
2bc4_C	0.358974358974359
2bcg_G	0.19457013574660634
2bcm_A	0.13043478260869565
2bd0_A	0.6291666666666667
2bdr_A	0.463855421686747
2bdt_A	0.45930232558139533
2bdv_A	0.1643192488262911
2be1_A	0.026578073089700997
2be3_A	0.08866995073891626
2be9_B	0.17567567567567569
2bek_A	0.5183673469387755
2bf4_A	0.33725490196078434
2bff_A	0.288265306122449
2bgk_A	0.6194029850746269
2bgo_A	0.5344827586206896
2bgw_A	0.3698630136986301
2bhv_B	0.14583333333333334
2bi0_A	0.3242424242424242
2bib_A	0.3607843137254902
2bih_A	0.10596026490066225
2bji_A	0.15636363636363637
2bjj_X	0.16666666666666666
2bka_A	0.6077586206896551
2bkp_A	0.42783505154639173
2bkr_A	0.2028301886792453
2bkv_B	0.4462809917355372
2bkw_A	0.450261780104712
2bma_A	0.2826552462526767
2bmb_A	0.36666666666666664
2bmu_B	0.38495575221238937
2bo8_A	0.5196850393700787
2boa_A	0.43564356435643564
2bol_A	0.24916943521594684
2boy_A	0.2727272727272727
2bt1_A	0.15354330708661418
2bte_A	0.11568627450980393
2btq_A	0.2562929061784897
2bue_A	0.4972067039106145
2buj_A	0.37800687285223367
2buz_A	0.2722772277227723
2bv2_A	0.1566265060240964
2bv9_A	0.5633802816901409
2bvb_A	0.029197080291970802
2bw2_A	0.1357142857142857
2bwf_A	0.4025974025974026
2byc_A	0.31386861313868614
2byd_A	0.13074204946996468
2byf_A	0.25862068965517243
2byo_A	0.30601092896174864
2bz0_B	0.15517241379310345
2bzu_A	0.12578616352201258
2c0c_A	0.4730878186968839
2c0n_A	0.4973821989528796
2c0z_A	0.36180904522613067
2c1c_A	0.42628205128205127
2c1d_A	0.10227272727272728
2c1d_B	0.2773722627737226
2c1g_A	0.4088541666666667
2c1l_A	0.2849162011173184
2c1v_A	0.21194029850746268
2c1y_A	0.3593073593073593
2c27_A	0.4139072847682119
2c2f_A	0.15730337078651685
2c2i_A	0.436241610738255
2c2j_A	0.09036144578313253
2c2y_A	0.4714285714285714
2c34_A	0.5258620689655172
2c36_A	0.06204379562043796
2c3b_A	0.11347517730496454
2c3e_A	0.15017064846416384
2c3g_A	0.3673469387755102
2c3w_A	0.49473684210526314
2c40_A	0.5066225165562914
2c41_C	0.36942675159235666
2c44_C	0.31837606837606836
2c45_A	0.2719298245614035
2c4e_A	0.4882943143812709
2c4n_A	0.476
2c4w_A	0.5476190476190477
2c59_A	0.5989010989010989
2c5d_C	0.5989583333333334
2c5s_A	0.3978494623655914
2c5w_B	0.2025974025974026
2c6x_C	0.05509641873278237
2c7h_A	0.4186046511627907
2c7s_A	0.2837370242214533
2c82_A	0.33509234828496043
2c8j_A	0.3633440514469453
2c91_A	0.47692307692307695
2c9e_A	0.031545741324921134
2cai_B	0.31100478468899523
2car_A	0.3010204081632653
2cb0_B	0.44144144144144143
2cb1_A	0.4222222222222222
2cb3_C	0.27586206896551724
2cb9_A	0.5424528301886793
2cbn_A	0.43137254901960786
2cbp_A	0.4583333333333333
2cc0_A	0.5625
2cdn_A	0.46236559139784944
2cdo_A	0.5942028985507246
2cdq_A	0.32978723404255317
2cdu_A	0.34811529933481156
2ce9_A	0.516320474777448
2cf4_A	0.23333333333333334
2cfc_A	0.624
2cff_B	0.5311203319502075
2cfh_D	0.13815789473684212
2cfi_A	0.4161290322580645
2cfm_A	0.10784313725490197
2cg8_C	0.24899598393574296
2cg9_X	0.1391304347826087
2cga_A	0.2530612244897959
2cgj_A	0.24634655532359082
2ch1_A	0.5025773195876289
2ch5_A	0.45348837209302323
2ch9_A	0.1111111111111111
2chc_A	0.3668639053254438
2chr_A	0.4297297297297297
2cir_A	0.22916666666666666
2civ_A	0.05351170568561873
2cjb_B	0.15555555555555556
2cjh_A	0.3632183908045977
2cjs_A	0.1901840490797546
2cjw_A	0.4550561797752809
2ckd_A	0.48514851485148514
2cks_B	0.5359477124183006
2cl8_A	0.17054263565891473
2cmh_A	0.3473282442748092
2cn3_A	0.36470588235294116
2coe_A	0.4
2cok_A	0.415929203539823
2cpc_A	0.504424778761062
2cpe_A	0.49557522123893805
2cpf_A	0.46938775510204084
2cq0_A	0.4174757281553398
2cqv_A	0.6228070175438597
2cr6_A	0.5652173913043478
2cri_A	0.3877551020408163
2crm_A	0.5833333333333334
2crz_A	0.5545454545454546
2csg_A	0.24700239808153476
2cso_A	0.09448818897637795
2csp_A	0.4
2cu0_A	0.3407821229050279
2cu2_A	0.31044776119402984
2cu5_A	0.16279069767441862
2cui_A	0.5803571428571429
2cul_A	0.30666666666666664
2cuw_A	0.4578313253012048
2cv9_A	0.503968253968254
2cve_A	0.18421052631578946
2cvl_E	0.4596774193548387
2cvo_A	0.27298850574712646
2cvz_C	0.41522491349480967
2cw5_C	0.20588235294117646
2cw9_A	0.24175824175824176
2cwz_A	0.5144927536231884
2cxf_A	0.0658682634730539
2cxh_A	0.35
2cxi_A	0.09798270893371758
2cxk_A	0.5517241379310345
2cxx_A	0.5434782608695652
2cy5_A	0.13076923076923078
2cyb_A	0.22570532915360503
2cyc_A	0.18328840970350405
2cz4_A	0.49
2cz5_B	0.5817307692307693
2czl_A	0.37777777777777777
2czq_A	0.5317073170731708
2czv_D	0.13445378151260504
2d0i_A	0.44144144144144143
2d0o_A	0.16666666666666666
2d0p_B	0.36363636363636365
2d0w_A	0.17857142857142858
2d1c_A	0.2505050505050505
2d1g_A	0.1787941787941788
2d1i_A	0.05309734513274336
2d1p_B	0.453781512605042
2d29_A	0.27461139896373055
2d2z_B	0.2833333333333333
2d32_A	0.060784313725490195
2d40_A	0.5743944636678201
2d42_A	0.040160642570281124
2d4e_C	0.21764705882352942
2d4g_A	0.35119047619047616
2d4l_A	0.12280701754385964
2d4x_A	0.1261682242990654
2d4y_A	0.10722610722610723
2d4z_B	0.24561403508771928
2d51_A	0.37037037037037035
2d5g_B	0.08235294117647059
2d5w_A	0.22941176470588234
2d6f_D	0.08627450980392157
2d73_A	0.22156862745098038
2d7d_A	0.26862745098039215
2d7p_A	0.5
2d80_A	0.42452830188679247
2d90_A	0.3627450980392157
2d92_A	0.3055555555555556
2d9o_A	0.33
2d9q_B	0.5719063545150501
2d9r_A	0.5058823529411764
2dad_A	0.21505376344086022
2dav_A	0.5555555555555556
2daz_A	0.3064516129032258
2db0_B	0.4666666666666667
2dbc_A	0.42962962962962964
2dbj_A	0.5161290322580645
2dby_A	0.28450704225352114
2dc0_A	0.2672811059907834
2dc1_A	0.3983050847457627
2dc2_A	0.3793103448275862
2dch_X	0.3284313725490196
2dd7_A	0.09767441860465116
2ddg_A	0.3926940639269406
2ddi_A	0.2
2ddm_B	0.3800738007380074
2dds_A	0.5083612040133779
2ddu_A	0.42857142857142855
2ddx_A	0.39814814814814814
2ddz_E	0.28421052631578947
2de4_B	0.15273775216138327
2de6_B	0.14102564102564102
2det_A	0.29315068493150687
2df4_A	0.2536082474226804
2dfh_A	0.2986425339366516
2dfi_A	0.22591362126245848
2dfj_A	0.40074906367041196
2dfu_A	0.1952191235059761
2dgd_A	0.527027027027027
2dgj_A	0.1991869918699187
2dgt_A	0.42391304347826086
2dgv_A	0.4673913043478261
2dgw_A	0.42857142857142855
2dgx_A	0.46875
2dh4_A	0.06748466257668712
2dha_A	0.43089430894308944
2dhg_A	0.4230769230769231
2dhs_A	0.47593582887700536
2di3_A	0.3246753246753247
2dia_A	0.5929203539823009
2dib_A	0.5
2dic_A	0.5428571428571428
2dis_A	0.44036697247706424
2diu_A	0.4791666666666667
2dj0_A	0.40875912408759124
2dj4_A	0.49074074074074076
2dji_A	0.4549019607843137
2djw_A	0.525
2dki_A	0.27058823529411763
2dkm_A	0.5480769230769231
2dkn_A	0.5748031496062992
2dkq_A	0.125
2dks_A	0.5692307692307692
2dku_A	0.5922330097087378
2dl9_A	0.5825242718446602
2dlc_X	0.1887905604719764
2dld_A	0.5756676557863502
2dle_A	0.5673076923076923
2dlt_A	0.5094339622641509
2dlu_A	0.3153153153153153
2dm2_A	0.5272727272727272
2dm4_A	0.5648148148148148
2dmg_A	0.21830985915492956
2dmh_A	0.2357142857142857
2dmk_A	0.5984251968503937
2dnc_A	0.35714285714285715
2dne_A	0.25
2dnh_A	0.4
2dnn_A	0.39814814814814814
2do4_A	0.39
2do8_A	0.0797872340425532
2dok_A	0.3352941176470588
2dou_A	0.44623655913978494
2dp9_A	0.08064516129032258
2dph_A	0.4120603015075377
2dpl_A	0.41114982578397213
2dpm_A	0.375968992248062
2dpn_A	0.23373983739837398
2dpt_A	0.2413793103448276
2dpw_A	0.4199134199134199
2dq4_A	0.42857142857142855
2dqb_C	0.14285714285714285
2dr1_A	0.4776902887139108
2dr3_D	0.5082644628099173
2dre_C	0.1016949152542373
2drh_A	0.1638418079096045
2dru_A	0.5166666666666667
2drv_B	0.2222222222222222
2ds4_A	0.5132743362831859
2dsb_A	0.33980582524271846
2dsj_A	0.24113475177304963
2dso_C	0.5077399380804953
2dst_A	0.319672131147541
2dt4_A	0.055944055944055944
2dt8_A	0.45714285714285713
2dtc_A	0.09482758620689655
2dtd_A	0.611764705882353
2dtt_B	0.4260869565217391
2du2_A	0.3502673796791444
2duw_A	0.5255474452554745
2dvm_A	0.4063926940639269
2dvn_A	0.26344086021505375
2dvy_A	0.04035874439461883
2dvz_A	0.46
2dwc_B	0.3276283618581907
2dx7_A	0.5921052631578947
2dxa_A	0.0189873417721519
2dy3_D	0.42441860465116277
2dyo_A	0.11895910780669144
2dyq_A	0.06451612903225806
2dyt_A	0.13615023474178403
2dza_B	0.4785992217898833
2dzk_A	0.3577981651376147
2e0i_B	0.2900232018561485
2e0k_B	0.3524590163934426
2e0w_B	0.096
2e0z_A	0.1652542372881356
2e11_A	0.4867924528301887
2e12_A	0.3010752688172043
2e18_A	0.43359375
2e1b_A	0.2175925925925926
2e1q_A	0.18627450980392157
2e21_A	0.39747634069400634
2e2r_A	0.03070175438596491
2e3m_A	0.2320675105485232
2e3x_B	0.21705426356589147
2e3x_C	0.25
2e46_A	0.4012738853503185
2e55_A	0.4326923076923077
2e59_A	0.25
2e5h_A	0.43617021276595747
2e5i_A	0.3790322580645161
2e5m_A	0.23325062034739455
2e5v_A	0.163135593220339
2e63_A	0.25882352941176473
2e67_A	0.23954372623574144
2e6c_A	0.522633744855967
2e6p_A	0.5673076923076923
2e6q_A	0.29464285714285715
2e7b_A	0.5242718446601942
2e7c_A	0.5932203389830508
2e7i_A	0.4273255813953488
2e7k_A	0.27472527472527475
2e7m_A	0.5132743362831859
2e7v_A	0.1391304347826087
2e7y_A	0.4375
2e7z_A	0.2411764705882353
2e87_A	0.3848314606741573
2e8b_A	0.4864864864864865
2e8e_A	0.36363636363636365
2e8g_A	0.20416666666666666
2e8z_A	0.37254901960784315
2e9g_A	0.48854961832061067
2e9w_B	0.6098081023454158
2e9y_A	0.2971246006389776
2eab_A	0.09215686274509804
2eaq_A	0.25842696629213485
2eb6_A	0.1797752808988764
2ebe_A	0.29245283018867924
2ebf_X	0.0784313725490196
2ebj_A	0.4947916666666667
2ebu_A	0.41964285714285715
2ece_A	0.3802197802197802
2ecu_A	0.26174496644295303
2ed6_A	0.32941176470588235
2edc_A	0.5290322580645161
2edf_A	0.5728155339805825
2edg_A	0.2846153846153846
2edh_A	0.4778761061946903
2edk_A	0.5742574257425742
2edm_A	0.30434782608695654
2edp_A	0.34
2edy_A	0.6019417475728155
2ee0_A	0.37719298245614036
2ee3_A	0.5740740740740741
2eec_A	0.296
2eed_A	0.504950495049505
2eeg_A	0.35106382978723405
2eej_A	0.375
2een_A	0.096045197740113
2eey_A	0.1375
2eez_A	0.3819241982507289
2ef0_A	0.554006968641115
2efj_A	0.4454022988505747
2efv_A	0.15853658536585366
2efx_A	0.3011049723756906
2egg_A	0.4784172661870504
2egv_B	0.4279475982532751
2ehd_B	0.596244131455399
2ehg_A	0.5369127516778524
2ei2_A	0.21070234113712374
2eif_A	0.3383458646616541
2eig_A	0.16956521739130434
2eih_A	0.446064139941691
2eiu_E	0.192
2ej9_A	0.3755274261603376
2eja_A	0.4688427299703264
2ejb_A	0.5568181818181818
2ejn_A	0.03424657534246575
2eju_A	0.37735849056603776
2ek0_A	0.37777777777777777
2ek9_A	0.4077669902912621
2ekd_F	0.27450980392156865
2ekl_A	0.48717948717948717
2ekn_A	0.19310344827586207
2eky_B	0.46
2ela_B	0.05673758865248227
2enj_A	0.2246376811594203
2eno_A	0.30833333333333335
2enp_A	0.35374149659863946
2enx_A	0.31290322580645163
2eny_A	0.5480769230769231
2eo0_A	0.36153846153846153
2eo4_A	0.2751677852348993
2eo9_A	0.6610169491525424
2ep5_C	0.3524355300859599
2eq5_A	0.5767441860465117
2eqn_A	0.1262135922330097
2erf_A	0.32057416267942584
2erp_A	0.23708920187793428
2erv_A	0.4266666666666667
2esn_B	0.49
2et7_A	0.4975124378109453
2etw_A	0.09090909090909091
2euf_A	0.0942622950819672
2ev9_B	0.4752851711026616
2evb_A	0.4864864864864865
2evr_A	0.2702702702702703
2evv_B	0.23626373626373626
2ew0_A	0.07428571428571429
2ew2_B	0.4012738853503185
2ewc_B	0.45901639344262296
2ewf_A	0.20588235294117646
2ewg_A	0.05994550408719346
2ewm_B	0.5506072874493927
2ewn_A	0.3333333333333333
2ewo_H	0.2872628726287263
2exn_A	0.13846153846153847
2exu_A	0.19791666666666666
2exx_A	0.5540983606557377
2ezv_B	0.13382899628252787
2f00_B	0.422360248447205
2f06_A	0.4236111111111111
2f17_A	0.3568627450980392
2f1e_A	0.5344827586206896
2f1z_B	0.13097713097713098
2f20_A	0.11158798283261803
2f25_A	0.3512064343163539
2f2f_B	0.421455938697318
2f2f_C	0.07142857142857142
2f2h_A	0.29411764705882354
2f2l_A	0.25748502994011974
2f2t_A	0.5126582278481012
2f33_A	0.16475095785440613
2f3o_A	0.10784313725490197
2f3x_A	0.4405594405594406
2f40_A	0.24324324324324326
2f46_A	0.5034965034965035
2f48_B	0.2607843137254902
2f4i_B	0.033707865168539325
2f4m_A	0.08813559322033898
2f4n_B	0.22594142259414227
2f4p_A	0.5895522388059702
2f4w_B	0.05921052631578947
2f51_A	0.5585585585585585
2f59_D	0.564625850340136
2f5s_A	0.14652014652014653
2f5u_A	0.026829268292682926
2f5x_B	0.4533333333333333
2f6a_A	0.1716171617161716
2f6i_C	0.4207650273224044
2f6k_A	0.4411764705882353
2f6l_A	0.030120481927710843
2f6r_A	0.41739130434782606
2f6u_A	0.47186147186147187
2f7k_B	0.4024767801857585
2f8h_A	0.325
2f8j_C	0.3373134328358209
2f8m_A	0.3459915611814346
2f8s_A	0.11764705882352941
2f9f_A	0.5903614457831325
2f9h_A	0.1487603305785124
2f9i_A	0.34951456310679613
2f9i_B	0.36538461538461536
2f9r_A	0.4105263157894737
2f9w_A	0.36947791164658633
2f9z_C	0.23376623376623376
2fa1_A	0.11949685534591195
2fa8_B	0.6091954022988506
2fao_B	0.13898305084745763
2fb0_A	0.48936170212765956
2fba_A	0.22357723577235772
2fbo_J	0.532
2fby_A	0.32653061224489793
2fc8_A	0.45098039215686275
2fcb_A	0.5780346820809249
2fck_A	0.5517241379310345
2fcr_A	0.630057803468208
2fcu_A	0.2588996763754045
2fd4_A	0.1619047619047619
2fdb_M	0.06711409395973154
2fdj_A	0.3557692307692308
2fdr_A	0.5045045045045045
2fe0_A	0.1450381679389313
2fe1_A	0.49230769230769234
2fef_B	0.15492957746478872
2fen_D	0.07580174927113703
2fex_C	0.48404255319148937
2ff4_A	0.3720316622691293
2ffi_A	0.4468864468864469
2ffj_B	0.2730627306273063
2ffz_A	0.1673469387755102
2fgc_A	0.5217391304347826
2fgr_A	0.35843373493975905
2fgt_A	0.064343163538874
2fgx_A	0.6
2fgy_A	0.16348195329087048
2fhp_A	0.6120218579234973
2fhq_A	0.4740740740740741
2fhz_A	0.08490566037735849
2fi1_A	0.5294117647058824
2fi9_A	0.423728813559322
2fia_B	0.5471698113207547
2fin_A	0.10330578512396695
2fiq_A	0.2780487804878049
2fiu_A	0.5729166666666666
2fiw_A	0.59375
2fiy_A	0.1649122807017544
2fj0_A	0.33137254901960783
2fj8_A	0.1
2fjt_A	0.0898876404494382
2fkb_C	0.39520958083832336
2flz_A	0.4421768707482993
2fm1_D	0.4753623188405797
2fmc_A	0.12195121951219512
2fn8_A	0.6917808219178082
2fna_A	0.4090909090909091
2fnc_A	0.39841688654353563
2fne_C	0.3269230769230769
2fni_B	0.44385026737967914
2fnj_A	0.3271889400921659
2fo0_A	0.2832618025751073
2fo1_E	0.6498316498316499
2fp3_A	0.452755905511811
2fph_X	0.06666666666666667
2fpo_C	0.6022099447513812
2fpw_B	0.4662576687116564
2fq1_A	0.4551971326164875
2fqh_A	0.08256880733944955
2fqw_A	0.6012658227848101
2fre_A	0.4
2frg_P	0.5283018867924528
2frx_A	0.4307692307692308
2fs2_B	0.5
2fsd_A	0.12727272727272726
2fsk_B	0.3148148148148148
2fsq_A	0.19827586206896552
2fsr_A	0.4853801169590643
2fsx_A	0.45454545454545453
2ftk_B	0.24725274725274726
2ftr_A	0.49514563106796117
2ftw_A	0.3615702479338843
2ftz_A	0.1018867924528302
2fur_A	0.32642487046632124
2fvg_A	0.24115755627009647
2fvk_A	0.3196078431372549
2fw2_F	0.4423076923076923
2fy1_A	0.4722222222222222
2fyh_A	0.3368421052631579
2fyk_A	0.33191489361702126
2fyw_A	0.19101123595505617
2fz0_A	0.18120805369127516
2fzf_A	0.33544303797468356
2fzv_B	0.5587044534412956
2g02_A	0.2896039603960396
2g08_B	0.3539518900343643
2g0b_B	0.42857142857142855
2g0t_B	0.5545722713864307
2g17_A	0.3353115727002967
2g18_D	0.04435483870967742
2g1e_A	0.3333333333333333
2g29_A	0.35584415584415585
2g2c_A	0.5328947368421053
2g2q_B	0.3884297520661157
2g36_A	0.19875776397515527
2g37_B	0.38333333333333336
2g39_A	0.2404040404040404
2g3f_A	0.38164251207729466
2g3m_F	0.25882352941176473
2g3o_C	0.06481481481481481
2g3p_A	0.10945273631840796
2g3w_A	0.2122905027932961
2g40_A	0.27439024390243905
2g46_A	0.2857142857142857
2g49_A	0.27058823529411763
2g5g_X	0.3215686274509804
2g5x_A	0.07264957264957266
2g64_A	0.25
2g6t_A	0.2777777777777778
2g6w_A	0.42036553524804177
2g6z_A	0.3741496598639456
2g7j_A	0.22321428571428573
2g7u_A	0.32270916334661354
2g8l_B	0.2937062937062937
2g8s_A	0.45977011494252873
2g8y_A	0.11142061281337047
2g9d_A	0.32941176470588235
2g9g_A	0.13756613756613756
2g9o_A	0.4805194805194805
2g9z_A	0.2356902356902357
2gaa_A	0.1580547112462006
2gah_A	0.2725490196078431
2gai_A	0.13529411764705881
2gak_A	0.40106951871657753
2gau_A	0.47706422018348627
2gax_A	0.14814814814814814
2gb3_B	0.4263959390862944
2gb5_A	0.33962264150943394
2gbb_A	0.038461538461538464
2gbs_A	0.23448275862068965
2gbw_A	0.1447661469933185
2gbw_B	0.22941176470588234
2gc9_A	0.07865168539325842
2gca_A	0.3170731707317073
2gcf_A	0.3150684931506849
2gdz_A	0.6090225563909775
2gef_B	0.12807881773399016
2gep_A	0.24152542372881355
2gf0_B	0.4942528735632184
2gf2_A	0.4391891891891892
2gf6_A	0.40298507462686567
2gff_B	0.47
2gfg_A	0.015706806282722512
2gfn_B	0.41450777202072536
2gfp_A	0.042666666666666665
2gfq_A	0.25
2gfu_A	0.2462686567164179
2ggp_A	0.4931506849315068
2ggq_A	0.35910224438902744
2gh0_A	0.025
2gh1_A	0.4483985765124555
2gh4_A	0.4325068870523416
2gh8_A	0.11764705882352941
2gh9_A	0.3994708994708995
2ghs_A	0.43389830508474575
2gie_A	0.08171206225680934
2giy_A	0.24581005586592178
2gji_A	0.2073170731707317
2gjt_B	0.2888086642599278
2gju_A	0.5595238095238095
2gjv_A	0.47058823529411764
2gjx_E	0.3556910569105691
2gk4_A	0.5502183406113537
2gkd_A	0.3741935483870968
2gks_B	0.3862745098039216
2gl0_A	0.06748466257668712
2glf_A	0.19555555555555557
2glj_R	0.09649122807017543
2glu_A	0.6495726495726496
2glz_A	0.2483221476510067
2gm2_A	0.3787878787878788
2gm3_A	0.5816993464052288
2gm8_D	0.11981566820276497
2gmf_A	0.14049586776859505
2gmh_A	0.3333333333333333
2gms_A	0.39487179487179486
2gn0_C	0.3567073170731707
2gnp_A	0.38549618320610685
2go8_A	0.34831460674157305
2gow_A	0.3103448275862069
2gpq_A	0.08755760368663594
2gpr_A	0.2662337662337662
2gqf_A	0.24937655860349128
2gqk_A	0.4797687861271676
2gqs_A	0.0970464135021097
2gre_A	0.17891373801916932
2grj_A	0.5251396648044693
2gru_A	0.30517711171662126
2grv_A	0.2803921568627451
2gs5_A	0.046632124352331605
2gs9_A	0.5260663507109005
2gsc_B	0.29914529914529914
2gsk_A	0.42745098039215684
2gt4_A	0.45625
2gtt_M	0.047619047619047616
2gu0_A	0.10963455149501661
2guj_B	0.24087591240875914
2gup_A	0.3875432525951557
2gux_A	0.06349206349206349
2gvc_A	0.28054298642533937
2gvq_D	0.0463768115942029
2gwh_B	0.3541666666666667
2gwr_A	0.5066666666666667
2gx5_C	0.4472049689440994
2gz4_A	0.12
2gza_C	0.22321428571428573
2gzq_A	0.17277486910994763
2gzs_A	0.4939759036144578
2h0h_B	0.3652173913043478
2h0j_B	0.4824561403508772
2h0v_A	0.5044776119402985
2h1n_A	0.11176470588235295
2h1y_B	0.23003194888178913
2h2a_A	0.4973544973544973
2h2w_A	0.38408304498269896
2h30_A	0.4503311258278146
2h34_A	0.43621399176954734
2h39_B	0.14057507987220447
2h3h_A	0.6677316293929713
2h56_A	0.1559633027522936
2h5y_B	0.5278969957081545
2h6b_A	0.4811715481171548
2h6l_A	0.07142857142857142
2h6o_A	0.18636363636363637
2h6r_B	0.48325358851674644
2h7y_A	0.5678571428571428
2h7z_B	0.24675324675324675
2h84_A	0.41597796143250687
2h8e_A	0.55
2h9f_A	0.1534526854219949
2h9l_A	0.5763239875389408
2h9u_A	0.33663366336633666
2ha1_A	0.5223880597014925
2hag_A	0.11074918566775244
2hbo_A	0.43661971830985913
2hc9_A	0.12065439672801637
2hcf_A	0.49333333333333335
2hcm_A	0.44025157232704404
2hcz_X	0.2644628099173554
2hde_A	0.27702702702702703
2hdi_A	0.37058823529411766
2hdo_A	0.5555555555555556
2hdw_A	0.616822429906542
2heg_B	0.44549763033175355
2hek_A	0.12466124661246612
2hes_X	0.538961038961039
2hey_F	0.45925925925925926
2hf2_B	0.36666666666666664
2hf6_A	0.20134228187919462
2hfo_A	0.29333333333333333
2hfq_A	0.1411764705882353
2hfu_A	0.3496932515337423
2hg6_A	0.09433962264150944
2hga_A	0.2621359223300971
2hgs_A	0.2457627118644068
2hhg_A	0.4166666666666667
2hhl_C	0.4673913043478261
2hhx_A	0.041176470588235294
2hhz_A	0.4316546762589928
2hi0_A	0.5083333333333333
2hih_A	0.3333333333333333
2hiy_D	0.32786885245901637
2hj0_A	0.307843137254902
2hje_A	0.13333333333333333
2hjn_A	0.07766990291262135
2hjs_A	0.4041916167664671
2hk2_A	0.22054380664652568
2hk7_A	0.42379182156133827
2hkv_A	0.44594594594594594
2hkx_A	0.3577981651376147
2hky_A	0.13178294573643412
2hlj_A	0.43506493506493504
2hls_A	0.46551724137931033
2hly_A	0.07804878048780488
2hnb_A	0.5850340136054422
2hnk_B	0.6422413793103449
2ho9_A	0.16766467065868262
2hoe_A	0.3757062146892655
2hoq_A	0.48523206751054854
2hox_D	0.2107728337236534
2hp0_A	0.2058165548098434
2hpv_A	0.5458937198067633
2hpw_A	0.09170305676855896
2hq3_A	0.2619047619047619
2hq7_B	0.44366197183098594
2hq9_B	0.4057971014492754
2hqb_A	0.5265017667844523
2hqi_A	0.5
2hqs_A	0.4854368932038835
2hqy_A	0.29194630872483224
2hr9_A	0.06896551724137931
2hra_A	0.14444444444444443
2hs5_A	0.4057971014492754
2hsb_A	0.42063492063492064
2hsi_B	0.4605263157894737
2hsj_D	0.5514018691588785
2hsz_A	0.6044444444444445
2hta_A	0.1414141414141414
2htd_B	0.45161290322580644
2hth_B	0.2558139534883721
2hti_A	0.4126984126984127
2htm_E	0.328125
2hu9_A	0.23076923076923078
2huh_A	0.36054421768707484
2hv2_B	0.30788804071246817
2hva_A	0.38421052631578945
2hvr_A	0.09717868338557993
2hvw_A	0.3741496598639456
2hvz_A	0.4158415841584158
2hw2_A	0.13043478260869565
2hwj_A	0.08163265306122448
2hwy_A	0.1810344827586207
2hx0_A	0.06521739130434782
2hx1_A	0.44366197183098594
2hx5_A	0.3888888888888889
2hxs_A	0.47752808988764045
2hy7_A	0.517426273458445
2hyb_B	0.44696969696969696
2hyb_C	0.46534653465346537
2hyd_A	0.27450980392156865
2hyi_C	0.45153061224489793
2hzq_A	0.1686746987951807
2i00_C	0.35175879396984927
2i02_A	0.4785714285714286
2i0m_A	0.3140096618357488
2i0o_A	0.3693379790940767
2i0q_A	0.2993492407809111
2i0x_A	0.5238095238095238
2i0z_A	0.25961538461538464
2i10_B	0.3131868131868132
2i1k_A	0.13725490196078433
2i1n_B	0.27450980392156865
2i1o_A	0.2262210796915167
2i1s_B	0.2154696132596685
2i1y_B	0.3
2i2a_A	0.3068181818181818
2i2x_J	0.49224806201550386
2i33_A	0.3865546218487395
2i3a_D	0.30835734870317005
2i3b_A	0.3333333333333333
2i3e_A	0.04954954954954955
2i3f_A	0.03398058252427184
2i45_D	0.6060606060606061
2i4c_A	0.3541147132169576
2i4n_B	0.18099547511312217
2i50_A	0.11475409836065574
2i51_A	0.31958762886597936
2i53_A	0.08267716535433071
2i5e_A	0.44285714285714284
2i5h_A	0.1853932584269663
2i5i_A	0.40229885057471265
2i5r_B	0.3644067796610169
2i61_A	0.20967741935483872
2i6a_A	0.3673469387755102
2i6d_A	0.44223107569721115
2i6e_A	0.4227941176470588
2i6j_A	0.5031055900621118
2i6q_A	0.44731610337972166
2i6x_A	0.4926829268292683
2i71_B	0.2393617021276596
2i79_A	0.5964912280701754
2i7g_B	0.4811594202898551
2i7h_A	0.40641711229946526
2i7r_A	0.34782608695652173
2i7t_A	0.3118811881188119
2i82_A	0.30414746543778803
2i85_A	0.21830985915492956
2i88_A	0.05056179775280899
2i99_A	0.4166666666666667
2i9d_A	0.18691588785046728
2i9u_A	0.43675417661097854
2ia2_A	0.332
2ia4_B	0.5071942446043165
2ia5_H	0.43853820598006643
2iab_A	0.37254901960784315
2iag_A	0.12738853503184713
2ib0_A	0.4225352112676056
2ibg_A	0.5841121495327103
2ibo_A	0.4444444444444444
2ibp_A	0.02702702702702703
2ic8_A	0.23076923076923078
2icg_A	0.05660377358490566
2ich_B	0.08359133126934984
2ics_A	0.421195652173913
2ida_A	0.13725490196078433
2idb_A	0.10759493670886076
2idq_A	0.42857142857142855
2idu_A	0.4
2iee_A	0.5179282868525896
2iel_A	0.5757575757575758
2iep_A	0.7005347593582888
2iew_A	0.06589147286821706
2if6_A	0.3241758241758242
2if7_D	0.5364583333333334
2ifa_B	0.3482587064676617
2ifs_A	0.08284023668639054
2ifw_A	0.07766990291262135
2ig6_A	0.3916083916083916
2igt_A	0.46325878594249204
2ihv_A	0.47058823529411764
2ii2_A	0.125
2ii6_A	0.2035623409669211
2ii7_B	0.41739130434782606
2iie_A	0.1323529411764706
2iii_A	0.375
2ija_A	0.2465753424657534
2ijd_1	0.15294117647058825
2ije_S	0.0759493670886076
2ijq_A	0.3310344827586207
2ijr_A	0.0070921985815602835
2ik0_B	0.05244755244755245
2ikk_A	0.06164383561643835
2im9_A	0.19732441471571907
2imh_A	0.12831858407079647
2iml_D	0.12690355329949238
2imr_A	0.35789473684210527
2imz_A	0.09027777777777778
2in3_A	0.35784313725490197
2inf_A	0.438953488372093
2inn_A	0.20362903225806453
2inw_A	0.13675213675213677
2io9_B	0.1980392156862745
2iop_D	0.19215686274509805
2ip2_A	0.503030303030303
2ipa_B	0.4676258992805755
2ipc_A	0.20784313725490197
2ipq_X	0.06611570247933884
2iq1_A	0.4474708171206226
2iqi_F	0.41714285714285715
2iqt_A	0.13898305084745763
2iqy_A	0.3105263157894737
2irm_A	0.36578171091445427
2irp_A	0.10679611650485436
2iry_A	0.15625
2is6_A	0.27647058823529413
2isb_A	0.11956521739130435
2isn_A	0.36253776435045315
2it1_A	0.40607734806629836
2iu1_A	0.22346368715083798
2iu6_B	0.3925233644859813
2iue_A	0.4858490566037736
2ium_A	0.0995260663507109
2iut_A	0.23227383863080683
2iv9_A	0.2754237288135593
2ive_A	0.25277161862527714
2ivf_A	0.12941176470588237
2ivf_C	0.1308411214953271
2iw0_A	0.3938053097345133
2iw1_A	0.5621621621621622
2iwc_A	0.2196078431372549
2iwg_B	0.2983425414364641
2iwp_B	0.29245283018867924
2iwq_A	0.29347826086956524
2ix1_A	0.18235294117647058
2ix6_F	0.26139088729016785
2ixd_A	0.5493562231759657
2ixl_C	0.4365482233502538
2ixn_A	0.05136986301369863
2ixp_B	0.0379746835443038
2ixs_A	0.22570532915360503
2izw_C	0.028846153846153848
2j04_A	0.28627450980392155
2j09_A	0.2171837708830549
2j0b_A	0.37037037037037035
2j0o_A	0.1267605633802817
2j0w_A	0.3378076062639821
2j17_B	0.3767123287671233
2j23_A	0.5043478260869565
2j2z_B	0.2733333333333333
2j3g_E	0.07339449541284404
2j3l_B	0.0803921568627451
2j3s_A	0.3874538745387454
2j3t_B	0.0915032679738562
2j3v_A	0.08837209302325581
2j43_A	0.365296803652968
2j4k_D	0.3584070796460177
2j4n_A	0.21
2j4x_A	0.1065989847715736
2j5b_A	0.19254658385093168
2j5s_A	0.4103585657370518
2j5t_D	0.3041095890410959
2j5u_A	0.2843601895734597
2j63_A	0.3663663663663664
2j68_A	0.24705882352941178
2j6a_A	0.058823529411764705
2j6p_A	0.43448275862068964
2j6v_A	0.4377224199288256
2j72_B	0.34951456310679613
2j74_B	0.5412371134020618
2j7q_A	0.07327586206896551
2j7t_A	0.3684210526315789
2j85_A	0.1271186440677966
2j89_A	0.32786885245901637
2j8a_A	0.30701754385964913
2j8f_A	0.4349112426035503
2j9i_A	0.030878859857482184
2j9o_D	0.3054545454545455
2ja1_A	0.43523316062176165
2ja3_C	0.19186046511627908
2ja4_A	0.0891089108910891
2jas_C	0.41025641025641024
2jb2_A	0.2359081419624217
2jbs_C	0.2525
2jbw_B	0.5512465373961218
2jbz_A	0.21774193548387097
2jc3_C	0.3979591836734694
2jcb_A	0.4536082474226804
2jcd_A	0.19682539682539682
2jda_B	0.49295774647887325
2jdd_A	0.5241379310344828
2jdj_B	0.21904761904761905
2je9_A	0.10504201680672269
2jen_A	0.13304721030042918
2jep_A	0.5261707988980716
2jfq_A	0.5225563909774437
2jfr_A	0.49145299145299143
2jg2_A	0.40350877192982454
2jg5_A	0.47058823529411764
2jgp_A	0.2568627450980392
2jgq_A	0.4224137931034483
2jh3_A	0.3355119825708061
2jhn_A	0.1945392491467577
2ji2_A	0.20634920634920634
2ji6_A	0.4647058823529412
2jig_A	0.38425925925925924
2jii_B	0.37423312883435583
2jj6_A	0.20149253731343283
2jjp_A	0.1486146095717884
2jk1_A	0.572463768115942
2jkr_L	0.492156862745098
2jks_A	0.20774647887323944
2jkv_A	0.32987551867219916
2jky_A	0.3864734299516908
2jl1_A	0.5818815331010453
2jlb_A	0.5058823529411764
2jll_A	0.6178010471204188
2jlm_D	0.4725274725274725
2jlp_D	0.35502958579881655
2jmc_A	0.15584415584415584
2jmu_A	0.026785714285714284
2jn9_A	0.23809523809523808
2jnk_A	0.29285714285714287
2jnq_A	0.0913978494623656
2jnz_A	0.37037037037037035
2jol_A	0.03260869565217391
2jon_A	0.0594059405940594
2jop_A	0.1
2joq_A	0.46153846153846156
2jpe_A	0.3106060606060606
2jqn_A	0.19827586206896552
2jqo_A	0.4074074074074074
2jqv_A	0.24242424242424243
2jr0_A	0.24324324324324326
2js7_A	0.40625
2jso_A	0.18181818181818182
2jtr_A	0.5882352941176471
2jty_A	0.1358695652173913
2ju5_A	0.4375
2juo_A	0.16853932584269662
2jvi_A	0.6136363636363636
2jwy_A	0.16666666666666666
2jxr_A	0.21580547112462006
2jxu_A	0.09803921568627451
2jyb_A	0.3888888888888889
2jz4_A	0.10367892976588629
2jzc_A	0.417910447761194
2jzh_A	0.3212121212121212
2jzj_A	0.14655172413793102
2jzk_A	0.1262135922330097
2jzv_A	0.3333333333333333
2jzx_A	0.40625
2k0a_A	0.1559633027522936
2k0l_A	0.38095238095238093
2k0r_A	0.40625
2k0z_A	0.43636363636363634
2k13_X	0.0970873786407767
2k2b_A	0.07207207207207207
2k2e_A	0.2974683544303797
2k2o_A	0.008130081300813009
2k32_A	0.27586206896551724
2k36_A	0.03355704697986577
2k3n_A	0.1
2k4m_A	0.6078431372549019
2k4y_A	0.37209302325581395
2k50_A	0.4
2k51_A	0.14285714285714285
2k52_A	0.43243243243243246
2k5d_A	0.14545454545454545
2k5g_A	0.31413612565445026
2k5i_A	0.3148148148148148
2k5n_A	0.35135135135135137
2k5v_A	0.42857142857142855
2k6v_A	0.48255813953488375
2k78_A	0.19047619047619047
2k7q_A	0.42408376963350786
2k87_A	0.10344827586206896
2k8o_A	0.05
2k8s_A	0.4875
2k8v_A	0.4012738853503185
2k8y_A	0.02
2k9k_A	0.44339622641509435
2k9x_A	0.3137254901960784
2ka3_A	0.25190839694656486
2ka5_A	0.56
2kaa_A	0.14615384615384616
2kbj_A	0.2878787878787879
2kbn_A	0.3486238532110092
2kc5_A	0.09259259259259259
2kcq_A	0.2875816993464052
2kcu_A	0.5
2kcw_A	0.46938775510204084
2kdv_A	0.43902439024390244
2kdx_A	0.36134453781512604
2ker_A	0.5
2kew_A	0.34868421052631576
2kfb_A	0.23563218390804597
2kfs_A	0.1917808219178082
2kfw_A	0.22448979591836735
2kg1_A	0.37142857142857144
2kgj_A	0.4019607843137255
2kgl_A	0.17435897435897435
2kgy_A	0.06521739130434782
2khc_A	0.3305084745762712
2khj_A	0.3146067415730337
2khp_A	0.4891304347826087
2khq_A	0.2909090909090909
2khz_A	0.5398773006134969
2ki2_A	0.44155844155844154
2ki7_A	0.26126126126126126
2ki8_A	0.1917808219178082
2kj3_A	0.1518987341772152
2kjr_A	0.28421052631578947
2kkn_A	0.4394904458598726
2kkq_A	0.6637931034482759
2kks_A	0.3698630136986301
2kkx_A	0.17647058823529413
2kl2_A	0.3087248322147651
2kll_A	0.13664596273291926
2kln_A	0.2903225806451613
2km1_A	0.4188034188034188
2kmg_A	0.13380281690140844
2kmt_A	0.18095238095238095
2kmx_A	0.08648648648648649
2kn4_A	0.45569620253164556
2knq_A	0.14084507042253522
2knr_A	0.211864406779661
2koj_A	0.32432432432432434
2kp5_A	0.14285714285714285
2kpl_A	0.23255813953488372
2kpn_A	0.4536082474226804
2kpo_A	0.43636363636363634
2kpt_A	0.24324324324324326
2kpu_A	0.23958333333333334
2kqa_A	0.225
2kr2_A	0.18421052631578946
2kr7_A	0.2185430463576159
2kt8_A	0.3026315789473684
2ktb_B	0.10743801652892562
2kua_A	0.09411764705882353
2kuc_A	0.47107438016528924
2kui_A	0.4264705882352941
2kut_A	0.4344262295081967
2kv8_A	0.30120481927710846
2kvk_A	0.16666666666666666
2kw4_A	0.36054421768707484
2kw5_A	0.44554455445544555
2kw7_A	0.3057324840764331
2kwi_A	0.4887640449438202
2kx9_A	0.3058823529411765
2kxs_A	0.136986301369863
2kxy_A	0.25
2ky6_A	0.15060240963855423
2kyr_A	0.5648148148148148
2kyw_A	0.2413793103448276
2kyy_A	0.2875816993464052
2kyz_A	0.5373134328358209
2kzb_A	0.41228070175438597
2kzk_A	0.42718446601941745
2kzr_A	0.38372093023255816
2l03_A	0.10810810810810811
2l1a_A	0.22429906542056074
2l1g_A	0.28735632183908044
2l1t_A	0.3486238532110092
2l2f_A	0.1574074074074074
2l2q_A	0.5045871559633027
2l3m_A	0.43661971830985913
2l48_A	0.4117647058823529
2l4s_A	0.3870967741935484
2l4v_A	0.15555555555555556
2l52_A	0.43434343434343436
2l5o_A	0.5533333333333333
2l5p_A	0.16
2l69_A	0.3358208955223881
2l6d_A	0.5192307692307693
2l6f_A	0.17045454545454544
2l7r_A	0.3918918918918919
2l81_A	0.1875
2l82_A	0.43209876543209874
2l8a_A	0.1610738255033557
2l8k_A	0.17886178861788618
2l8y_A	0.4095238095238095
2l90_A	0.3113207547169811
2l9d_A	0.1574074074074074
2l9l_A	0.5060975609756098
2l9y_A	0.19161676646706588
2la3_A	0.16230366492146597
2la7_A	0.27586206896551724
2lbo_A	0.08943089430894309
2lc0_A	0.22727272727272727
2lc6_A	0.2890625
2lcj_A	0.10810810810810811
2lcr_A	0.21649484536082475
2lfc_A	0.05
2lfe_A	0.4528301886792453
2lfi_A	0.13934426229508196
2lfp_A	0.4172661870503597
2lge_A	0.24031007751937986
2lgh_A	0.4444444444444444
2lgn_A	0.015151515151515152
2lgo_A	0.4
2lgr_A	0.32894736842105265
2lie_A	0.12418300653594772
2lj4_A	0.3391304347826087
2lja_A	0.3815789473684211
2ljk_A	0.452991452991453
2ljp_A	0.42016806722689076
2lkm_B	0.11046511627906977
2ll3_A	0.17142857142857143
2lll_A	0.3140495867768595
2llz_A	0.45
2lm3_A	0.23902439024390243
2ln7_A	0.3741496598639456
2ln8_A	0.12
2lnc_A	0.19680851063829788
2lnd_A	0.32142857142857145
2lok_A	0.16753926701570682
2loy_A	0.06557377049180328
2lp6_A	0.43956043956043955
2lqj_A	0.5957446808510638
2lqm_A	0.10919540229885058
2lr4_A	0.25
2lrc_A	0.5370370370370371
2lrh_A	0.31343283582089554
2lrn_A	0.5526315789473685
2lrt_A	0.5
2ls0_1	0.0859375
2ls5_A	0.5157232704402516
2ls6_A	0.5121951219512195
2lsh_A	0.2288135593220339
2lss_A	0.44285714285714284
2lst_A	0.5
2lt5_A	0.1
2ltl_A	0.15966386554621848
2ltm_A	0.22429906542056074
2lu2_A	0.18518518518518517
2lu7_A	0.6585365853658537
2luo_A	0.4634146341463415
2luw_A	0.5148514851485149
2luz_A	0.32967032967032966
2lv4_A	0.3561643835616438
2lv5_A	0.12962962962962962
2lvc_A	0.5555555555555556
2lvf_A	0.12280701754385964
2lw3_A	0.16666666666666666
2lw6_A	0.1
2lwf_A	0.19327731092436976
2lwy_A	0.014492753623188406
2lxf_A	0.4462809917355372
2lxr_A	0.4605263157894737
2lyv_A	0.47959183673469385
2m05_A	0.09230769230769231
2m19_A	0.41509433962264153
2m1w_A	0.37349397590361444
2m1x_A	0.4625
2m2b_A	0.37404580152671757
2m2j_A	0.14084507042253522
2m38_A	0.08148148148148149
2m3k_A	0.11764705882352941
2m3t_A	0.1853932584269663
2m5c_A	0.46255506607929514
2m5j_A	0.2336448598130841
2m5t_A	0.1619718309859155
2m72_A	0.48366013071895425
2m7b_A	0.14285714285714285
2m83_A	0.30935251798561153
2m9p_A	0.19166666666666668
2m9u_A	0.21348314606741572
2m9v_A	0.07058823529411765
2mah_A	0.109375
2mas_A	0.43130990415335463
2mbg_A	0.12452830188679245
2mca_A	0.4174757281553398
2mcf_A	0.1554054054054054
2mcm_A	0.35714285714285715
2mdt_A	0.40336134453781514
2mem_A	0.14285714285714285
2mf7_A	0.05511811023622047
2mf9_A	0.4585987261146497
2mgr_A	0.050505050505050504
2mhc_A	0.5
2mhj_A	0.28421052631578947
2mhk_A	0.3
2mii_A	0.5279187817258884
2mim_A	0.3651685393258427
2mj6_A	0.16666666666666666
2mjn_A	0.489247311827957
2mjp_A	0.266304347826087
2mk5_A	0.07633587786259542
2mki_A	0.39901477832512317
2mkk_A	0.3474178403755869
2mkl_C	0.5714285714285714
2mou_A	0.3181818181818182
2mp4_A	0.16363636363636364
2mpb_A	0.2827586206896552
2mpe_A	0.06153846153846154
2mph_A	0.3080357142857143
2mpl_A	0.10236220472440945
2mpr_C	0.37292161520190026
2mq8_A	0.44642857142857145
2mqa_A	0.12
2mqb_A	0.2236842105263158
2mqc_A	0.09523809523809523
2mql_A	0.42857142857142855
2mqn_A	0.38425925925925924
2mr5_A	0.3897058823529412
2mra_A	0.2905982905982906
2mry_A	0.5204081632653061
2msw_A	0.72
2mt9_A	0.6473988439306358
2mtg_A	0.2672413793103448
2mti_A	0.19424460431654678
2mu3_A	0.035175879396984924
2mui_A	0.06349206349206349
2mvz_A	0.21232876712328766
2mw1_A	0.22033898305084745
2mwc_A	0.5
2mwi_A	0.09016393442622951
2mx0_A	0.1951219512195122
2mx1_A	0.031746031746031744
2mx2_A	0.4691358024691358
2mx9_A	0.18796992481203006
2myf_A	0.43820224719101125
2myp_A	0.5114503816793893
2mzb_A	0.4642857142857143
2mzq_A	0.42574257425742573
2mzr_A	0.43157894736842106
2n03_A	0.046511627906976744
2n1k_A	0.6132075471698113
2n2m_A	0.44871794871794873
2n2t_A	0.5595238095238095
2n2u_A	0.44155844155844154
2n3e_A	0.1678832116788321
2n3l_A	0.30337078651685395
2n3o_A	0.34959349593495936
2n48_A	0.436241610738255
2n4o_A	0.12631578947368421
2n51_A	0.3233082706766917
2n56_A	0.33653846153846156
2n59_A	0.19801980198019803
2n6e_A	0.19090909090909092
2n6p_A	0.40476190476190477
2n7p_A	0.1523809523809524
2n7s_A	0.4891304347826087
2n7y_A	0.42105263157894735
2n8l_A	0.3507853403141361
2n8n_A	0.4305555555555556
2n8q_A	0.3008130081300813
2n93_A	0.2692307692307692
2nan_A	0.2714285714285714
2nba_A	0.13445378151260504
2nbh_A	0.1588785046728972
2nbs_A	0.47413793103448276
2nbu_A	0.4230769230769231
2nc8_A	0.13450292397660818
2ncl_A	0.41975308641975306
2nda_A	0.1592920353982301
2nlr_A	0.13063063063063063
2nly_A	0.5462962962962963
2nlz_D	0.049019607843137254
2nn6_A	0.05
2nnc_B	0.5565217391304348
2nnr_A	0.6
2nnz_A	0.183206106870229
2no4_B	0.5309734513274337
2np6_A	0.4289340101522843
2npb_A	0.48863636363636365
2npn_A	0.3445378151260504
2nq2_C	0.4820717131474104
2nq3_A	0.22137404580152673
2nq5_A	0.32941176470588235
2nr9_A	0.21875
2nra_C	0.15873015873015872
2nrj_A	0.05621301775147929
2nrk_A	0.28484848484848485
2nrp_B	0.3308641975308642
2ns1_B	0.5663716814159292
2ns5_A	0.5176470588235295
2ns6_A	0.23497267759562843
2ns9_A	0.4473684210526316
2nsg_A	0.2833333333333333
2nsm_A	0.45897435897435895
2nt2_A	0.4507042253521127
2nt4_A	0.6190476190476191
2nti_H	0.09349593495934959
2ntq_B	0.4415204678362573
2ntt_A	0.09216589861751152
2nuh_A	0.5288461538461539
2nuj_A	0.4276729559748428
2nuu_D	0.05121951219512195
2nvo_A	0.3245967741935484
2nvu_A	0.28823529411764703
2nvu_B	0.396078431372549
2nvv_A	0.24596774193548387
2nvw_A	0.42857142857142855
2nwa_D	0.0875
2nwb_A	0.12137203166226913
2nwh_A	0.4788273615635179
2nwi_A	0.06875
2nwu_B	0.16541353383458646
2nxf_A	0.5031847133757962
2nxv_A	0.46586345381526106
2nyg_A	0.22592592592592592
2nyi_A	0.6081871345029239
2nz6_A	0.3141891891891892
2nzc_D	0.6097560975609756
2nzi_A	0.6301369863013698
2nzo_A	0.26126126126126126
2nzy_C	0.33618233618233617
2o06_A	0.494949494949495
2o0i_1	0.21666666666666667
2o0y_C	0.30196078431372547
2o14_A	0.596045197740113
2o16_B	0.3333333333333333
2o1e_A	0.35714285714285715
2o2a_B	0.15873015873015872
2o2k_B	0.06006006006006006
2o2o_A	0.4
2o2s_A	0.5808580858085809
2o2t_A	0.2972972972972973
2o2x_A	0.46411483253588515
2o30_A	0.0975609756097561
2o34_A	0.10040160642570281
2o3b_A	0.2033195020746888
2o3i_A	0.14361702127659576
2o3o_I	0.1721311475409836
2o4c_A	0.3631578947368421
2o55_A	0.44881889763779526
2o57_A	0.599290780141844
2o5e_A	0.16862745098039217
2o5n_B	0.06934306569343066
2o5r_A	0.16666666666666666
2o5v_A	0.22905027932960895
2o61_A	0.1927710843373494
2o61_B	0.23885350318471338
2o62_A	0.12639405204460966
2o6d_A	0.36075949367088606
2o6q_A	0.6888888888888889
2o6t_A	0.541095890410959
2o7f_A	0.0803921568627451
2o8q_A	0.5491803278688525
2o8r_A	0.23529411764705882
2oa6_D	0.08823529411764706
2oaf_B	0.4305555555555556
2oaj_A	0.30196078431372547
2oaq_2	0.21272365805168986
2ob0_C	0.5120481927710844
2ob5_A	0.12582781456953643
2obb_A	0.49586776859504134
2obk_F	0.6162790697674418
2obn_D	0.3786127167630058
2ocl_A	0.6732283464566929
2ocx_A	0.4246575342465753
2od4_A	0.4158415841584158
2od6_A	0.45454545454545453
2oda_B	0.4461538461538462
2odf_A	0.4246031746031746
2odj_B	0.2757731958762887
2odl_A	0.4112903225806452
2odr_A	0.06109979633401222
2oeb_A	0.05921052631578947
2oek_A	0.3786407766990291
2of3_A	0.45864661654135336
2ofn_A	0.4444444444444444
2og6_A	0.2476780185758514
2oga_A	0.41509433962264153
2ogf_B	0.040983606557377046
2ogj_A	0.38258575197889183
2ogk_D	0.19718309859154928
2oho_A	0.5186567164179104
2oi0_A	0.2819548872180451
2oi2_A	0.30526315789473685
2oik_C	0.28368794326241137
2okj_B	0.3392857142857143
2okq_A	0.4881889763779528
2okt_A	0.3888888888888889
2okv_B	0.04666666666666667
2okx_A	0.42745098039215684
2ols_A	0.10588235294117647
2olt_C	0.1935483870967742
2om6_A	0.4892703862660944
2oml_A	0.30386740331491713
2omo_A	0.5047619047619047
2ong_A	0.12156862745098039
2oo0_A	0.39618138424821003
2oo3_A	0.41947565543071164
2oof_A	0.4218362282878412
2ook_B	0.4672131147540984
2ooy_E	0.17117117117117117
2op5_C	0.4434782608695652
2opc_A	0.14782608695652175
2opi_B	0.06220095693779904
2oqm_A	0.2833333333333333
2oqt_D	0.19230769230769232
2or0_B	0.25183374083129584
2or8_A	0.5086206896551724
2orw_B	0.4797687861271676
2ory_B	0.34593023255813954
2os5_A	0.3389830508474576
2ost_A	0.23648648648648649
2osx_A	0.48106904231625836
2ot9_A	0.09497206703910614
2otd_A	0.42857142857142855
2otm_B	0.37254901960784315
2otn_A	0.22525597269624573
2ou5_A	0.3314285714285714
2ou6_A	0.3879781420765027
2ouc_A	0.3333333333333333
2oud_A	0.4293785310734463
2oux_A	0.3151750972762646
2ov9_C	0.35436893203883496
2owt_A	0.45396825396825397
2owy_A	0.08169934640522876
2ox1_A	0.3112244897959184
2ox4_C	0.4433249370277078
2oxg_Z	0.6296296296296297
2oxt_A	0.4075471698113208
2oyp_A	0.5321100917431193
2oz5_A	0.2641509433962264
2oz8_A	0.42048517520215634
2oze_A	0.41901408450704225
2ozg_A	0.4329896907216495
2ozj_A	0.5454545454545454
2ozt_A	0.411214953271028
2ozv_B	0.5571428571428572
2ozz_A	0.3869565217391304
2p0e_A	0.5157894736842106
2p0f_A	0.23529411764705882
2p0m_A	0.22549019607843138
2p0o_A	0.3654390934844193
2p0y_A	0.35833333333333334
2p10_C	0.5259259259259259
2p11_A	0.4292237442922374
2p19_A	0.12162162162162163
2p1p_B	0.7470588235294118
2p1r_A	0.4241379310344828
2p2c_A	0.5740740740740741
2p35_A	0.5061224489795918
2p38_A	0.1935483870967742
2p3n_A	0.2265625
2p4g_A	0.40725806451612906
2p4z_B	0.47101449275362317
2p5c_A	0.3471698113207547
2p5d_A	0.2413793103448276
2p5t_D	0.3765182186234818
2p5z_X	0.22160664819944598
2p62_A	0.22821576763485477
2p67_A	0.31788079470198677
2p6e_C	0.34977578475336324
2p6h_A	0.20149253731343283
2p6n_A	0.475
2p6r_A	0.3843137254901961
2p6y_A	0.03816793893129771
2p6z_A	0.10714285714285714
2p7h_A	0.6157205240174672
2p7n_A	0.09253731343283582
2p7q_E	0.33587786259541985
2p8c_A	0.5121951219512195
2p8i_A	0.26495726495726496
2p8t_A	0.266304347826087
2p97_A	0.35323383084577115
2p9b_A	0.3832923832923833
2p9e_C	0.5246305418719212
2p9m_B	0.3178294573643411
2p9w_A	0.45645645645645644
2pa4_B	0.431438127090301
2paj_A	0.39667458432304037
2pb9_A	0.13043478260869565
2pbe_A	0.07224334600760456
2pbf_A	0.46788990825688076
2pbh_A	0.20189274447949526
2pbj_A	0.3102189781021898
2pbk_A	0.08771929824561403
2pbl_D	0.6106870229007634
2pbz_A	0.17747440273037543
2pc1_A	0.5491329479768786
2pcn_A	0.391304347826087
2pcr_B	0.1991701244813278
2pcs_A	0.39473684210526316
2pd1_A	0.47572815533980584
2pd3_A	0.6715328467153284
2pe4_A	0.21342925659472423
2pee_B	0.056847545219638244
2pet_A	0.5367965367965368
2pff_A	0.060784313725490195
2pff_B	0.0784313725490196
2pfi_B	0.24324324324324326
2pft_A	0.13529411764705881
2pfw_A	0.6339285714285714
2pfx_A	0.15706806282722513
2pfy_A	0.39867109634551495
2pg0_A	0.26842105263157895
2pg3_A	0.43891402714932126
2pgc_A	0.5169082125603864
2pge_A	0.40730337078651685
2pgs_A	0.13740458015267176
2pgw_C	0.488
2ph7_A	0.2636363636363636
2phn_B	0.020080321285140562
2pi2_A	0.3333333333333333
2pi2_F	0.25210084033613445
2pia_A	0.40809968847352024
2pic_A	0.13988095238095238
2pif_B	0.05928853754940711
2pim_A	0.4393939393939394
2pjd_A	0.47604790419161674
2pjz_A	0.421455938697318
2pk0_A	0.47368421052631576
2pk3_A	0.6537216828478964
2pk8_A	0.1595744680851064
2pk9_D	0.0593607305936073
2pkd_E	0.5688073394495413
2pke_A	0.4034334763948498
2pkh_B	0.14084507042253522
2pko_A	0.3939393939393939
2pkw_A	0.468503937007874
2pl6_A	0.14084507042253522
2plc_A	0.3248175182481752
2plj_A	0.425531914893617
2plq_A	0.4176470588235294
2plr_A	0.44339622641509435
2pma_A	0.13953488372093023
2pml_X	0.2823529411764706
2pmp_A	0.2875
2pmq_B	0.4090909090909091
2pn5_A	0.47843137254901963
2pnt_B	0.35789473684210527
2pnw_A	0.10734463276836158
2pny_A	0.3605150214592275
2pnz_B	0.07116104868913857
2po3_A	0.4071246819338422
2pod_B	0.4131578947368421
2pof_A	0.17272727272727273
2pok_A	0.3078602620087336
2pp1_A	0.43544303797468353
2ppq_A	0.35161290322580646
2ppv_A	0.36615384615384616
2pq6_A	0.4492099322799097
2pqf_E	0.08648648648648649
2pqg_A	0.042801556420233464
2pqy_A	0.10612244897959183
2prd_A	0.08045977011494253
2prv_A	0.1111111111111111
2prx_A	0.2719298245614035
2ps1_A	0.45982142857142855
2psg_A	0.21081081081081082
2pso_B	0.2828282828282828
2psy_A	0.3303964757709251
2pt5_B	0.5476190476190477
2ptf_A	0.19
2ptt_A	0.5145631067961165
2pul_A	0.27034120734908135
2pvp_A	0.331306990881459
2pvq_A	0.36318407960199006
2pw6_A	0.3483606557377049
2pww_A	0.12173913043478261
2pwy_A	0.6215139442231076
2pxx_A	0.5915492957746479
2pxy_A	0.5263157894736842
2py2_A	0.18110236220472442
2py6_A	0.52
2pyt_A	0.5625
2pyu_A	0.22115384615384615
2pyw_A	0.24700239808153476
2pyx_A	0.2529411764705882
2pyy_B	0.5391705069124424
2pz0_B	0.448559670781893
2pz1_A	0.18627450980392157
2pzh_A	0.3582089552238806
2pzi_B	0.35490196078431374
2pzx_A	0.06914893617021277
2pzz_A	0.19548872180451127
2q01_B	0.24166666666666667
2q02_A	0.5551470588235294
2q03_A	0.17293233082706766
2q04_A	0.3033175355450237
2q05_A	0.35359116022099446
2q07_A	0.3111111111111111
2q0e_A	0.18429003021148035
2q0x_A	0.5306122448979592
2q0y_A	0.47058823529411764
2q1c_X	0.17869415807560138
2q1f_A	0.25882352941176473
2q1u_A	0.5595238095238095
2q1z_B	0.4756756756756757
2q22_A	0.17692307692307693
2q2e_A	0.2507936507936508
2q2e_B	0.12549019607843137
2q2g_A	0.09090909090909091
2q2h_A	0.2966101694915254
2q2t_A	0.23208191126279865
2q30_A	0.6981132075471698
2q3h_A	0.47368421052631576
2q3l_A	0.5158730158730159
2q3m_A	0.31338028169014087
2q3q_A	0.4166666666666667
2q3x_B	0.3333333333333333
2q40_A	0.24489795918367346
2q46_A	0.6956521739130435
2q4e_B	0.5142857142857142
2q4g_W	0.841304347826087
2q4i_A	0.13793103448275862
2q4x_A	0.06511627906976744
2q58_A	0.041791044776119404
2q5c_A	0.42245989304812837
2q5l_A	0.47058823529411764
2q5r_A	0.44654088050314467
2q5w_E	0.31386861313868614
2q6d_B	0.11726384364820847
2q6h_A	0.060784313725490195
2q6o_A	0.17843866171003717
2q74_A	0.1510204081632653
2q78_F	0.4338235294117647
2q7a_A	0.2631578947368421
2q82_A	0.11403508771929824
2q83_A	0.30120481927710846
2q85_A	0.11730205278592376
2q87_A	0.4766355140186916
2q89_A	0.5525291828793775
2q8n_B	0.2733333333333333
2q8p_A	0.4496124031007752
2q9k_A	0.3469387755102041
2q9r_A	0.061224489795918366
2q9u_A	0.5354523227383863
2qa5_B	0.31196581196581197
2qag_C	0.39285714285714285
2qb5_A	0.34615384615384615
2qb7_A	0.26463104325699743
2qbu_A	0.42543859649122806
2qby_B	0.4375
2qc1_A	0.17567567567567569
2qck_A	0.25157232704402516
2qcq_B	0.046296296296296294
2qcu_B	0.22554890219560877
2qcx_B	0.07048458149779736
2qdd_A	0.43478260869565216
2qdl_A	0.14935064935064934
2qdr_A	0.3684210526315789
2qe7_H	0.34814814814814815
2qea_A	0.325
2qec_A	0.5248618784530387
2qed_A	0.35714285714285715
2qf9_A	0.35802469135802467
2qfe_A	0.5035971223021583
2qfi_A	0.18181818181818182
2qg3_A	0.1282051282051282
2qg7_E	0.2981029810298103
2qg8_A	0.15328467153284672
2qgm_A	0.2653061224489796
2qgo_A	0.12280701754385964
2qgy_A	0.449468085106383
2qh1_B	0.34594594594594597
2qh5_B	0.453125
2qh9_A	0.39325842696629215
2qhp_A	0.4375
2qhq_B	0.12295081967213115
2qi2_A	0.20512820512820512
2qik_A	0.2342007434944238
2qip_A	0.48148148148148145
2qiw_A	0.5411764705882353
2qiy_A	0.3283582089552239
2qj3_B	0.25
2qj8_A	0.4140127388535032
2qjc_A	0.45045045045045046
2qjo_B	0.4255952380952381
2qjv_A	0.2889733840304182
2qjw_B	0.5965909090909091
2qk2_A	0.5311203319502075
2qk4_B	0.39622641509433965
2qkd_A	0.11979166666666667
2qke_B	0.3148148148148148
2qkk_A	0.461038961038961
2qkm_B	0.30451127819548873
2qkw_B	0.3116438356164384
2ql3_A	0.624390243902439
2qlc_A	0.47619047619047616
2qlt_A	0.3784860557768924
2qlx_A	0.35185185185185186
2qm1_B	0.42153846153846153
2qmi_A	0.25279642058165547
2qml_A	0.5129533678756477
2qmm_A	0.2
2qmw_A	0.45454545454545453
2qmx_A	0.4244604316546763
2qn4_A	0.06289308176100629
2qnd_B	0.3776223776223776
2qng_A	0.11764705882352941
2qni_A	0.4742268041237113
2qnk_A	0.48951048951048953
2qor_A	0.42857142857142855
2qp2_A	0.08835341365461848
2qpd_A	0.20588235294117646
2qpq_A	0.48986486486486486
2qpz_A	0.30097087378640774
2qq5_A	0.6302521008403361
2qq6_B	0.38636363636363635
2qq8_A	0.017361111111111112
2qql_A	0.4196078431372549
2qqp_G	0.09411764705882353
2qqv_A	0.25882352941176473
2qqz_A	0.3089430894308943
2qr3_A	0.5867768595041323
2qr4_A	0.07254901960784314
2qr6_A	0.3261455525606469
2qrr_B	0.4387755102040816
2qrt_A	0.32160804020100503
2qru_A	0.5919117647058824
2qry_C	0.49056603773584906
2qs7_A	0.4782608695652174
2qs8_A	0.4236453201970443
2qsj_B	0.5573770491803278
2qsr_A	0.10559006211180125
2qsv_A	0.5363636363636364
2qsx_B	0.4918918918918919
2qt5_A	0.29381443298969073
2qt7_B	0.2857142857142857
2qtp_A	0.14285714285714285
2qtt_A	0.4798387096774194
2qu7_A	0.6021897810218978
2qv0_A	0.5819672131147541
2qv2_A	0.08196721311475409
2qv5_A	0.42276422764227645
2qv6_A	0.36363636363636365
2qv7_A	0.39933993399339934
2qvh_A	0.4340836012861736
2qvp_C	0.44609665427509293
2qvw_A	0.058823529411764705
2qw5_A	0.5229357798165137
2qwu_A	0.09178743961352658
2qwv_B	0.08629441624365482
2qwz_A	0.5416666666666666
2qx2_A	0.2169811320754717
2qx3_A	0.5060606060606061
2qxy_A	0.5966386554621849
2qya_A	0.24347826086956523
2qyc_A	0.5098039215686274
2qyg_A	0.27972027972027974
2qyh_B	0.3798449612403101
2qyt_A	0.43902439024390244
2qz5_B	0.22077922077922077
2qz7_A	0.23837209302325582
2qzc_A	0.028708133971291867
2qzj_A	0.6859504132231405
2qzu_A	0.3634408602150538
2qzx_A	0.19005847953216373
2r01_A	0.36923076923076925
2r0b_A	0.3708609271523179
2r0f_A	0.0736196319018405
2r0g_A	0.3588235294117647
2r0m_A	0.2564102564102564
2r0x_A	0.22435897435897437
2r10_B	0.05704697986577181
2r11_D	0.6006944444444444
2r1f_A	0.16153846153846155
2r1h_B	0.09523809523809523
2r25_B	0.6616541353383458
2r2a_A	0.44502617801047123
2r2d_A	0.42391304347826086
2r39_A	0.48623853211009177
2r3b_B	0.44014084507042256
2r3s_A	0.593939393939394
2r3v_A	0.24358974358974358
2r41_C	0.0660377358490566
2r44_A	0.32727272727272727
2r4q_A	0.5980392156862745
2r55_A	0.3605769230769231
2r5f_A	0.27522935779816515
2r5o_A	0.46706586826347307
2r5v_A	0.2774566473988439
2r5w_B	0.42028985507246375
2r5x_B	0.1271186440677966
2r6d_A	0.37530864197530867
2r6i_A	0.041044776119402986
2r6q_A	0.644927536231884
2r6u_D	0.3435114503816794
2r6z_B	0.45041322314049587
2r75_1	0.48606811145510836
2r76_A	0.42424242424242425
2r79_A	0.46953405017921146
2r7a_B	0.44921875
2r7d_A	0.1279826464208243
2r7h_B	0.5471698113207547
2r7k_A	0.2541899441340782
2r8b_A	0.6029411764705882
2r8q_A	0.16417910447761194
2r8r_A	0.4019138755980861
2r91_A	0.4965034965034965
2r9q_B	0.09941520467836257
2r9y_A	0.043835616438356165
2ra5_A	0.08666666666666667
2ra8_A	0.5356125356125356
2raa_A	0.2752808988764045
2raf_B	0.4396135265700483
2rag_A	0.34959349593495936
2raj_A	0.05235602094240838
2raq_B	0.5212765957446809
2rau_A	0.3142857142857143
2rav_A	0.4099616858237548
2rb7_A	0.3388888888888889
2rb8_A	0.6129032258064516
2rbc_A	0.42483660130718953
2rbg_A	0.1532258064516129
2rc6_B	0.434640522875817
2rcc_A	0.1853035143769968
2rd3_A	0.06334841628959276
2rdd_A	0.25098039215686274
2rdm_A	0.5967741935483871
2rdn_A	0.3054545454545455
2rdx_H	0.42276422764227645
2re2_B	0.38333333333333336
2re3_B	0.05434782608695652
2re7_A	0.4621212121212121
2re9_A	0.4695121951219512
2rek_B	0.3942857142857143
2rf1_A	0.3620689655172414
2rf8_B	0.06382978723404255
2rfb_A	0.10355029585798817
2rff_A	0.3963963963963964
2rfl_H	0.47435897435897434
2rfm_B	0.6630434782608695
2rgo_A	0.20980392156862746
2rgy_A	0.5709090909090909
2rh3_A	0.024793388429752067
2rh4_B	0.6119402985074627
2rhm_C	0.5210526315789473
2rhq_B	0.1843137254901961
2rhs_C	0.08118081180811808
2rhx_A	0.09538461538461539
2rih_A	0.32061068702290074
2ril_A	0.4105263157894737
2rjb_D	0.026881720430107527
2rjn_A	0.6222222222222222
2rjo_A	0.6086956521739131
2rjs_B	0.07450980392156863
2rjz_A	0.4444444444444444
2rlt_A	0.15151515151515152
2rm5_A	0.47904191616766467
2rmn_A	0.15450643776824036
2rmp_A	0.19553072625698323
2rng_A	0.13924050632911392
2ro1_A	0.1111111111111111
2ron_A	0.256198347107438
2rpb_A	0.3805309734513274
2rpi_A	0.44339622641509435
2rpz_A	0.4166666666666667
2rq6_A	0.2246376811594203
2rqf_A	0.12334801762114538
2rr6_A	0.5535714285714286
2rra_A	0.494949494949495
2rrk_A	0.5071428571428571
2rst_A	0.13636363636363635
2rsx_A	0.1509433962264151
2rt3_A	0.4329896907216495
2rtt_A	0.44761904761904764
2sim_A	0.3648293963254593
2sqc_A	0.30980392156862746
2taa_A	0.29707112970711297
2tbv_C	0.09034267912772585
2uuu_A	0.19411764705882353
2uvf_A	0.5843137254901961
2uvk_B	0.5157593123209169
2uvn_A	0.14285714285714285
2uwq_A	0.37209302325581395
2uwr_A	0.1518987341772152
2uxt_A	0.44549763033175355
2uyy_A	0.4726027397260274
2uz3_B	0.4106280193236715
2uz9_A	0.36486486486486486
2uzh_C	0.3161290322580645
2uzz_B	0.3010752688172043
2v0f_A	0.2413793103448276
2v0n_A	0.5686274509803921
2v1u_A	0.49476439790575916
2v25_A	0.5454545454545454
2v27_B	0.03308823529411765
2v29_B	0.12773722627737227
2v2k_A	0.2857142857142857
2v30_A	0.36259541984732824
2v33_A	0.17582417582417584
2v34_B	0.3111111111111111
2v3b_A	0.3805774278215223
2v3e_A	0.4357429718875502
2v3m_C	0.24752475247524752
2v3y_A	0.2818181818181818
2v42_A	0.18620689655172415
2v45_A	0.24509803921568626
2v4v_A	0.5503875968992248
2v54_A	0.4215686274509804
2v55_D	0.521978021978022
2v5h_B	0.29411764705882354
2v5j_A	0.3903345724907063
2v5y_A	0.5862745098039216
2v6b_B	0.4787234042553192
2v6u_A	0.23300970873786409
2v70_A	0.6238095238095238
2v73_A	0.30601092896174864
2v7s_A	0.07100591715976332
2v84_A	0.3730407523510972
2v8k_A	0.2784313725490196
2v90_E	0.3473684210526316
2v9k_A	0.04068522483940043
2v9t_B	0.6714285714285714
2v9y_A	0.29936305732484075
2va1_B	0.37446808510638296
2vak_A	0.036585365853658534
2vav_B	0.47714285714285715
2vbg_A	0.4627450980392157
2vca_A	0.3588235294117647
2vd3_A	0.4602076124567474
2vd8_A	0.40568475452196384
2vdu_D	0.40425531914893614
2ve3_A	0.15402298850574714
2vec_A	0.6960352422907489
2ved_B	0.49606299212598426
2vef_A	0.43727598566308246
2ver_A	0.26573426573426573
2vfr_A	0.291866028708134
2vg1_A	0.19736842105263158
2vge_A	0.5528846153846154
2vgr_C	0.1267605633802817
2vhh_C	0.4476439790575916
2vhl_B	0.37404580152671757
2vht_A	0.31475409836065577
2vi7_C	0.5393939393939394
2vj4_A	0.11986301369863013
2vk6_A	0.3273942093541203
2vk9_A	0.16470588235294117
2vkc_A	0.3523809523809524
2vkn_A	0.42424242424242425
2vl7_A	0.2701525054466231
2vla_A	0.04642857142857143
2vlc_A	0.10980392156862745
2vmh_A	0.4489795918367347
2vn0_A	0.11853448275862069
2vn6_A	0.5364238410596026
2vn7_A	0.19215686274509805
2vn8_A	0.39106145251396646
2vnh_A	0.45
2vnt_B	0.28185328185328185
2vnv_B	0.390625
2vo5_B	0.4235294117647059
2vo8_A	0.25735294117647056
2voa_A	0.48638132295719844
2vos_A	0.375
2vow_A	0.034482758620689655
2vpj_A	0.5501730103806228
2vpo_B	0.31511254019292606
2vps_A	0.18627450980392157
2vpt_A	0.6567164179104478
2vpv_A	0.6276595744680851
2vpx_B	0.11855670103092783
2vpx_C	0.12350597609561753
2vq1_F	0.5023696682464455
2vq3_A	0.5248618784530387
2vq8_A	0.15625
2vqj_A	0.3781094527363184
2vqx_A	0.17080745341614906
2vqz_F	0.1
2vr5_A	0.35490196078431374
2vra_A	0.5172413793103449
2vri_A	0.2947976878612717
2vrn_A	0.5621621621621622
2vs1_A	0.3391959798994975
2vsd_A	0.5698924731182796
2vsg_A	0.07262569832402235
2vtb_A	0.17
2vtc_A	0.27631578947368424
2vtu_J	0.05058365758754864
2vtw_A	0.14634146341463414
2vtx_I	0.20833333333333334
2vun_A	0.44675324675324674
2vuz_A	0.20930232558139536
2vvf_E	0.31226765799256506
2vvm_A	0.25363825363825365
2vvx_A	0.10457516339869281
2vw9_A	0.46788990825688076
2vwh_A	0.44537815126050423
2vx5_A	0.4196185286103542
2vxa_A	0.6119402985074627
2vxc_B	0.3333333333333333
2vxo_B	0.4411764705882353
2vxr_A	0.19158878504672897
2vy7_A	0.057692307692307696
2vyo_A	0.5145631067961165
2vyt_A	0.1822429906542056
2vz9_B	0.27450980392156865
2vzb_A	0.375
2vzz_A	0.5118483412322274
2w07_B	0.2975206611570248
2w0c_L	0.1791044776119403
2w0r_A	0.1885245901639344
2w13_A	0.29207920792079206
2w16_A	0.3980392156862745
2w1k_A	0.28708133971291866
2w1n_A	0.5964912280701754
2w1t_A	0.3942857142857143
2w1v_A	0.5255474452554745
2w1z_B	0.25139664804469275
2w2h_A	0.12547528517110265
2w2j_A	0.11194029850746269
2w2l_A	0.5289017341040463
2w2s_A	0.09202453987730061
2w3j_A	0.5766423357664233
2w3p_B	0.20980392156862746
2w3r_A	0.18222222222222223
2w3y_A	0.06367041198501873
2w3z_A	0.4579831932773109
2w47_A	0.6222222222222222
2w48_B	0.3738019169329074
2w4b_A	0.10087719298245613
2w4e_A	0.38686131386861317
2w4l_E	0.4567901234567901
2w4m_A	0.5
2w59_A	0.5023255813953489
2w5b_A	0.3800738007380074
2w5e_A	0.3333333333333333
2w5n_A	0.4191780821917808
2w5s_A	0.3584905660377358
2w5w_A	0.28901734104046245
2w5z_A	0.20555555555555555
2w61_A	0.41702127659574467
2w6k_A	0.3591549295774648
2w7v_A	0.35365853658536583
2w7y_A	0.35218508997429304
2w87_A	0.5971223021582733
2w8c_A	0.5
2w8h_H	0.3447204968944099
2w92_A	0.3352941176470588
2w94_A	0.42913385826771655
2w98_B	0.4732394366197183
2w9m_B	0.3235294117647059
2w9x_B	0.41641337386018235
2wa1_B	0.5190839694656488
2wab_A	0.5626911314984709
2wac_A	0.17050691244239632
2wag_A	0.43317972350230416
2wam_A	0.25510204081632654
2wan_A	0.307843137254902
2waw_A	0.5303030303030303
2waz_X	0.10476190476190476
2wb7_A	0.19411764705882353
2wb8_A	0.301994301994302
2wbc_A	0.12021857923497267
2wbn_A	0.3146067415730337
2wbv_B	0.15591397849462366
2wc1_A	0.5384615384615384
2wcl_A	0.04964539007092199
2wcs_A	0.37166324435318276
2wcv_B	0.2642857142857143
2wdu_A	0.2857142857142857
2we4_A	0.33980582524271846
2we6_A	0.038461538461538464
2we8_A	0.43478260869565216
2wef_A	0.22112211221122113
2wew_A	0.052941176470588235
2wfb_A	0.45
2wff_2	0.0776255707762557
2wfh_A	0.5082872928176796
2wfk_A	0.0859375
2wfl_A	0.5686274509803921
2wgq_B	0.12941176470588237
2why_A	0.43109540636042404
2wim_A	0.6195652173913043
2wiw_B	0.35714285714285715
2wiy_A	0.10406091370558376
2wj9_B	0.06896551724137931
2wjd_A	0.4672131147540984
2wjq_A	0.3463414634146341
2wjy_A	0.2529411764705882
2wk5_A	0.21603563474387527
2wkn_A	0.09803921568627451
2wkp_A	0.44375
2wl9_A	0.2733333333333333
2wlb_A	0.30097087378640774
2wlk_A	0.09965635738831616
2wm2_C	0.5451263537906137
2wm8_A	0.4647058823529412
2wml_A	0.2028985507246377
2wnh_B	0.2425
2wnk_A	0.336322869955157
2wnm_A	0.4406779661016949
2wno_A	0.5378151260504201
2wnr_B	0.10810810810810811
2wns_B	0.46733668341708545
2wnw_A	0.4170403587443946
2wny_A	0.25547445255474455
2wnz_A	0.5331125827814569
2wo3_B	0.29577464788732394
2wo4_A	0.33962264150943394
2wop_A	0.2901960784313726
2woz_A	0.46905537459283386
2wp7_A	0.2641509433962264
2wpg_A	0.29215686274509806
2wpw_A	0.4603658536585366
2wr8_A	0.22093023255813954
2ws9_3	0.04424778761061947
2wsb_A	0.6220472440944882
2wsh_A	0.291044776119403
2wsm_A	0.46798029556650245
2wst_A	0.07954545454545454
2wsu_B	0.20915032679738563
2wsw_A	0.00984251968503937
2wta_A	0.45754716981132076
2wtb_A	0.44509803921568625
2wtk_B	0.31511254019292606
2wtk_C	0.3543859649122807
2wtn_B	0.664
2wto_A	0.11827956989247312
2wtz_B	0.4153543307086614
2wu9_A	0.38957816377171217
2wuh_A	0.5426829268292683
2wuq_B	0.2791519434628975
2wux_A	0.004694835680751174
2wv3_A	0.648936170212766
2wvk_A	0.3350383631713555
2wvo_A	0.013513513513513514
2wwa_A	0.024489795918367346
2wwb_A	0.07142857142857142
2wwf_C	0.41037735849056606
2wwm_D	0.7
2wxw_A	0.0228310502283105
2wyo_A	0.13333333333333333
2wys_B	0.5352941176470588
2wz8_A	0.5111111111111111
2wzp_A	0.12030075187969924
2x0f_B	0.4816753926701571
2x0k_A	0.3816568047337278
2x0s_A	0.11568627450980393
2x12_A	0.185
2x1c_B	0.03089887640449438
2x1g_F	0.3254901960784314
2x1x_R	0.572139303482587
2x23_B	0.6156716417910447
2x26_A	0.4512987012987013
2x29_A	0.4935897435897436
2x2i_A	0.049019607843137254
2x2s_B	0.07894736842105263
2x2z_A	0.08845208845208845
2x31_A	0.3776595744680851
2x32_B	0.1534090909090909
2x3b_A	0.31864406779661014
2x3g_A	0.3448275862068966
2x3h_A	0.5783132530120482
2x3j_A	0.10588235294117647
2x3l_B	0.28368794326241137
2x3y_A	0.48514851485148514
2x46_A	0.0763888888888889
2x49_A	0.21621621621621623
2x4d_A	0.43333333333333335
2x4g_A	0.6258278145695364
2x4j_A	0.25688073394495414
2x4l_A	0.4261744966442953
2x53_S	0.20469798657718122
2x5d_D	0.4236842105263158
2x5k_P	0.3816568047337278
2x5q_A	0.12568306010928962
2x5r_A	0.18548387096774194
2x64_B	0.3285024154589372
2x65_A	0.30538922155688625
2x68_A	0.12
2x79_A	0.07956989247311828
2x7i_A	0.3152542372881356
2x7j_A	0.4372549019607843
2x7m_A	0.5277777777777778
2x7o_A	0.3484848484848485
2x7v_A	0.5244755244755245
2x7x_A	0.6312292358803987
2x8c_B	0.3058823529411765
2x8j_D	0.4155844155844156
2x8k_C	0.2757201646090535
2x8r_B	0.4714285714285714
2x98_A	0.2744186046511628
2x9b_A	0.22580645161290322
2x9o_A	0.10300429184549356
2x9q_A	0.15584415584415584
2xb3_A	0.32903225806451614
2xbo_1	0.08502024291497975
2xbt_A	0.17088607594936708
2xc8_B	0.2047244094488189
2xcm_C	0.21739130434782608
2xcz_A	0.4473684210526316
2xdh_A	0.4782608695652174
2xdq_A	0.32235294117647056
2xdq_B	0.31136363636363634
2xem_D	0.5
2xeq_C	0.2033195020746888
2xf1_A	0.1885245901639344
2xf2_A	0.07058823529411765
2xf3_B	0.20093457943925233
2xf4_A	0.40476190476190477
2xfa_A	0.18181818181818182
2xfg_B	0.18604651162790697
2xgr_A	0.1116751269035533
2xhc_A	0.10850439882697947
2xhf_A	0.48717948717948717
2xhk_B	0.4930875576036866
2xhs_A	0.03278688524590164
2xid_B	0.27906976744186046
2xit_B	0.3727598566308244
2xjv_A	0.3023255813953488
2xka_F	0.2222222222222222
2xkj_E	0.18235294117647058
2xlq_A	0.060126582278481014
2xlr_C	0.28761061946902655
2xmo_A	0.4743276283618582
2xmx_B	0.05185185185185185
2xmz_A	0.6240601503759399
2xna_C	0.11162790697674418
2xnj_A	0.4392156862745098
2xnk_A	0.32989690721649484
2xot_B	0.6276276276276276
2xpy_A	0.23333333333333334
2xq2_A	0.0784313725490196
2xqo_A	0.21428571428571427
2xqy_A	0.11206896551724138
2xr1_B	0.32941176470588235
2xr4_A	0.28448275862068967
2xrc_B	0.1711340206185567
2xri_A	0.3883495145631068
2xs1_A	0.19607843137254902
2xs2_A	0.4659090909090909
2xs6_A	0.1746987951807229
2xsg_A	0.1980392156862745
2xsj_A	0.16055045871559634
2xst_A	0.2080536912751678
2xsw_A	0.38235294117647056
2xtl_B	0.2809734513274336
2xtz_A	0.2653061224489796
2xu2_A	0.33195020746887965
2xv7_A	0.14423076923076922
2xvz_A	0.5247148288973384
2xw7_A	0.41714285714285715
2xwb_F	0.37450980392156863
2xwp_A	0.5291828793774319
2xy1_A	0.609375
2xy4_A	0.352059925093633
2xya_A	0.34615384615384615
2xz1_A	0.18413597733711048
2xz4_A	0.3212121212121212
2xz8_A	0.16296296296296298
2xzj_A	0.3601036269430052
2xzz_A	0.5154639175257731
2y0e_A	0.527114967462039
2y0n_A	0.10303030303030303
2y1r_J	0.25263157894736843
2y1v_A	0.3176470588235294
2y23_A	0.44224422442244227
2y25_D	0.535031847133758
2y2l_B	0.1953781512605042
2y2w_E	0.3568627450980392
2y2x_B	0.328042328042328
2y35_A	0.1803921568627451
2y38_A	0.2046783625730994
2y3a_A	0.17647058823529413
2y3c_A	0.22661870503597123
2y3m_B	0.12318840579710146
2y3n_A	0.36416184971098264
2y3u_A	0.2627450980392157
2y4g_A	0.154
2y4o_A	0.4064665127020785
2y4r_A	0.1814814814814815
2y5b_E	0.1076923076923077
2y5c_A	0.2523364485981308
2y5p_C	0.3561643835616438
2y5s_B	0.4234875444839858
2y6p_B	0.5836909871244635
2y7d_D	0.41007194244604317
2y7h_A	0.25862068965517243
2y7h_B	0.3333333333333333
2y7i_A	0.4956140350877193
2y8l_E	0.21639344262295082
2y8p_A	0.3631578947368421
2y8w_A	0.07441860465116279
2y96_A	0.4342857142857143
2y9p_B	0.24193548387096775
2y9x_A	0.02557544757033248
2y9z_B	0.043137254901960784
2ya1_A	0.28823529411764703
2yaj_C	0.08431372549019608
2yb0_E	0.12878787878787878
2yb7_A	0.5642857142857143
2ycd_A	0.2863849765258216
2yce_E	0.43529411764705883
2ych_A	0.40476190476190477
2yck_X	0.5367647058823529
2ycl_A	0.327313769751693
2yeq_A	0.4549019607843137
2yev_A	0.20392156862745098
2yev_B	0.31974921630094044
2yfr_A	0.3607843137254902
2ygk_A	0.09717868338557993
2ygq_A	0.2821576763485477
2yhb_A	0.3070652173913043
2yhe_A	0.33725490196078434
2yhf_B	0.15254237288135594
2yhg_A	0.44768856447688565
2yhw_A	0.4336569579288026
2yia_A	0.03137254901960784
2yik_A	0.2145748987854251
2yil_A	0.1984732824427481
2yim_A	0.3154929577464789
2yj4_B	0.23809523809523808
2yjj_G	0.20382165605095542
2yjl_B	0.4247787610619469
2yjt_D	0.4647058823529412
2yk0_A	0.07450980392156863
2yk4_A	0.3067484662576687
2ykd_A	0.08235294117647059
2ykh_A	0.23773584905660378
2yle_A	0.07602339181286549
2yln_A	0.525
2ymb_D	0.4155844155844156
2ymu_A	0.30196078431372547
2ymv_A	0.2782874617737003
2ymw_B	0.056862745098039215
2ymz_A	0.2923076923076923
2yn5_B	0.5
2yn7_A	0.1308411214953271
2ynk_A	0.26077097505668934
2ynm_D	0.3790983606557377
2yop_C	0.27624309392265195
2yox_A	0.23595505617977527
2yq1_C	0.2366412213740458
2yq4_C	0.540785498489426
2yqr_A	0.13445378151260504
2yqy_A	0.4251968503937008
2yr1_A	0.5369649805447471
2yr3_A	0.7272727272727273
2yr5_A	0.12352941176470589
2yrb_A	0.07692307692307693
2yri_A	0.4431818181818182
2yrl_A	0.5882352941176471
2yrp_A	0.4473684210526316
2yst_A	0.4369747899159664
2ysw_A	0.4885844748858447
2ytw_A	0.2457627118644068
2yub_A	0.2542372881355932
2yue_A	0.05357142857142857
2yug_A	0.05806451612903226
2yut_A	0.6089108910891089
2yuy_A	0.1746031746031746
2yv1_A	0.6044776119402985
2yv5_A	0.34812286689419797
2yv7_A	0.28085106382978725
2yv9_A	0.2771929824561403
2yvl_A	0.5951417004048583
2yvn_A	0.3791208791208791
2yvs_A	0.0182648401826484
2yvx_A	0.29638009049773756
2ywc_A	0.4357894736842105
2ywd_A	0.4603174603174603
2ywi_A	0.5105263157894737
2ywv_A	0.05063291139240506
2yww_B	0.18309859154929578
2yx0_A	0.43209876543209874
2yx6_C	0.4107142857142857
2yxb_A	0.7338129496402878
2yxd_A	0.5666666666666667
2yxe_A	0.5
2yxo_B	0.5433962264150943
2yxz_A	0.32786885245901637
2yy3_A	0.5384615384615384
2yy5_B	0.21676300578034682
2yy8_A	0.4540229885057471
2yyh_A	0.5
2yyj_A	0.11764705882352941
2yys_A	0.5633802816901409
2yyy_A	0.30409356725146197
2yz2_A	0.47368421052631576
2yzi_B	0.27941176470588236
2yzj_A	0.12658227848101267
2yzk_A	0.4406779661016949
2yzo_B	0.11607142857142858
2yzq_A	0.21875
2yzv_A	0.19230769230769232
2z00_A	0.392018779342723
2z02_A	0.15289256198347106
2z04_B	0.3230769230769231
2z0b_C	0.4224137931034483
2z0j_A	0.10548523206751055
2z0l_A	0.0802675585284281
2z0r_I	0.21782178217821782
2z0x_A	0.044585987261146494
2z0z_A	0.4690721649484536
2z15_B	0.15
2z1a_A	0.368836291913215
2z1n_B	0.7037037037037037
2z1p_A	0.15602836879432624
2z1u_A	0.2716417910447761
2z2o_C	0.5384615384615384
2z2w_A	0.3793103448275862
2z36_B	0.12376237623762376
2z3b_A	0.1388888888888889
2z3r_E	0.08403361344537816
2z3u_A	0.13138686131386862
2z3v_A	0.7226277372262774
2z4t_A	0.20892494929006086
2z5b_A	0.2992125984251969
2z5b_B	0.12878787878787878
2z5e_A	0.10655737704918032
2z5l_A	0.5187637969094923
2z5x_A	0.24313725490196078
2z67_A	0.38018433179723504
2z6g_A	0.6745098039215687
2z6i_B	0.38006230529595014
2z6v_A	0.25
2z72_A	0.3609467455621302
2z7b_A	0.05485232067510549
2z84_A	0.08095238095238096
2z86_C	0.5843137254901961
2z8d_A	0.3765586034912718
2z8g_A	0.2647058823529412
2z8q_A	0.42424242424242425
2z8u_B	0.10857142857142857
2z93_B	0.4625
2z9h_E	0.21649484536082475
2zad_A	0.48546511627906974
2zah_C	0.2537764350453172
2zay_A	0.6910569105691057
2zbb_A	0.3137254901960784
2zbc_A	0.49382716049382713
2zbk_B	0.1976284584980237
2zbk_C	0.2219020172910663
2zbp_A	0.6338582677165354
2zbu_A	0.33840304182509506
2zc0_A	0.4148148148148148
2zc1_A	0.47147147147147145
2zca_B	0.0440251572327044
2zcf_A	0.0707070707070707
2zci_A	0.08627450980392157
2zcw_A	0.5103092783505154
2zdo_D	0.45871559633027525
2zds_B	0.5496894409937888
2ze3_A	0.48363636363636364
2ze5_A	0.33480176211453744
2ze9_A	0.39087301587301587
2zex_A	0.5102040816326531
2zf8_A	0.3170731707317073
2zf9_A	0.41847826086956524
2zfu_A	0.5094339622641509
2zg6_B	0.39408866995073893
2zgi_D	0.17886178861788618
2zi8_A	0.29431438127090304
2zi9_A	0.34297520661157027
2zib_A	0.15384615384615385
2zif_B	0.5061728395061729
2zii_D	0.05653710247349823
2ziy_A	0.13783783783783785
2zj8_A	0.3980392156862745
2zkd_A	0.12380952380952381
2zkt_B	0.2230971128608924
2zm5_A	0.3235294117647059
2zo4_A	0.4750830564784053
2zo7_A	0.10454545454545454
2zom_C	0.5412844036697247
2zop_A	0.17699115044247787
2zpo_A	0.15966386554621848
2zq5_A	0.23835616438356164
2zqr_A	0.38721804511278196
2zr8_A	0.3793103448275862
2zrx_A	0.43131868131868134
2zsg_A	0.3258426966292135
2zsk_A	0.5796460176991151
2ztb_B	0.09274193548387097
2ztm_C	0.624
2ztm_D	0.6234817813765182
2ztv_D	0.6442687747035574
2zu0_A	0.47596153846153844
2zu0_C	0.46153846153846156
2zu6_B	0.2147887323943662
2zu8_A	0.3699731903485255
2zuc_B	0.5016611295681063
2zuf_A	0.1588235294117647
2zus_A	0.2568627450980392
2zuy_A	0.32941176470588235
2zvb_A	0.26640926640926643
2zvy_A	0.4918032786885246
2zw6_A	0.4713804713804714
2zwa_B	0.41568627450980394
2zwi_B	0.21715817694369974
2zwv_A	0.5415549597855228
2zxl_A	0.03942652329749104
2zxo_A	0.29215686274509806
2zy4_F	0.2647058823529412
2zyo_A	0.412987012987013
2zyr_A	0.39870689655172414
2zzd_F	0.08256880733944955
2zzj_A	0.31092436974789917
2zzn_A	0.43154761904761907
2zzq_A	0.14492753623188406
2zzr_A	0.34760705289672544
3a05_A	0.19618528610354224
3a06_B	0.2975871313672922
3a07_B	0.11016949152542373
3a0f_A	0.30196078431372547
3a10_A	0.603448275862069
3a15_B	0.24861878453038674
3a1j_A	0.14339622641509434
3a1k_A	0.27165354330708663
3a22_A	0.4215686274509804
3a26_A	0.5189393939393939
3a2e_A	0.10185185185185185
3a2k_A	0.3181818181818182
3a2p_A	0.22153209109730848
3a35_A	0.30978260869565216
3a3k_B	0.4801864801864802
3a3t_A	0.43523316062176165
3a43_A	0.37410071942446044
3a4a_A	0.2627450980392157
3a4t_A	0.5930232558139535
3a52_A	0.2375
3a56_A	0.1702127659574468
3a5i_A	0.13005780346820808
3a5v_A	0.4760705289672544
3a5x_A	0.11133603238866396
3a61_A	0.35826771653543305
3a79_A	0.6176470588235294
3a79_B	0.5980392156862745
3a7n_A	0.2703862660944206
3a8g_B	0.28773584905660377
3a8t_A	0.314878892733564
3a9b_A	0.3609625668449198
3a9c_B	0.48307692307692307
3a9h_A	0.4467455621301775
3a9l_A	0.24154589371980675
3aal_A	0.5201342281879194
3aam_A	0.5687732342007435
3ab1_B	0.40476190476190477
3ab8_A	0.7394636015325671
3abi_A	0.3495702005730659
3acf_A	0.41968911917098445
3acp_A	0.34772182254196643
3ad7_B	0.33663366336633666
3ad9_C	0.18461538461538463
3add_A	0.41832669322709165
3adr_A	0.38223938223938225
3aex_A	0.3504273504273504
3af5_A	0.26862745098039215
3afe_A	0.265625
3afg_B	0.5325443786982249
3afl_A	0.34509803921568627
3afm_A	0.6550387596899225
3afo_A	0.2916666666666667
3agz_A	0.15135135135135136
3ah1_B	0.11458333333333333
3ah5_A	0.04186046511627907
3ah7_A	0.30275229357798167
3ahp_B	0.514018691588785
3ahr_A	0.04696132596685083
3ai3_A	0.6806083650190115
3ai7_A	0.17647058823529413
3ai9_X	0.17535545023696683
3aii_A	0.12967032967032968
3aix_B	0.13306451612903225
3aj3_A	0.43956043956043955
3aja_B	0.4659090909090909
3ajb_A	0.04778156996587031
3ajx_A	0.6038647342995169
3ak4_A	0.6085271317829457
3aki_A	0.3125
3akk_A	0.17905405405405406
3al0_C	0.1450980392156863
3al2_A	0.2909090909090909
3al5_B	0.35691318327974275
3aln_C	0.2568306010928962
3alp_B	0.5756578947368421
3alu_D	0.10828025477707007
3alx_B	0.11372549019607843
3ami_A	0.33886255924170616
3amj_B	0.30434782608695654
3anv_A	0.35924932975871315
3anz_b	0.0576271186440678
3aoe_B	0.2759433962264151
3aou_D	0.21153846153846154
3ap2_A	0.36666666666666664
3aq0_C	0.13149847094801223
3aq1_B	0.15920398009950248
3aq2_A	0.041884816753926704
3aqg_B	0.043478260869565216
3aqk_A	0.21025641025641026
3aqq_A	0.37373737373737376
3asv_A	0.592741935483871
3ath_A	0.4306930693069307
3ats_A	0.2840909090909091
3aty_A	0.40897097625329815
3au0_A	0.15339233038348082
3au4_A	0.1411764705882353
3auf_A	0.5188679245283019
3auy_A	0.2786885245901639
3av0_A	0.46883468834688347
3aw5_A	0.4520547945205479
3aw9_A	0.5592105263157895
3axb_A	0.3107476635514019
3axg_J	0.2063953488372093
3axt_A	0.4702842377260982
3axx_B	0.5224274406332454
3ay5_A	0.22818791946308725
3ay6_B	0.6254681647940075
3ayf_A	0.10588235294117647
3ayh_B	0.12568306010928962
3az9_G	0.4557823129251701
3azo_A	0.45294117647058824
3b0v_C	0.473015873015873
3b0y_A	0.3627450980392157
3b12_A	0.6292517006802721
3b18_A	0.0718562874251497
3b1b_B	0.038461538461538464
3b1e_A	0.4289405684754522
3b1n_B	0.39375
3b2r_B	0.1986062717770035
3b2s_A	0.16517857142857142
3b2z_F	0.25597269624573377
3b38_A	0.5706806282722513
3b3c_A	0.4742268041237113
3b3r_A	0.12524850894632206
3b43_A	0.5882352941176471
3b46_B	0.3952941176470588
3b48_F	0.3925925925925926
3b4p_B	0.3924050632911392
3b4u_B	0.4826388888888889
3b55_A	0.24754901960784315
3b59_A	0.3089700996677741
3b5m_B	0.22564102564102564
3b5o_A	0.02608695652173913
3b5q_B	0.3147751605995717
3b74_A	0.2671009771986971
3b76_B	0.3137254901960784
3b79_A	0.264
3b7f_A	0.48097826086956524
3b7g_A	0.4682926829268293
3b7w_A	0.4803921568627451
3b7x_A	0.47863247863247865
3b7y_B	0.363013698630137
3b83_C	0.6666666666666666
3b8b_A	0.2066420664206642
3b8f_B	0.4225352112676056
3b8k_A	0.1297071129707113
3b8l_A	0.4421768707482993
3ba3_B	0.3611111111111111
3bb5_D	0.5370370370370371
3bb6_C	0.4424778761061947
3bb7_A	0.10828025477707007
3bbh_A	0.0784313725490196
3bbj_A	0.34701492537313433
3bcf_A	0.34901960784313724
3bci_A	0.4909090909090909
3bcw_B	0.5714285714285714
3bde_A	0.39
3bdi_A	0.6570048309178744
3bdl_A	0.20392156862745098
3bdw_A	0.17073170731707318
3be6_A	0.4013605442176871
3bed_A	0.4090909090909091
3bem_B	0.3142857142857143
3ber_A	0.37727272727272726
3bes_R	0.188
3bev_B	0.47474747474747475
3bez_D	0.4133611691022965
3bf4_A	0.4782608695652174
3bfm_A	0.12173913043478261
3bga_A	0.396078431372549
3bgh_A	0.1711229946524064
3bgk_A	0.4855072463768116
3bgw_A	0.33651551312649164
3bgy_A	0.10619469026548672
3bh1_D	0.16427104722792607
3bh2_C	0.06147540983606557
3bh3_D	0.08571428571428572
3bhn_A	0.45794392523364486
3bhw_B	0.08947368421052632
3bij_A	0.4716981132075472
3bik_C	0.5338983050847458
3bit_A	0.27293064876957496
3bj9_1	0.5086206896551724
3bje_A	0.16819571865443425
3bjq_E	0.036065573770491806
3bjr_A	0.6229508196721312
3bjx_A	0.028938906752411574
3bk5_A	0.11914893617021277
3bkp_A	0.2569832402234637
3bli_A	0.5176848874598071
3bln_A	0.5352112676056338
3bm3_A	0.2548262548262548
3bm7_A	0.4528301886792453
3bma_C	0.26903553299492383
3bmb_A	0.22962962962962963
3bmz_B	0.1368421052631579
3bn7_A	0.5196078431372549
3bnk_B	0.25133689839572193
3bnv_D	0.3916083916083916
3bo0_A	0.05429864253393665
3bo5_A	0.1821561338289963
3bos_B	0.5238095238095238
3bp3_A	0.09876543209876543
3bpl_B	0.49504950495049505
3bpm_A	0.2880658436213992
3bpt_A	0.32044198895027626
3bqw_A	0.09221902017291066
3bqx_A	0.33093525179856115
3bre_B	0.5457317073170732
3brs_A	0.6752767527675276
3brw_B	0.0771513353115727
3bs2_A	0.07534246575342465
3bs4_A	0.08163265306122448
3bt5_A	0.4105960264900662
3bt7_B	0.34959349593495936
3btp_A	0.09585492227979274
3bu2_B	0.21025641025641026
3buj_A	0.12846347607052896
3but_A	0.544
3bv6_B	0.4067796610169492
3bvi_F	0.3179190751445087
3bvp_A	0.5367647058823529
3bw2_A	0.3659942363112392
3bwg_B	0.34649122807017546
3bwn_B	0.33875338753387535
3bws_A	0.5257985257985258
3bwt_A	0.4774774774774775
3bww_A	0.45454545454545453
3bwx_A	0.5964912280701754
3bxe_B	0.38735177865612647
3bxj_B	0.08659217877094973
3bxw_A	0.4444444444444444
3by5_A	0.43089430894308944
3byw_C	0.1
3bzc_A	0.23921568627450981
3bzn_A	0.04186046511627907
3bzr_A	0.10091743119266056
3bzw_A	0.5725806451612904
3c02_A	0.18181818181818182
3c0f_B	0.2235294117647059
3c0k_A	0.44556962025316454
3c18_A	0.22758620689655173
3c19_A	0.3163841807909605
3c1m_C	0.41025641025641024
3c1o_A	0.5605095541401274
3c24_A	0.36823104693140796
3c25_A	0.062146892655367235
3c2h_B	0.34509803921568627
3c2u_A	0.3392156862745098
3c2v_A	0.07407407407407407
3c37_A	0.25112107623318386
3c3d_A	0.2875816993464052
3c3k_B	0.6397058823529411
3c3w_A	0.3222748815165877
3c4n_A	0.29526462395543174
3c5h_A	0.3706896551724138
3c5k_A	0.1574074074074074
3c5m_B	0.4470899470899471
3c5p_A	0.06701030927835051
3c5y_E	0.3953488372093023
3c66_A	0.12549019607843137
3c6c_A	0.4523809523809524
3c6k_D	0.40229885057471265
3c6v_B	0.38095238095238093
3c7g_A	0.48565573770491804
3c7n_A	0.3
3c7t_A	0.44787644787644787
3c8i_B	0.06201550387596899
3c8m_A	0.41358024691358025
3c8v_C	0.07741935483870968
3c96_A	0.34120734908136485
3c9a_A	0.22115384615384615
3c9f_B	0.33725490196078434
3c9g_A	0.16153846153846155
3c9h_B	0.49557522123893805
3c9p_A	0.10655737704918032
3ca8_A	0.3946360153256705
3cai_A	0.3888888888888889
3can_A	0.6211180124223602
3caw_A	0.3575949367088608
3cb0_A	0.21084337349397592
3cb5_A	0.28603603603603606
3cbg_A	0.6192660550458715
3cbn_A	0.16666666666666666
3cbt_A	0.12857142857142856
3cbu_B	0.3427230046948357
3cc4_K	0.14393939393939395
3cdd_D	0.29003021148036257
3cdg_F	0.2
3cdx_A	0.4194528875379939
3ce8_A	0.5666666666666667
3ce9_A	0.3467048710601719
3ceb_A	0.12886597938144329
3ceg_A	0.08904109589041095
3cei_A	0.10328638497652583
3cer_C	0.36936936936936937
3ces_A	0.22745098039215686
3cet_B	0.26666666666666666
3ceu_A	0.3686868686868687
3cew_A	0.5338983050847458
3cf4_A	0.26862745098039215
3cf4_G	0.2958579881656805
3cfi_B	0.15625
3cfu_A	0.47586206896551725
3cfw_A	0.19230769230769232
3cfy_A	0.6692307692307692
3cg3_A	0.38095238095238093
3cg4_A	0.6746031746031746
3cgb_A	0.3153153153153153
3cgg_A	0.6182795698924731
3cgh_A	0.21301775147928995
3cgi_C	0.19327731092436976
3cgl_A	0.10267857142857142
3cgm_A	0.2229299363057325
3cgx_A	0.4329004329004329
3ch0_A	0.40441176470588236
3ch4_B	0.4521276595744681
3che_A	0.4936708860759494
3chl_A	0.18412698412698414
3chv_A	0.4265232974910394
3ci0_J	0.08441558441558442
3ci0_K	0.060714285714285714
3ci1_A	0.15425531914893617
3cia_A	0.2
3cin_A	0.2643979057591623
3cis_G	0.7328767123287672
3civ_A	0.560126582278481
3cje_A	0.36
3cjk_A	0.5294117647058824
3cjm_A	0.26666666666666666
3cjp_A	0.4847328244274809
3cjw_A	0.057971014492753624
3cjx_A	0.5308641975308642
3cjy_A	0.40711462450592883
3ck1_A	0.43356643356643354
3ck6_E	0.1346938775510204
3ckl_B	0.34121621621621623
3cky_A	0.45454545454545453
3clh_A	0.30194805194805197
3clk_B	0.6068702290076335
3clr_D	0.3887147335423197
3clw_A	0.42276422764227645
3cm0_A	0.483695652173913
3cm6_B	0.3310810810810811
3cmg_A	0.45294117647058824
3cmi_A	0.43356643356643354
3cmn_A	0.17114093959731544
3cmu_A	0.3627450980392157
3cnb_A	0.5887096774193549
3cng_C	0.4550561797752809
3cnh_A	0.48
3cni_A	0.36551724137931035
3cnl_A	0.34763948497854075
3cnw_A	0.43661971830985913
3co5_A	0.3880597014925373
3coo_A	0.2937062937062937
3cos_D	0.4356955380577428
3cot_B	0.4461538461538462
3cp0_A	0.6031746031746031
3cp5_A	0.3448275862068966
3cp8_A	0.2019607843137255
3cpg_A	0.34782608695652173
3cpr_A	0.5529801324503312
3cq1_A	0.46464646464646464
3cq9_B	0.3424657534246575
3cqo_A	0.5324232081911263
3cqr_A	0.05847953216374269
3cqy_A	0.4027027027027027
3crd_A	0.15
3crl_B	0.3002610966057441
3crn_A	0.6666666666666666
3crv_A	0.27450980392156865
3csl_A	0.40784313725490196
3csq_D	0.2791411042944785
3csv_A	0.32608695652173914
3csw_C	0.1709090909090909
3ct4_A	0.330188679245283
3ct6_A	0.46153846153846156
3ct9_B	0.33429394812680113
3ctk_A	0.06048387096774194
3ctl_A	0.5296803652968036
3cts_A	0.0023148148148148147
3cty_B	0.4360655737704918
3ctz_A	0.2196078431372549
3cu2_B	0.4449152542372881
3cu5_B	0.6201550387596899
3cuc_B	0.2126865671641791
3cue_E	0.05851063829787234
3cv1_A	0.22156862745098038
3cvg_A	0.35185185185185186
3cvj_B	0.5308641975308642
3cvo_A	0.3917525773195876
3cw2_C	0.3684210526315789
3cw3_A	0.15053763440860216
3cwv_A	0.20916905444126074
3cwz_B	0.11612903225806452
3cx5_L	0.3433874709976798
3cxk_A	0.183206106870229
3cxm_A	0.2396694214876033
3cxp_A	0.43478260869565216
3cy4_B	0.16883116883116883
3cyj_A	0.45403899721448465
3cz5_C	0.6338028169014085
3cz8_A	0.45364238410596025
3czb_B	0.1411042944785276
3czc_A	0.43010752688172044
3czo_B	0.06274509803921569
3czp_A	0.2553648068669528
3czq_A	0.3125
3czx_A	0.5
3d00_A	0.13043478260869565
3d01_L	0.425
3d02_A	0.6
3d03_A	0.5437956204379562
3d0j_A	0.42028985507246375
3d0k_B	0.5221843003412969
3d0r_B	0.4671916010498688
3d1l_B	0.4015444015444015
3d22_A	0.46511627906976744
3d2l_C	0.5826446280991735
3d30_A	0.3173076923076923
3d31_A	0.4367816091954023
3d33_A	0.5106382978723404
3d34_B	0.08372093023255814
3d37_A	0.254601226993865
3d3o_A	0.2897727272727273
3d3q_A	0.2703583061889251
3d3s_A	0.559748427672956
3d3u_A	0.3953488372093023
3d3y_A	0.2917647058823529
3d3z_A	0.06722689075630252
3d45_A	0.32114882506527415
3d47_A	0.4
3d4e_A	0.24074074074074073
3d4t_A	0.4845360824742268
3d51_A	0.25882352941176473
3d5j_A	0.4375
3d5n_A	0.5561797752808989
3d6j_A	0.5238095238095238
3d79_A	0.11377245508982035
3d7a_A	0.29927007299270075
3d7j_C	0.15555555555555556
3d7l_H	0.6732673267326733
3d7n_A	0.6050955414012739
3d7r_A	0.543918918918919
3d82_E	0.5784313725490197
3d89_A	0.21323529411764705
3d8d_A	0.04316546762589928
3d8k_C	0.1623931623931624
3d8u_B	0.5888888888888889
3d8v_A	0.39539748953974896
3d9r_C	0.4552238805970149
3d9w_A	0.19718309859154928
3da1_A	0.2620967741935484
3da7_D	0.26666666666666666
3da8_A	0.5023474178403756
3dal_A	0.17318435754189945
3dan_A	0.10570824524312897
3dao_B	0.39416058394160586
3daq_A	0.5787671232876712
3das_A	0.5059880239520959
3db0_B	0.4112903225806452
3db2_A	0.515850144092219
3db5_B	0.16417910447761194
3dbn_A	0.5186246418338109
3dbo_B	0.373015873015873
3dbx_A	0.22939068100358423
3dby_T	0.19101123595505617
3dc7_A	0.5633802816901409
3dcb_A	0.20735785953177258
3dcy_A	0.39271255060728744
3dcz_A	0.12280701754385964
3ddc_B	0.22556390977443608
3dde_A	0.1896551724137931
3ddh_A	0.4410480349344978
3ddj_A	0.25448028673835127
3ddl_A	0.18253968253968253
3ddm_A	0.41046831955922863
3ddq_D	0.1895910780669145
3ddv_B	0.06474820143884892
3ddy_A	0.30857142857142855
3deb_A	0.11805555555555555
3df7_A	0.2956810631229236
3dfm_A	0.39849624060150374
3dg6_A	0.45901639344262296
3dgc_S	0.3719806763285024
3dgt_A	0.3237410071942446
3dh0_B	0.6052631578947368
3dhi_A	0.15261044176706828
3dhi_E	0.18446601941747573
3dhu_C	0.34834123222748814
3di4_A	0.017793594306049824
3di5_A	0.38666666666666666
3djc_B	0.32421875
3djm_B	0.10434782608695652
3dka_B	0.4097222222222222
3dkb_A	0.07386363636363637
3dkq_A	0.4260869565217391
3dkw_A	0.42731277533039647
3dkx_A	0.26732673267326734
3dl9_B	0.1349036402569593
3dlc_A	0.6575342465753424
3dlp_X	0.47023809523809523
3dls_A	0.3543859649122807
3dm3_A	0.5306122448979592
3dmb_A	0.4178082191780822
3dmk_A	0.6098039215686275
3dmm_D	0.4878048780487805
3dmn_A	0.40372670807453415
3dmp_A	0.40186915887850466
3dmy_A	0.43400447427293065
3dn7_B	0.5405405405405406
3dnh_A	0.3076923076923077
3dnm_A	0.6296296296296297
3dnp_A	0.3709090909090909
3dnx_A	0.3767123287671233
3do5_A	0.35625
3do8_A	0.48148148148148145
3doj_A	0.4486301369863014
3don_A	0.45454545454545453
3dou_A	0.4685714285714286
3dpn_A	0.22156862745098038
3dqq_A	0.3221957040572792
3dr5_A	0.5462962962962963
3dr7_A	0.44021739130434784
3dra_B	0.3021978021978022
3drn_A	0.5789473684210527
3ds8_A	0.5770750988142292
3dsh_A	0.09745762711864407
3dsq_B	0.08156028368794327
3dtd_C	0.2857142857142857
3dte_A	0.2834008097165992
3dtg_A	0.10743801652892562
3dtn_A	0.6136363636363636
3dtz_D	0.39461883408071746
3dup_A	0.2887323943661972
3duz_A	0.05263157894736842
3dv0_F	0.4351851851851852
3dv2_D	0.4708994708994709
3dv8_A	0.5046296296296297
3dv9_A	0.4567901234567901
3dva_A	0.28493150684931506
3dwb_A	0.052941176470588235
3dwc_B	0.13293650793650794
3dwp_C	0.09166666666666666
3dx5_A	0.5693430656934306
3dxi_A	0.5451505016722408
3dxq_A	0.3435374149659864
3dxs_X	0.4864864864864865
3dyd_A	0.42010309278350516
3dz1_A	0.5415282392026578
3dza_A	0.11666666666666667
3dze_A	0.6590909090909091
3dzm_A	0.4567307692307692
3e03_C	0.6507352941176471
3e05_B	0.6354166666666666
3e0r_A	0.19665271966527198
3e0z_B	0.12037037037037036
3e11_A	0.40350877192982454
3e15_B	0.34576271186440677
3e19_C	0.4935064935064935
3e1e_C	0.5602836879432624
3e1h_A	0.370757180156658
3e1t_A	0.33638443935926776
3e20_B	0.06896551724137931
3e39_A	0.41714285714285715
3e3k_B	0.294
3e3m_A	0.6259259259259259
3e3u_A	0.08163265306122448
3e48_B	0.5813148788927336
3e4c_A	0.4612546125461255
3e4v_A	0.3128491620111732
3e4w_A	0.08250825082508251
3e57_B	0.3770491803278688
3e58_A	0.4786729857819905
3e59_D	0.1853035143769968
3e5p_B	0.3746630727762803
3e5z_A	0.506896551724138
3e61_B	0.6182572614107884
3e6q_D	0.28125
3e6u_A	0.2860635696821516
3e80_A	0.2196078431372549
3e82_D	0.47714285714285715
3e84_A	0.4817073170731707
3e8l_C	0.09659090909090909
3e8p_A	0.4117647058823529
3e8w_A	0.1232876712328767
3e8x_A	0.6308411214953271
3e97_A	0.4594594594594595
3e99_A	0.33557046979865773
3e9d_A	0.42
3e9m_A	0.4984423676012461
3e9n_A	0.5079365079365079
3e9q_B	0.59765625
3eap_A	0.06666666666666667
3eat_X	0.2805755395683453
3eb7_A	0.11372549019607843
3ebb_A	0.5132075471698113
3ebe_C	0.15819209039548024
3ebr_A	0.535031847133758
3ebv_A	0.48464163822525597
3ebw_A	0.21019108280254778
3eby_A	0.33986928104575165
3ec3_A	0.39826839826839827
3ec6_A	0.43410852713178294
3ec7_A	0.49404761904761907
3ecc_A	0.45604395604395603
3ecd_B	0.36246786632390743
3ecq_B	0.07254901960784314
3ed3_A	0.4344569288389513
3ed4_B	0.32489451476793246
3ed5_A	0.47844827586206895
3edh_A	0.2885572139303483
3edn_A	0.2408026755852843
3edp_A	0.3004484304932735
3edy_A	0.2411764705882353
3eea_A	0.46405228758169936
3eei_A	0.5108225108225108
3eej_A	0.24444444444444444
3eet_A	0.3224489795918367
3eeu_A	0.5112781954887218
3eey_A	0.6871794871794872
3ef1_A	0.3548387096774194
3ef4_A	0.46774193548387094
3efa_A	0.4931506849315068
3efm_A	0.403921568627451
3efp_B	0.038461538461538464
3efr_A	0.4034334763948498
3eg9_B	0.3784313725490196
3egb_A	0.06808510638297872
3egc_D	0.6450381679389313
3ege_A	0.4574898785425101
3egg_C	0.26875
3egl_B	0.39473684210526316
3eh1_A	0.34705882352941175
3ehn_A	0.19215686274509805
3ehq_A	0.554945054945055
3eif_A	0.3607843137254902
3eiz_A	0.12637362637362637
3ejb_H	0.12403100775193798
3ejv_A	0.4779874213836478
3ek6_A	0.37037037037037035
3ekm_D	0.23920265780730898
3el3_A	0.12709832134292565
3el6_A	0.2915129151291513
3ele_D	0.3793969849246231
3eli_A	0.3611111111111111
3elo_A	0.05263157894736842
3emu_A	0.2708333333333333
3emx_A	0.532258064516129
3en0_A	0.40225563909774437
3en9_A	0.40588235294117647
3eno_A	0.42249240121580545
3ent_A	0.1282051282051282
3eo7_A	0.2874743326488706
3eo8_A	0.3150684931506849
3eof_A	0.29838709677419356
3eon_D	0.25263157894736843
3eoq_B	0.3645320197044335
3eoz_B	0.4514285714285714
3ep1_A	0.25748502994011974
3epj_B	0.26616915422885573
3epr_A	0.45
3eps_A	0.12352941176470589
3eqo_B	0.4764705882352941
3eqz_B	0.544
3err_A	0.060784313725490195
3ers_X	0.23214285714285715
3erv_A	0.285
3erw_A	0.5895522388059702
3es1_A	0.49693251533742333
3es4_A	0.5689655172413793
3es6_A	0.2815884476534296
3es6_B	0.1016949152542373
3es8_G	0.4289405684754522
3esh_A	0.4620938628158845
3esi_A	0.4596774193548387
3etc_B	0.47058823529411764
3eti_A	0.2619047619047619
3etj_A	0.29014084507042254
3euc_A	0.3972602739726027
3eue_A	0.3254237288135593
3euk_H	0.1895424836601307
3eul_B	0.6774193548387096
3euw_A	0.5075075075075075
3evn_A	0.47468354430379744
3evt_A	0.4483870967741935
3evz_A	0.5888324873096447
3ew7_A	0.5813953488372093
3ewi_B	0.5
3ewl_A	0.463768115942029
3ewn_A	0.4090909090909091
3ewo_A	0.384180790960452
3ewq_A	0.32934131736526945
3exc_X	0.5128205128205128
3exe_A	0.2644628099173554
3exn_A	0.5454545454545454
3exr_A	0.5205479452054794
3exz_B	0.40816326530612246
3ey1_A	0.3795620437956204
3ey5_A	0.4772727272727273
3ey9_A	0.4588235294117647
3eye_A	0.1437908496732026
3eyt_C	0.5095541401273885
3eyx_A	0.23857868020304568
3ez0_A	0.2175925925925926
3ez2_B	0.3756345177664975
3ezj_G	0.36683417085427134
3ezu_A	0.31845238095238093
3ezx_A	0.5471698113207547
3f0h_A	0.43370165745856354
3f0y_G	0.23115577889447236
3f10_A	0.18493150684931506
3f13_B	0.22758620689655173
3f1j_A	0.05714285714285714
3f1s_A	0.07532467532467532
3f1t_B	0.43795620437956206
3f1z_A	0.31932773109243695
3f2b_A	0.37254901960784315
3f3b_A	0.3739130434782609
3f3m_A	0.5225806451612903
3f3s_A	0.34615384615384615
3f44_A	0.4857142857142857
3f46_A	0.3333333333333333
3f4l_A	0.47093023255813954
3f4t_A	0.485
3f4w_A	0.5971563981042654
3f56_B	0.24401913875598086
3f5b_A	0.5290697674418605
3f5d_A	0.48186528497409326
3f5n_B	0.0425531914893617
3f67_A	0.6041666666666666
3f69_B	0.3710247349823322
3f6a_A	0.38
3f6d_A	0.3165137614678899
3f6t_B	0.2235294117647059
3f7a_B	0.4603174603174603
3f7e_A	0.4296875
3f7o_A	0.5070422535211268
3f7r_A	0.6074766355140186
3f7w_A	0.3194444444444444
3f83_A	0.2204724409448819
3f85_A	0.15789473684210525
3f8m_A	0.2608695652173913
3f8p_D	0.45483870967741935
3f8t_A	0.31808278867102396
3f8u_A	0.42857142857142855
3f98_A	0.44297082228116713
3f9s_A	0.46153846153846156
3f9t_A	0.38071065989847713
3f9v_A	0.27058823529411763
3fac_A	0.11009174311926606
3faj_A	0.21782178217821782
3fay_A	0.0633245382585752
3fb3_B	0.44966442953020136
3fbg_A	0.43154761904761907
3fbk_A	0.37681159420289856
3fbq_A	0.2968197879858657
3fbr_A	0.1651376146788991
3fbt_A	0.40808823529411764
3fbu_A	0.536144578313253
3fcm_B	0.43169398907103823
3fcx_A	0.5932835820895522
3fd2_A	0.07988165680473373
3fd3_A	0.5603864734299517
3fd5_B	0.2056338028169014
3fdi_B	0.4748603351955307
3fdj_A	0.3695652173913043
3fds_A	0.28125
3fdw_A	0.33076923076923076
3fe4_B	0.1346938775510204
3fef_B	0.3986175115207373
3fet_A	0.2545454545454545
3feu_A	0.39344262295081966
3few_X	0.016166281755196306
3fey_A	0.18627450980392157
3ff4_A	0.512396694214876
3ff9_A	0.21739130434782608
3ffr_A	0.38950276243093923
3ffv_A	0.10497237569060773
3ffz_A	0.10980392156862745
3fg2_P	0.3415841584158416
3fg6_H	0.22549019607843138
3fg9_A	0.6730769230769231
3fgc_D	0.4523076923076923
3fge_A	0.19696969696969696
3fgw_A	0.027450980392156862
3fgy_A	0.42962962962962964
3fhb_A	0.05322128851540616
3fhd_A	0.125
3fhh_A	0.38235294117647056
3fhk_A	0.4421768707482993
3fhl_C	0.46449704142011833
3fhm_A	0.3161764705882353
3fhw_A	0.48
3fi9_A	0.3956386292834891
3fid_A	0.33783783783783783
3fie_A	0.10319410319410319
3fig_B	0.39215686274509803
3fij_A	0.4330357142857143
3fiq_B	0.08280254777070063
3fj1_A	0.46686746987951805
3fj2_A	0.3176470588235294
3fj4_A	0.5067385444743935
3fjs_C	0.6261682242990654
3fjv_A	0.13989637305699482
3fjy_B	0.42045454545454547
3fk8_A	0.5038167938931297
3fk9_A	0.4444444444444444
3fkd_A	0.4233128834355828
3fkh_D	0.34328358208955223
3fkj_A	0.5044776119402985
3fkq_A	0.4180790960451977
3fla_A	0.5609756097560976
3fld_B	0.1437908496732026
3flj_A	0.3191489361702128
3flp_D	0.33640552995391704
3fm2_A	0.08955223880597014
3fm3_B	0.20224719101123595
3fmb_A	0.4368932038834951
3fms_A	0.36363636363636365
3fn8_A	0.10526315789473684
3fn9_C	0.4666666666666667
3fnc_B	0.5279503105590062
3fni_A	0.564935064935065
3fnj_D	0.5163934426229508
3fnr_A	0.133630289532294
3fo5_A	0.34309623430962344
3fof_A	0.10574712643678161
3fov_A	0.5490196078431373
3fp0_A	0.23333333333333334
3fpj_B	0.49056603773584906
3fpu_A	0.07
3fpz_A	0.28938906752411575
3fq3_A	0.09770114942528736
3fq4_B	0.5470085470085471
3fq6_B	0.28695652173913044
3fqd_B	0.09337349397590361
3fr8_B	0.3156862745098039
3frm_C	0.3188976377952756
3fru_A	0.25650557620817843
3fs5_A	0.3684210526315789
3fsg_A	0.5543071161048689
3fsm_A	0.054187192118226604
3fsy_D	0.13636363636363635
3ftb_A	0.4161676646706587
3ftf_A	0.4878048780487805
3fux_C	0.4679245283018868
3fuy_B	0.12738853503184713
3fvc_A	0.03137254901960784
3fve_A	0.1978798586572438
3fvq_B	0.37714285714285717
3fvv_A	0.38565022421524664
3fvw_B	0.554945054945055
3fvz_A	0.5167173252279635
3fw2_A	0.46621621621621623
3fwr_B	0.3013698630136986
3fwz_A	0.5285714285714286
3fxa_A	0.5208333333333334
3fxg_A	0.371007371007371
3fxh_A	0.07079646017699115
3fxo_A	0.33608815426997246
3fxq_A	0.47635135135135137
3fxt_A	0.4777777777777778
3fy4_A	0.19411764705882353
3fys_A	0.4574468085106383
3fz0_B	0.3816568047337278
3fz3_F	0.44146341463414634
3fz5_C	0.3385416666666667
3fz8_E	0.34051724137931033
3fzg_A	0.46938775510204084
3fzq_A	0.3763837638376384
3fzx_A	0.2028301886792453
3fzz_A	0.28634361233480177
3g0o_A	0.4666666666666667
3g14_B	0.36312849162011174
3g17_G	0.33448275862068966
3g23_A	0.4666666666666667
3g27_A	0.2716049382716049
3g2f_A	0.36721311475409835
3g2p_A	0.545816733067729
3g3l_A	0.21993127147766323
3g3p_A	0.5609756097560976
3g40_A	0.3488372093023256
3g4o_B	0.028824833702882482
3g5j_A	0.3923076923076923
3g5k_A	0.10382513661202186
3g5l_A	0.5855855855855856
3g5w_A	0.4811320754716981
3g68_B	0.46153846153846156
3g6s_A	0.6053639846743295
3g74_D	0.13043478260869565
3g79_A	0.47578947368421054
3g7g_H	0.1118421052631579
3g7k_B	0.08785529715762273
3g7m_A	0.1986754966887417
3g7n_B	0.26848249027237353
3g7p_A	0.06896551724137931
3g7s_A	0.48088531187122735
3g7u_A	0.41954022988505746
3g7z_A	0.15841584158415842
3g87_A	0.2206896551724138
3g8b_B	0.5082644628099173
3g8l_B	0.15527950310559005
3g8r_A	0.4540059347181009
3g8y_A	0.4373401534526854
3g8z_A	0.3798449612403101
3g98_A	0.1891891891891892
3g9h_A	0.10687022900763359
3g9l_X	0.30654761904761907
3g9v_C	0.4090909090909091
3g9z_A	0.6430976430976431
3ga0_A	0.4599406528189911
3ga2_A	0.379746835443038
3ga4_A	0.3717948717948718
3gaa_A	0.24279835390946503
3gad_C	0.46153846153846156
3gas_A	0.3024193548387097
3gaz_A	0.4380664652567976
3gb3_A	0.06521739130434782
3gbh_B	0.3755868544600939
3gbt_A	0.21138211382113822
3gbv_A	0.5432525951557093
3gbw_A	0.5590062111801242
3gby_A	0.31496062992125984
3gc3_A	0.2674772036474164
3gce_A	0.3269230769230769
3gd7_A	0.36772486772486773
3gde_A	0.07058823529411765
3gdh_A	0.6018957345971564
3gdw_B	0.463768115942029
3ge5_A	0.35795454545454547
3ged_B	0.6172839506172839
3gek_A	0.5075757575757576
3gem_C	0.5892857142857143
3get_A	0.3835616438356164
3gf0_A	0.1507537688442211
3gf6_A	0.1232876712328767
3gf8_A	0.1936619718309859
3gfa_A	0.30456852791878175
3gfb_A	0.47262247838616717
3gff_A	0.4810126582278481
3gfg_B	0.4828571428571429
3gfu_A	0.4597156398104265
3gfv_A	0.4405594405594406
3gfx_B	0.3756345177664975
3gg6_A	0.4652777777777778
3gg7_A	0.5020576131687243
3gg9_D	0.49707602339181284
3gge_C	0.3368421052631579
3ggg_D	0.43686006825938567
3ggh_A	0.03636363636363636
3gh1_A	0.23883928571428573
3gh5_A	0.33727810650887574
3gh9_A	0.5053763440860215
3ghf_A	0.44
3gi9_C	0.07551487414187644
3gir_A	0.3047091412742382
3giu_B	0.4413145539906103
3gju_A	0.33406113537117904
3gk0_A	0.5238095238095238
3gk5_A	0.5
3gkb_B	0.4142857142857143
3gkn_A	0.49056603773584906
3gkx_B	0.4117647058823529
3gld_A	0.35034013605442177
3glf_G	0.36507936507936506
3gli_E	0.36227544910179643
3glv_A	0.5491803278688525
3gm5_A	0.2913907284768212
3gm8_A	0.40784313725490196
3gmf_A	0.32142857142857145
3gmg_A	0.32167832167832167
3gms_A	0.4743202416918429
3gmy_A	0.22727272727272727
3gn3_A	0.44692737430167595
3gn6_C	0.046511627906976744
3gnj_A	0.5855855855855856
3gnn_A	0.19172932330827067
3gnw_B	0.10588235294117647
3go4_A	0.5534351145038168
3go5_A	0.4666666666666667
3go9_A	0.3034934497816594
3goc_A	0.37280701754385964
3goh_A	0.3164983164983165
3gon_A	0.2553191489361702
3gop_A	0.36
3gor_A	0.39490445859872614
3goz_A	0.60625
3gpi_A	0.6153846153846154
3gpk_A	0.46296296296296297
3gq2_A	0.42745098039215684
3gqc_B	0.19318181818181818
3gqq_D	0.06629834254143646
3gr3_A	0.33185840707964603
3gr5_A	0.24836601307189543
3gr7_A	0.5470588235294118
3gra_A	0.41621621621621624
3grc_A	0.68
3grf_A	0.5197368421052632
3grn_A	0.5144927536231884
3grz_B	0.6217616580310881
3gt0_A	0.3870967741935484
3gtj_C	0.0959409594095941
3gtu_B	0.29017857142857145
3gty_X	0.2669902912621359
3gtz_A	0.4608695652173913
3guu_A	0.32018561484918795
3guv_A	0.5436241610738255
3guw_A	0.40772532188841204
3guy_G	0.5877192982456141
3gv1_A	0.5142857142857142
3gvc_B	0.6392156862745098
3gvd_I	0.16544117647058823
3gvj_A	0.3627450980392157
3gvp_A	0.3579676674364896
3gvx_B	0.4103448275862069
3gvz_A	0.0546875
3gw3_A	0.47058823529411764
3gwb_A	0.33495145631067963
3gwc_A	0.13821138211382114
3gwe_A	0.3548387096774194
3gwi_A	0.2073170731707317
3gwp_B	0.3231850117096019
3gwq_A	0.3906633906633907
3gwy_B	0.5338345864661654
3gwz_A	0.5634218289085545
3gx1_A	0.4523809523809524
3gx8_A	0.3963963963963964
3gy9_A	0.4429530201342282
3gyc_A	0.3700787401574803
3gyd_B	0.48333333333333334
3gyg_A	0.42105263157894735
3gyk_A	0.5287356321839081
3gyu_A	0.07851239669421488
3gyx_A	0.22549019607843138
3gz6_A	0.3926940639269406
3gz7_A	0.5151515151515151
3gza_A	0.4954337899543379
3gzu_L	0.06801007556675064
3gzx_A	0.12954545454545455
3h05_B	0.5030674846625767
3h0g_T	0.08064516129032258
3h0k_A	0.52046783625731
3h0u_A	0.41007194244604317
3h11_A	0.4056603773584906
3h12_A	0.4642857142857143
3h1f_A	0.6341463414634146
3h1k_B	0.31690140845070425
3h1n_B	0.3512396694214876
3h1q_B	0.3860294117647059
3h1t_A	0.3627450980392157
3h20_A	0.1701388888888889
3h2a_B	0.47653429602888087
3h2k_A	0.5051546391752577
3h2s_A	0.5416666666666666
3h2x_A	0.27483443708609273
3h2z_A	0.38461538461538464
3h31_A	0.25675675675675674
3h35_A	0.2847222222222222
3h3e_A	0.421875
3h3l_A	0.2629310344827586
3h41_A	0.25901639344262295
3h4c_A	0.12077294685990338
3h4l_B	0.18313953488372092
3h4p_a	0.1188118811881188
3h4q_A	0.496551724137931
3h4s_A	0.16991643454038996
3h4x_A	0.3111111111111111
3h4y_A	0.16883116883116883
3h51_A	0.36619718309859156
3h5a_C	0.4022346368715084
3h5c_B	0.21153846153846154
3h5o_A	0.6383763837638377
3h5t_A	0.4970414201183432
3h6e_B	0.23126338329764454
3h6j_A	0.363013698630137
3h6q_A	0.07142857142857142
3h6s_E	0.19736842105263158
3h74_A	0.4172661870503597
3h78_B	0.4494047619047619
3h79_A	0.4608695652173913
3h7a_B	0.6666666666666666
3h7i_A	0.31456953642384106
3h7m_A	0.5570175438596491
3h7o_A	0.29385964912280704
3h7t_A	0.28936170212765955
3h87_B	0.45652173913043476
3h8l_A	0.38764044943820225
3h8o_A	0.33980582524271846
3h8u_A	0.639344262295082
3h93_A	0.4739583333333333
3h95_A	0.391304347826087
3h9a_A	0.64
3h9m_A	0.06015037593984962
3h9n_A	0.3163841807909605
3h9p_A	0.061946902654867256
3ha2_A	0.5178571428571429
3ha9_A	0.5527950310559007
3ham_A	0.2709030100334448
3hb7_E	0.48148148148148145
3hbj_A	0.45617977528089887
3hbn_A	0.5070921985815603
3hc1_A	0.14429530201342283
3hc7_A	0.4642857142857143
3hcj_A	0.1503267973856209
3hcw_A	0.6007067137809188
3hcz_A	0.4897959183673469
3hd5_A	0.35714285714285715
3hd6_A	0.04714640198511166
3hd8_A	0.05675675675675676
3hdg_A	0.6048387096774194
3hdi_A	0.3115942028985507
3hdj_A	0.40514469453376206
3hdl_A	0.07894736842105263
3hdo_A	0.4
3hdp_A	0.4015151515151515
3hdt_A	0.514792899408284
3hdu_A	0.40131578947368424
3hdv_B	0.6507936507936508
3hdx_A	0.27631578947368424
3he3_A	0.15846994535519127
3heb_A	0.5352112676056338
3hem_A	0.6116838487972509
3hfk_B	0.4827586206896552
3hft_A	0.3305785123966942
3hfu_B	0.6127450980392157
3hg7_A	0.5032258064516129
3hgi_A	0.26356589147286824
3hgm_A	0.7755102040816326
3hh7_A	0.23076923076923078
3hhc_B	0.07643312101910828
3hhe_A	0.27467811158798283
3hhg_E	0.5084175084175084
3hhj_B	0.4961832061068702
3hhr_B	0.4619289340101523
3hhs_A	0.1
3hi0_A	0.2934131736526946
3hi7_A	0.06274509803921569
3hi8_A	0.15384615384615385
3him_B	0.4947916666666667
3hiq_A	0.09266409266409266
3hj6_A	0.39568345323741005
3hj9_A	0.32558139534883723
3hjc_A	0.11627906976744186
3hjg_A	0.4306930693069307
3hjn_A	0.4497354497354497
3hjp_A	0.5506329113924051
3hjz_A	0.2732732732732733
3hkl_B	0.0718954248366013
3hko_A	0.3730407523510972
3hks_A	0.20833333333333334
3hkz_D	0.0946969696969697
3hl0_A	0.3162393162393162
3hl6_B	0.08854166666666667
3hlg_A	0.23294117647058823
3hlk_B	0.46228710462287104
3hlt_A	0.46875
3hlu_A	0.3150684931506849
3hlz_B	0.2379182156133829
3hm0_A	0.47619047619047616
3hm2_A	0.5789473684210527
3hm7_B	0.38215102974828374
3hmc_A	0.5026455026455027
3hmu_A	0.34913793103448276
3hmx_B	0.07386363636363637
3hmz_A	0.27225130890052357
3hn0_A	0.45357142857142857
3hn2_A	0.3973509933774834
3hn5_A	0.44660194174757284
3hn7_A	0.425
3hnm_A	0.47305389221556887
3hnp_A	0.44857142857142857
3hnr_A	0.5803108808290155
3ho5_B	0.29933481152993346
3ho7_A	0.5181818181818182
3hp7_A	0.4109090909090909
3hpe_A	0.27439024390243905
3hq0_A	0.31313131313131315
3hqx_A	0.5523809523809524
3hra_A	0.7286432160804021
3hrd_A	0.23809523809523808
3hrd_B	0.22727272727272727
3hrd_G	0.2226027397260274
3hrg_A	0.38132295719844356
3hrp_A	0.46
3hrq_B	0.10031347962382445
3hs3_A	0.5681818181818182
3hsi_B	0.31929046563192903
3ht2_A	0.5804195804195804
3htl_X	0.4146919431279621
3htn_A	0.09090909090909091
3htv_A	0.4659498207885305
3htx_D	0.12156862745098039
3hu5_A	0.5105263157894737
3hui_A	0.3125
3hul_A	0.2815884476534296
3hur_A	0.3333333333333333
3hut_A	0.6242774566473989
3hv1_A	0.5189393939393939
3hv2_A	0.6764705882352942
3hva_A	0.5493827160493827
3hwc_A	0.17012448132780084
3hwj_B	0.49333333333333335
3hwo_A	0.026385224274406333
3hwp_A	0.027777777777777776
3hwr_A	0.42474916387959866
3hwu_A	0.0625
3hxg_A	0.15300546448087432
3hxk_A	0.632
3hxl_A	0.0819277108433735
3hxp_A	0.39338235294117646
3hy5_A	0.397887323943662
3hy6_A	0.3888888888888889
3hyn_A	0.3709677419354839
3hyx_A	0.351981351981352
3hz4_A	0.6
3hz7_A	0.47297297297297297
3hzh_B	0.17532467532467533
3hzl_A	0.26903553299492383
3hzn_H	0.2818181818181818
3hzp_A	0.4375
3hzr_A	0.17914438502673796
3hzu_A	0.4315068493150685
3i04_A	0.14705882352941177
3i09_A	0.5973333333333334
3i0n_A	0.225
3i0o_A	0.303951367781155
3i0p_A	0.15512465373961218
3i0y_A	0.5217391304347826
3i10_A	0.44244604316546765
3i12_A	0.35555555555555557
3i1i_A	0.4745308310991957
3i1j_A	0.6153846153846154
3i24_A	0.16083916083916083
3i26_D	0.051490514905149054
3i2m_X	0.06597222222222222
3i2n_A	0.46956521739130436
3i2t_A	0.2725490196078431
3i2v_A	0.41935483870967744
3i2z_A	0.36619718309859156
3i32_A	0.41304347826086957
3i3f_A	0.37404580152671757
3i3v_C	0.3477157360406091
3i42_A	0.576271186440678
3i44_A	0.21008403361344538
3i45_A	0.582010582010582
3i4f_A	0.6115702479338843
3i4q_A	0.07647058823529412
3i4z_A	0.0730593607305936
3i54_D	0.4517543859649123
3i5t_A	0.36936936936936937
3i5x_A	0.38703339882121807
3i64_A	0.5335365853658537
3i6i_A	0.5860927152317881
3i6u_A	0.33076923076923076
3i6v_A	0.45871559633027525
3i74_A	0.32941176470588235
3i7a_A	0.2
3i7j_A	0.28205128205128205
3i7m_A	0.11194029850746269
3i7u_C	0.5373134328358209
3i83_A	0.38387096774193546
3i8b_A	0.21739130434782608
3i9x_A	0.3821656050955414
3ia1_A	0.5384615384615384
3iac_A	0.17270788912579957
3ial_B	0.12673267326732673
3iar_A	0.42777777777777776
3iau_A	0.3140495867768595
3ib8_A	0.5491525423728814
3ibm_B	0.5547945205479452
3ibs_A	0.6456310679611651
3ibt_A	0.5741444866920152
3iby_D	0.36254980079681276
3ic5_A	0.6347826086956522
3ic6_A	0.38028169014084506
3ic9_C	0.2525879917184265
3ica_B	0.024154589371980676
3ici_A	0.23529411764705882
3icl_A	0.5864197530864198
3ict_A	0.3431372549019608
3icu_A	0.3157894736842105
3id9_B	0.4330708661417323
3idf_A	0.6159420289855072
3ido_A	0.44936708860759494
3idu_A	0.6810344827586207
3idv_A	0.39148936170212767
3iev_A	0.4271523178807947
3if6_B	0.2024793388429752
3ife_A	0.3293269230769231
3ifr_A	0.21721311475409835
3ifs_E	0.24222222222222223
3ift_A	0.27205882352941174
3ifu_A	0.10857142857142857
3igh_X	0.42028985507246375
3igr_A	0.5245901639344263
3igs_B	0.45689655172413796
3igy_B	0.24901960784313726
3ih0_A	0.47368421052631576
3ih5_B	0.205607476635514
3ihb_A	0.2
3ihg_A	0.38235294117647056
3ihm_A	0.22549019607843138
3ihp_B	0.08235294117647059
3iht_A	0.5153374233128835
3ihu_A	0.4146341463414634
3ihv_B	0.24313725490196078
3ihx_B	0.13953488372093023
3ii1_A	0.3392156862745098
3ii7_A	0.5486111111111112
3iic_A	0.17532467532467533
3iii_A	0.3862745098039216
3iir_A	0.05789473684210526
3ij3_A	0.175054704595186
3ij5_A	0.42702702702702705
3ijd_A	0.46153846153846156
3ijp_B	0.47191011235955055
3ijq_A	0.47477744807121663
3ikb_A	0.34183673469387754
3ikh_A	0.42657342657342656
3ilf_A	0.28793774319066145
3ilh_A	0.6015037593984962
3ils_A	0.44528301886792454
3ilv_A	0.23529411764705882
3im9_A	0.21405750798722045
3imb_A	0.08403361344537816
3imk_A	0.4177215189873418
3in1_A	0.48717948717948717
3in6_A	0.41496598639455784
3in9_A	0.058981233243967826
3io0_A	0.11790393013100436
3io1_A	0.40302267002518893
3io5_B	0.47058823529411764
3ioy_A	0.5812274368231047
3ip1_A	0.4393939393939394
3ip4_B	0.0975103734439834
3ip7_A	0.646551724137931
3ipi_A	0.22014925373134328
3ipj_A	0.30526315789473685
3ipk_A	0.08793456032719836
3ipw_A	0.4750830564784053
3iq1_B	0.31446540880503143
3ir1_B	0.48770491803278687
3ir3_A	0.42857142857142855
3ir9_A	0.11728395061728394
3irp_X	0.28708133971291866
3irv_A	0.5211267605633803
3is6_A	0.28270042194092826
3ism_B	0.20242914979757085
3iso_A	0.29357798165137616
3isp_A	0.5413793103448276
3isr_B	0.3356401384083045
3isx_A	0.20597014925373133
3it3_A	0.16023738872403562
3it4_A	0.14507772020725387
3it5_A	0.31868131868131866
3it6_B	0.16097560975609757
3it8_D	0.08361204013377926
3ite_B	0.3538767395626243
3iug_B	0.05913978494623656
3iuk_A	0.14901960784313725
3iup_A	0.3882978723404255
3ius_A	0.5460992907801419
3iuw_B	0.3
3iuy_A	0.4084507042253521
3iuz_A	0.109375
3iv0_A	0.2510729613733906
3iv3_A	0.42249240121580545
3iv4_A	0.4017857142857143
3iv6_A	0.43190661478599224
3iv7_B	0.2612359550561798
3ivc_A	0.3724832214765101
3ivd_A	0.39478957915831664
3ivl_A	0.3315508021390374
3ivr_A	0.5101522842639594
3ivt_B	0.4525
3iwg_A	0.3246268656716418
3iwp_A	0.4899598393574297
3iwt_A	0.5060240963855421
3iwv_B	0.5128205128205128
3iwz_D	0.49038461538461536
3ix1_A	0.4717607973421927
3ix7_A	0.48854961832061067
3ixe_A	0.6900584795321637
3ixs_A	0.15315315315315314
3j09_A	0.20392156862745098
3j0a_A	0.5313725490196078
3j0c_E	0.0851063829787234
3j15_A	0.2661064425770308
3j16_A	0.31088082901554404
3j1c_K	0.0392156862745098
3j1w_B	0.1320754716981132
3j1z_P	0.28040540540540543
3j26_A	0.021653543307086614
3j26_N	0.058011049723756904
3j31_G	0.2180232558139535
3j31_Q	0.4
3j3i_A	0.045098039215686274
3j40_H	0.11711711711711711
3j4q_B	0.36387434554973824
3j4u_H	0.5642857142857143
3j5s_D	0.37450980392156863
3j6b_5	0.08282208588957055
3j6b_F	0.13513513513513514
3j6b_K	0.05641025641025641
3j6b_N	0.3559322033898305
3j6n_K	0.5980861244019139
3j7a_J	0.24468085106382978
3j7a_R	0.1326530612244898
3j82_A	0.25190839694656486
3j83_A	0.06521739130434782
3j8g_X	0.41148325358851673
3j9d_A	0.052941176470588235
3j9e_D	0.023529411764705882
3j9o_J	0.06323185011709602
3ja1_SK	0.4140625
3jb3_A	0.056862745098039215
3jb3_D	0.03424657534246575
3jb4_A	0.1650943396226415
3jb4_C	0.2074688796680498
3jb5_A	0.10666666666666667
3jb8_A	0.0972972972972973
3jb9_K	0.44235924932975873
3jb9_k	0.4157303370786517
3jcf_A	0.1489971346704871
3jq1_B	0.23706896551724138
3jqo_S	0.15228426395939088
3jqo_T	0.23076923076923078
3jqp_D	0.5055762081784386
3jqx_C	0.5950413223140496
3jr1_A	0.31756756756756754
3jrn_A	0.45695364238410596
3js4_A	0.0966183574879227
3js6_A	0.2897196261682243
3js8_A	0.2
3jsy_A	0.1784037558685446
3jsz_A	0.2235294117647059
3jtw_A	0.5056818181818182
3jtx_A	0.3791348600508906
3jty_A	0.30670103092783507
3ju2_A	0.6254545454545455
3ju5_C	0.09809264305177112
3jur_D	0.6771300448430493
3juu_B	0.21933085501858737
3juv_A	0.15625
3juw_A	0.5209580838323353
3jv9_A	0.5416666666666666
3jvd_B	0.5852713178294574
3jve_A	0.4
3jvn_A	0.5491803278688525
3jwg_A	0.5538461538461539
3jx7_A	0.3922413793103448
3jx8_A	0.31983805668016196
3jx9_A	0.40236686390532544
3jxa_B	0.5953002610966057
3jxe_B	0.16804407713498623
3jxf_B	0.0996309963099631
3jy6_A	0.596958174904943
3jyb_A	0.4927536231884058
3jyf_A	0.5
3jyq_A	0.5283687943262412
3jys_A	0.22129436325678498
3jyy_B	0.2857142857142857
3jyz_A	0.06
3jz3_B	0.5283018867924528
3jzy_A	0.3064516129032258
3k01_A	0.40664961636828645
3k05_B	0.17
3k0b_A	0.39473684210526316
3k0e_F	0.4901185770750988
3k0w_A	0.6304347826086957
3k0y_A	0.29797979797979796
3k0z_A	0.3825503355704698
3k11_A	0.3621867881548975
3k12_D	0.44166666666666665
3k17_A	0.2676056338028169
3k1j_A	0.2980392156862745
3k1n_B	0.5311475409836065
3k1q_A	0.060784313725490195
3k1q_D	0.02912621359223301
3k1q_I	0.060784313725490195
3k1r_A	0.22395833333333334
3k1t_A	0.20047169811320756
3k1z_A	0.3900414937759336
3k25_A	0.18685121107266436
3k2g_B	0.4776536312849162
3k2k_A	0.40568475452196384
3k2y_A	0.13592233009708737
3k2z_B	0.3384615384615385
3k32_B	0.37755102040816324
3k33_A	0.20161290322580644
3k3p_B	0.3836477987421384
3k49_A	0.42209631728045327
3k4q_A	0.0319634703196347
3k4u_E	0.5512820512820513
3k4w_K	0.46619217081850534
3k4x_A	0.054901960784313725
3k4y_A	0.34615384615384615
3k4z_A	0.5272727272727272
3k50_A	0.29562982005141386
3k53_D	0.3851851851851852
3k57_A	0.15490196078431373
3k5h_A	0.39267015706806285
3k5r_A	0.43577981651376146
3k5w_A	0.42516268980477223
3k67_A	0.391025641025641
3k6h_A	0.33507853403141363
3k6j_A	0.313953488372093
3k6l_C	0.08496732026143791
3k6x_A	0.40683229813664595
3k6y_A	0.3920704845814978
3k77_A	0.18421052631578946
3k7d_A	0.13279678068410464
3k7x_A	0.3448275862068966
3k7y_A	0.362962962962963
3k88_A	0.2621951219512195
3k8a_B	0.4563106796116505
3k8m_A	0.25882352941176473
3k8u_A	0.34306569343065696
3k8v_A	0.09907120743034056
3k96_A	0.4263803680981595
3k9c_B	0.6162361623616236
3k9d_A	0.2092511013215859
3k9k_A	0.21800947867298578
3k9t_A	0.3127962085308057
3ka7_A	0.23696682464454977
3kal_A	0.2723404255319149
3kap_A	0.6870748299319728
3kb8_A	0.43781094527363185
3kbb_A	0.5185185185185185
3kbg_A	0.21354166666666666
3kcm_D	0.5422535211267606
3kcn_B	0.6277372262773723
3kd3_A	0.46296296296296297
3kd6_A	0.47
3kdg_A	0.18324607329842932
3kdo_C	0.34545454545454546
3kdp_A	0.16470588235294117
3kdr_C	0.05574912891986063
3ke3_A	0.42857142857142855
3ke6_A	0.4124293785310734
3kes_B	0.16993464052287582
3kew_A	0.2
3kex_A	0.3835616438356164
3kez_B	0.26785714285714285
3kf6_A	0.36764705882352944
3kf6_B	0.3238095238095238
3kf8_A	0.25
3kf8_D	0.2845528455284553
3kfv_A	0.17842323651452283
3kfw_X	0.3162393162393162
3kg7_C	0.2578397212543554
3kgd_B	0.19883040935672514
3kgx_B	0.4641025641025641
3kgy_A	0.3669724770642202
3kgz_A	0.5586206896551724
3kh0_B	0.21904761904761905
3kh1_A	0.20408163265306123
3kh7_A	0.4968152866242038
3kh8_A	0.3864406779661017
3khi_A	0.20179372197309417
3khk_A	0.3668032786885246
3khn_A	0.4567901234567901
3khs_B	0.4
3kht_A	0.6060606060606061
3ki9_A	0.28693790149892934
3kiz_B	0.2398921832884097
3kjg_A	0.35826771653543305
3kjj_J	0.4369747899159664
3kjx_D	0.5791044776119403
3kjy_A	0.2600896860986547
3kjz_A	0.3717277486910995
3kk7_A	0.035856573705179286
3kke_B	0.570446735395189
3kkf_A	0.4666666666666667
3kki_A	0.44559585492227977
3kkj_A	0.3201219512195122
3kkl_B	0.5138888888888888
3kkw_A	0.5542168674698795
3kkz_A	0.62109375
3kl2_E	0.5098039215686274
3kl7_A	0.45
3kl9_D	0.3058823529411765
3klb_A	0.4876543209876543
3klj_A	0.3148148148148148
3klo_A	0.4147465437788018
3klq_A	0.38686131386861317
3km5_A	0.5083798882681564
3kmv_E	0.12857142857142856
3kn5_B	0.36678200692041524
3kny_A	0.21649484536082475
3kog_A	0.2168141592920354
3kom_B	0.307843137254902
3kop_F	0.047337278106508875
3koq_A	0.31213872832369943
3kox_A	0.1411764705882353
3kpc_A	0.3467741935483871
3kpf_A	0.2505353319057816
3kpt_B	0.5661971830985916
3kq4_A	0.2701298701298701
3kq4_B	0.4179431072210066
3kq5_A	0.06388888888888888
3kqf_A	0.4247104247104247
3krb_A	0.4495114006514658
3krc_C	0.12915129151291513
3krn_A	0.07650273224043716
3ksf_H	0.45454545454545453
3ksm_A	0.7065217391304348
3ksr_A	0.5390946502057613
3kst_A	0.3711340206185567
3kt4_A	0.22745098039215686
3kt9_A	0.35294117647058826
3ktd_A	0.34055727554179566
3ktn_A	0.5235294117647059
3kts_A	0.3783783783783784
3ktz_A	0.12350597609561753
3kuu_A	0.48520710059171596
3kuz_A	0.35454545454545455
3kv1_A	0.3715415019762846
3kv6_D	0.33482142857142855
3kvn_X	0.42745098039215684
3kvq_A	0.5853658536585366
3kw0_B	0.30456852791878175
3kw2_A	0.425
3kwl_A	0.12449799196787148
3kwo_A	0.3288590604026846
3kwp_A	0.36403508771929827
3kws_A	0.6339622641509434
3kxp_A	0.6380597014925373
3kxq_A	0.4936708860759494
3kxr_A	0.39766081871345027
3kxw_A	0.4235294117647059
3ky8_A	0.44021739130434784
3kya_A	0.44798301486199577
3kyc_B	0.23333333333333334
3kyg_A	0.4008810572687225
3kyh_C	0.04392764857881137
3kyj_B	0.5813953488372093
3kyq_A	0.09844559585492228
3kyz_A	0.05357142857142857
3kzb_A	0.20080321285140562
3kzh_A	0.4177215189873418
3kzk_A	0.49700598802395207
3kzp_B	0.41810344827586204
3kzq_A	0.33980582524271846
3kzw_I	0.0951417004048583
3l09_C	0.18972332015810275
3l0g_C	0.2116788321167883
3l0i_C	0.15217391304347827
3l0m_A	0.10975609756097561
3l0q_B	0.21568627450980393
3l0r_A	0.1111111111111111
3l0s_C	0.36771300448430494
3l12_A	0.44107744107744107
3l1w_A	0.6428571428571429
3l22_A	0.21212121212121213
3l23_A	0.5390070921985816
3l2h_B	0.5220125786163522
3l2k_A	0.3721590909090909
3l2o_B	0.23357664233576642
3l2p_A	0.09411764705882353
3l3s_B	0.4230769230769231
3l40_A	0.44036697247706424
3l44_B	0.3464203233256351
3l4b_C	0.49537037037037035
3l4e_A	0.5
3l4g_B	0.058823529411764705
3l4g_C	0.08661417322834646
3l5a_A	0.47244094488188976
3l5k_A	0.4334763948497854
3l5o_A	0.291497975708502
3l6a_A	0.2
3l6d_B	0.39322033898305087
3l6e_A	0.6047619047619047
3l6i_B	0.19767441860465115
3l6u_A	0.7007299270072993
3l76_A	0.40588235294117647
3l77_A	0.6340425531914894
3l7m_D	0.44902912621359226
3l7n_A	0.4444444444444444
3l7y_A	0.39849624060150374
3l7z_C	0.2882882882882883
3l81_A	0.216
3l86_A	0.3306122448979592
3l8h_A	0.5027932960893855
3l8m_A	0.30569948186528495
3l9a_X	0.06172839506172839
3l9u_A	0.36180904522613067
3l9v_A	0.3901098901098901
3l9w_B	0.48179271708683474
3lag_B	0.6804123711340206
3lb5_C	0.25735294117647056
3lb6_D	0.3776223776223776
3lba_A	0.40384615384615385
3lby_A	0.6647727272727273
3lcc_A	0.5694444444444444
3lcm_A	0.5306122448979592
3lcr_B	0.564748201438849
3lcu_A	0.4346153846153846
3lcy_A	0.6173469387755102
3ld2_B	0.5123456790123457
3ld3_A	0.10526315789473684
3ld9_A	0.3155080213903743
3ldg_A	0.4509283819628647
3ldk_A	0.0803921568627451
3le2_A	0.030534351145038167
3lec_A	0.5644444444444444
3led_A	0.4026666666666667
3let_B	0.11935483870967742
3lf5_A	0.09195402298850575
3lf6_B	0.25477707006369427
3lfh_B	0.4583333333333333
3lfj_A	0.2874251497005988
3lfv_A	0.391304347826087
3lg2_A	0.4200743494423792
3lg8_A	0.36792452830188677
3lgd_A	0.2676348547717842
3lgj_B	0.38144329896907214
3lh4_A	0.1826086956521739
3lhi_A	0.48917748917748916
3lhl_A	0.41304347826086957
3lho_A	0.047244094488188976
3lib_I	0.26199261992619927
3lic_A	0.2528301886792453
3lid_A	0.26881720430107525
3lin_G	0.27586206896551724
3lip_A	0.35
3ljn_A	0.5723684210526315
3ljs_B	0.4461538461538462
3lju_X	0.10991957104557641
3lk7_A	0.4017857142857143
3lkb_A	0.5732984293193717
3lkd_B	0.3728813559322034
3lkk_B	0.3907563025210084
3lkl_A	0.6021505376344086
3lkv_A	0.6013513513513513
3ll7_A	0.3690773067331671
3ll9_B	0.39357429718875503
3llc_A	0.5938697318007663
3llx_A	0.38605898123324395
3lm2_A	0.4488888888888889
3lm3_A	0.271889400921659
3lm6_A	0.38023952095808383
3lmb_A	0.32926829268292684
3lmc_A	0.34554973821989526
3lmd_A	0.13564668769716087
3lme_G	0.43410852713178294
3lmf_A	0.44036697247706424
3lml_A	0.11136363636363636
3lmw_A	0.4978813559322034
3ln7_A	0.045098039215686274
3lnl_B	0.2521489971346705
3lnn_A	0.45161290322580644
3lnp_A	0.4467120181405896
3lo3_U	0.5531914893617021
3lod_A	0.5379310344827586
3lom_A	0.11458333333333333
3lop_A	0.5977337110481586
3lor_A	0.487012987012987
3lot_D	0.4217252396166134
3lov_A	0.2682926829268293
3loy_A	0.07058823529411765
3lp5_A	0.576
3lp6_C	0.48823529411764705
3lp8_A	0.4156769596199525
3lpm_A	0.5990990990990991
3lq9_A	0.1640625
3lqb_A	0.30303030303030304
3lqm_A	0.48258706467661694
3lqv_B	0.4434782608695652
3lqy_A	0.5561497326203209
3lr1_A	0.5431034482758621
3lre_B	0.2
3lrf_A	0.32678132678132676
3lrm_A	0.3672566371681416
3lso_A	0.41797752808988764
3lsz_A	0.34080717488789236
3lte_D	0.5609756097560976
3ltq_A	0.1130952380952381
3lua_A	0.632
3lub_F	0.38976377952755903
3lul_B	0.16728624535315986
3luy_A	0.35276073619631904
3lvu_A	0.3333333333333333
3lvv_A	0.03529411764705882
3lwa_A	0.5808383233532934
3lwc_A	0.5769230769230769
3lwd_A	0.484304932735426
3lwg_B	0.4397163120567376
3lwk_A	0.16483516483516483
3lwu_A	0.3844086021505376
3lwx_A	0.12060301507537688
3lxd_A	0.36185819070904646
3lxf_A	0.2403846153846154
3lxq_A	0.39119804400978
3lxt_C	0.3175355450236967
3lxu_X	0.28823529411764703
3lxy_A	0.3282674772036474
3ly0_B	0.3494318181818182
3ly8_A	0.3157894736842105
3lyb_B	0.4233576642335766
3lyc_A	0.27800829875518673
3lyd_B	0.375
3lyh_B	0.5081967213114754
3lz8_B	0.10695187165775401
3lzc_A	0.3742690058479532
3lzk_C	0.15451895043731778
3m0v_C	0.4064665127020785
3m1a_D	0.5163636363636364
3m1c_A	0.09411764705882353
3m1h_D	0.5965909090909091
3m1m_A	0.19375
3m1r_D	0.4174454828660436
3m1y_C	0.4519230769230769
3m2p_D	0.6401384083044983
3m2t_B	0.49707602339181284
3m33_A	0.5260663507109005
3m34_A	0.3215686274509804
3m3g_A	0.225
3m3i_C	0.26256983240223464
3m3p_A	0.4457831325301205
3m4q_B	0.18764302059496568
3m4x_A	0.4590909090909091
3m5b_A	0.11009174311926606
3m5k_A	0.3333333333333333
3m62_A	0.11176470588235295
3m6m_D	0.6101694915254238
3m6n_B	0.30970149253731344
3m6w_A	0.44782608695652176
3m6y_A	0.4126984126984127
3m73_A	0.16932907348242812
3m7p_A	0.10631229235880399
3m85_A	0.12290502793296089
3m86_A	0.6396396396396397
3m8n_D	0.3738738738738739
3m9l_A	0.4626865671641791
3ma0_A	0.6517571884984026
3mah_A	0.33093525179856115
3maj_A	0.42209631728045327
3mal_A	0.14917127071823205
3mb5_A	0.5803921568627451
3mb8_A	0.4475806451612903
3mbf_A	0.2878338278931751
3mbh_A	0.4689655172413793
3mbi_A	0.49825783972125437
3mbm_B	0.36363636363636365
3mc0_B	0.043859649122807015
3mc1_A	0.5648148148148148
3mc8_A	0.3229571984435798
3mca_B	0.1906158357771261
3mcp_A	0.36619718309859156
3mcw_A	0.49743589743589745
3mcx_A	0.2440087145969499
3mcz_A	0.5571847507331378
3md3_A	0.5333333333333333
3mdg_B	0.3333333333333333
3mdn_D	0.17040358744394618
3mdp_A	0.5151515151515151
3mdq_A	0.36217948717948717
3me8_A	0.47928994082840237
3meb_A	0.3779342723004695
3mel_C	0.35514018691588783
3mem_A	0.1390728476821192
3mep_A	0.39106145251396646
3mes_B	0.24022346368715083
3mev_B	0.34269662921348315
3mf2_A	0.09698996655518395
3mf4_B	0.5691056910569106
3mfb_A	0.05333333333333334
3mfd_A	0.2822085889570552
3mfq_A	0.3489208633093525
3mgb_A	0.33916083916083917
3mgg_B	0.691699604743083
3mgj_A	0.41237113402061853
3mgx_B	0.1432225063938619
3mh9_A	0.2682926829268293
3mhs_A	0.08571428571428572
3mhx_A	0.3764705882352941
3mi6_D	0.32745098039215687
3mil_A	0.5833333333333334
3mix_A	0.11501597444089456
3miz_A	0.6583629893238434
3mjd_A	0.49282296650717705
3mji_A	0.038922155688622756
3mjk_A	0.05426356589147287
3mjz_J	0.4580152671755725
3mka_J	0.07142857142857142
3mka_Y	0.07589285714285714
3mkc_A	0.4605263157894737
3mkh_A	0.23943661971830985
3mku_A	0.19782608695652174
3ml1_A	0.21568627450980393
3ml6_D	0.16071428571428573
3ml6_E	0.14201183431952663
3mlp_A	0.27299703264094954
3mmh_A	0.41916167664670656
3mml_B	0.05238095238095238
3mml_E	0.11986301369863013
3mmy_C	0.4507042253521127
3mmz_D	0.5
3mn1_A	0.4262295081967213
3mnm_A	0.35714285714285715
3mog_C	0.3029661016949153
3moi_A	0.44881889763779526
3moq_A	0.42857142857142855
3mpd_A	0.32653061224489793
3mpg_A	0.4154929577464789
3mpi_C	0.24556962025316456
3mpr_A	0.5851063829787234
3mq0_B	0.3185483870967742
3mq2_A	0.5023255813953489
3mqz_A	0.14634146341463414
3mr7_A	0.44508670520231214
3mru_A	0.2612244897959184
3msp_A	0.35714285714285715
3msq_A	0.01932367149758454
3msv_A	0.3522727272727273
3msx_B	0.08333333333333333
3mt1_B	0.3764367816091954
3mtj_A	0.4222737819025522
3mtq_A	0.37142857142857144
3mtr_A	0.6852791878172588
3mtw_A	0.41935483870967744
3mu3_A	0.2785714285714286
3muo_A	0.3509803921568627
3mus_B	0.10344827586206896
3muu_A	0.06470588235294118
3mvc_A	0.09554140127388536
3mvg_A	0.12350597609561753
3mvu_A	0.09333333333333334
3mw8_A	0.35443037974683544
3mwb_A	0.41830065359477125
3mwc_A	0.42783505154639173
3mwf_A	0.3835616438356164
3mx2_B	0.056862745098039215
3mx3_A	0.21063829787234042
3mxa_A	0.06976744186046512
3mxu_A	0.2462686567164179
3myb_C	0.43243243243243246
3myd_A	0.10919540229885058
3myu_B	0.2215568862275449
3myv_A	0.251685393258427
3myx_A	0.5702127659574469
3mz1_D	0.5094339622641509
3mzn_A	0.3923766816143498
3mzz_A	0.4563106796116505
3n05_A	0.492156862745098
3n08_B	0.40522875816993464
3n0k_A	0.11333333333333333
3n0r_A	0.4728682170542636
3n0t_A	0.3606194690265487
3n0u_A	0.11483253588516747
3n0w_A	0.5267379679144385
3n0x_A	0.555256064690027
3n12_A	0.45481927710843373
3n1x_B	0.024691358024691357
3n28_A	0.30340557275541796
3n2e_A	0.4523809523809524
3n2o_A	0.35294117647058826
3n2q_A	0.16666666666666666
3n3a_C	0.4122137404580153
3n3k_A	0.08732394366197183
3n4f_A	0.4153846153846154
3n4p_B	0.42290748898678415
3n5i_D	0.1320754716981132
3n6x_A	0.2106430155210643
3n6y_A	0.41935483870967744
3n6z_A	0.5811209439528023
3n70_A	0.3028169014084507
3n71_A	0.2670940170940171
3n7t_A	0.5269709543568465
3n7x_A	0.026755852842809364
3n7z_B	0.359375
3n89_A	0.17507418397626112
3n91_A	0.11746031746031746
3n98_A	0.2568627450980392
3n99_g	0.11498257839721254
3n9b_B	0.0
3n9m_A	0.3260437375745527
3n9t_A	0.24825174825174826
3n9u_C	0.4791666666666667
3n9x_A	0.2647058823529412
3na1_A	0.1419491525423729
3nap_B	0.10121457489878542
3nat_A	0.14743589743589744
3nbd_A	0.11486486486486487
3nbh_B	0.2900763358778626
3nbk_D	0.5705521472392638
3nbm_A	0.6153846153846154
3nc0_E	0.08843537414965986
3ncc_B	0.5436893203883495
3ncv_B	0.14893617021276595
3nd1_B	0.3493975903614458
3ndh_A	0.1588785046728972
3ndn_A	0.40648379052369077
3ndo_A	0.5466666666666666
3ndp_A	0.4205607476635514
3ndz_E	0.4392523364485981
3ne2_C	0.15853658536585366
3ne8_A	0.4690265486725664
3neh_B	0.3656957928802589
3nek_B	0.11312217194570136
3nel_A	0.1963470319634703
3net_A	0.16937354988399073
3nf2_A	0.15088757396449703
3nfv_A	0.24083769633507854
3nfw_B	0.21428571428571427
3ng0_A	0.03655913978494624
3ng7_X	0.25526932084309134
3ngf_B	0.5769230769230769
3ngl_A	0.45454545454545453
3ngm_B	0.3771043771043771
3ngw_A	0.46153846153846156
3nhm_A	0.6347826086956522
3nhv_B	0.5109489051094891
3nix_A	0.37346437346437344
3njd_B	0.4349315068493151
3nje_B	0.12195121951219512
3njr_A	0.5706521739130435
3nk3_A	0.15492957746478872
3nk5_B	0.12446351931330472
3nk7_B	0.41198501872659177
3nkg_A	0.15294117647058825
3nkl_B	0.5365853658536586
3nks_A	0.27956989247311825
3nl1_A	0.4890710382513661
3nl6_A	0.396078431372549
3nlc_A	0.22745098039215686
3nnf_A	0.27044025157232704
3nng_A	0.5228758169934641
3nnk_A	0.4282238442822384
3no0_A	0.322463768115942
3no2_A	0.49635036496350365
3no3_A	0.46638655462184875
3no6_A	0.1702127659574468
3no8_A	0.6242038216560509
3noi_B	0.5833333333333334
3nop_C	0.2463768115942029
3noy_B	0.4301994301994302
3npe_A	0.2823529411764706
3npg_A	0.3413654618473896
3npk_A	0.1018867924528302
3nqb_A	0.3254901960784314
3nqh_A	0.3940774487471526
3nqi_A	0.11637931034482758
3nqk_A	0.08852459016393442
3nqn_A	0.2119205298013245
3nqp_B	0.21971252566735114
3nqz_A	0.2
3nqz_B	0.20521172638436483
3nr5_A	0.05732484076433121
3nra_B	0.43686868686868685
3nrd_A	0.2222222222222222
3nre_A	0.20618556701030927
3nrf_B	0.49514563106796117
3nrh_A	0.11392405063291139
3nrn_A	0.23469387755102042
3ns4_A	0.11219512195121951
3nsw_C	0.18867924528301888
3nt6_A	0.3215686274509804
3nt8_A	0.12219451371571072
3nu1_A	0.43700787401574803
3nuf_A	0.1271186440677966
3nuq_A	0.41044776119402987
3nur_A	0.4524590163934426
3nv0_A	0.05612244897959184
3nvn_A	0.22715404699738903
3nvq_A	0.1843137254901961
3nwg_A	0.1388888888888889
3nwj_A	0.4175257731958763
3nwp_A	0.48497854077253216
3nwz_A	0.4645161290322581
3nx6_A	0.3466666666666667
3ny1_A	0.1643835616438356
3ny7_A	0.6101694915254238
3nyb_A	0.1826625386996904
3nyf_A	0.3228346456692913
3nyi_B	0.3728813559322034
3nyr_A	0.508695652173913
3nys_A	0.41225626740947074
3nyw_A	0.625
3nyy_A	0.32270916334661354
3nz6_X	0.3300970873786408
3nze_B	0.42748091603053434
3nzm_A	0.024390243902439025
3nzn_A	0.5339805825242718
3nzt_A	0.03815261044176707
3o02_B	0.14232209737827714
3o0d_A	0.32558139534883723
3o0f_A	0.445993031358885
3o0l_A	0.44954128440366975
3o0y_A	0.14313725490196078
3o10_A	0.41007194244604317
3o12_A	0.34594594594594597
3o1i_C	0.610738255033557
3o1l_A	0.4865771812080537
3o24_A	0.07906976744186046
3o2e_A	0.5
3o2g_A	0.19170984455958548
3o38_A	0.6516393442622951
3o3g_A	0.21621621621621623
3o3m_D	0.408
3o46_A	0.30952380952380953
3o47_A	0.4083044982698962
3o4f_C	0.45422535211267606
3o4j_C	0.4588235294117647
3o4r_A	0.5905511811023622
3o4w_A	0.2665289256198347
3o4z_A	0.2784313725490196
3o5y_B	0.46938775510204084
3o61_D	0.3157894736842105
3o66_A	0.3905109489051095
3o6d_A	0.5328185328185329
3o6p_A	0.3832599118942731
3o6r_A	0.28125
3o6x_A	0.06666666666666667
3o74_B	0.6088560885608856
3o77_A	0.12853470437017994
3o78_A	0.11662531017369727
3o7b_A	0.08796296296296297
3o7h_A	0.06626506024096386
3o7q_A	0.3671497584541063
3o85_B	0.35537190082644626
3o94_B	0.5052631578947369
3oa2_B	0.37942122186495175
3oa3_A	0.48221343873517786
3oa4_A	0.34782608695652173
3oa8_A	0.17467248908296942
3oab_D	0.16610169491525423
3oaj_A	0.25806451612903225
3oba_A	0.4392156862745098
3obe_B	0.5758620689655173
3obf_A	0.3806818181818182
3obi_A	0.4456140350877193
3obk_A	0.4346590909090909
3obr_A	0.20334928229665072
3obw_A	0.3644859813084112
3obz_A	0.3275862068965517
3oc3_A	0.3235294117647059
3oc4_A	0.35071090047393366
3oc9_A	0.1525
3oca_A	0.13966480446927373
3ocr_A	0.06374501992031872
3od2_A	0.24242424242424243
3odh_A	0.29381443298969073
3odm_C	0.21568627450980393
3odp_A	0.45663265306122447
3odt_A	0.5608108108108109
3of4_A	0.35096153846153844
3of5_A	0.5045045045045045
3of6_E	0.2692307692307692
3ofg_A	0.3626373626373626
3ofk_A	0.6127450980392157
3ofv_B	0.31840796019900497
3og6_B	0.395
3og9_A	0.6504854368932039
3ogd_A	0.17708333333333334
3ogl_J	0.7313725490196078
3oh3_A	0.2823529411764706
3oha_A	0.12352941176470589
3ohg_A	0.14035087719298245
3ohs_X	0.4954682779456193
3oir_B	0.5859375
3oj6_A	0.3582089552238806
3okc_A	0.6587301587301587
3okw_A	0.21372549019607842
3okz_A	0.24579124579124578
3om4_B	0.3325892857142857
3om8_B	0.690566037735849
3omb_A	0.2544731610337972
3oml_A	0.4137254901960784
3oms_A	0.3178294573643411
3on1_A	0.31313131313131315
3on5_A	0.37797619047619047
3on7_B	0.23655913978494625
3on9_A	0.18125
3ong_A	0.2631578947368421
3onq_B	0.3411764705882353
3ooa_B	0.389873417721519
3oon_A	0.5575221238938053
3oos_A	0.5287769784172662
3oov_A	0.5060975609756098
3oox_A	0.25245901639344265
3op1_B	0.3618421052631579
3op6_A	0.061224489795918366
3opf_B	0.15821501014198783
3opk_C	0.4915254237288136
3opy_A	0.25098039215686274
3oq3_B	0.47416413373860183
3oqb_F	0.39050131926121373
3oqc_A	0.11538461538461539
3oqp_A	0.5240384615384616
3oqt_A	0.5571428571428572
3or1_B	0.14285714285714285
3or5_A	0.5241379310344828
3orf_A	0.5782608695652174
3org_A	0.11372549019607843
3orh_A	0.5173913043478261
3orj_A	0.3543123543123543
3oru_A	0.008658008658008658
3ory_A	0.24853801169590642
3os4_A	0.13740458015267176
3os7_A	0.16272189349112426
3osd_A	0.24621212121212122
3osm_A	0.10084033613445378
3osv_C	0.3787878787878788
3osy_A	0.32085561497326204
3ot2_A	0.2569832402234637
3ot6_A	0.45652173913043476
3oth_A	0.5240506329113924
3oug_A	0.34579439252336447
3oul_A	0.2927927927927928
3out_B	0.5151515151515151
3ouu_A	0.33856502242152464
3ov6_A	0.34308510638297873
3ov9_A	0.02857142857142857
3owc_A	0.4883720930232558
3owg_A	0.10722100656455143
3owq_C	0.20253164556962025
3oxh_A	0.33067729083665337
3oxn_B	0.6046511627906976
3oxp_A	0.22972972972972974
3oy7_A	0.5739795918367347
3oyv_A	0.10422535211267606
3oyy_A	0.19786096256684493
3oyz_A	0.24468085106382978
3ozb_A	0.38589211618257263
3ozh_A	0.3247863247863248
3p01_A	0.4550561797752809
3p02_A	0.23624595469255663
3p0b_A	0.2627450980392157
3p0l_A	0.3333333333333333
3p0s_A	0.01699029126213592
3p19_A	0.6192468619246861
3p1t_A	0.36645962732919257
3p1u_A	0.19607843137254902
3p1v_A	0.270935960591133
3p1w_A	0.19004524886877827
3p1y_A	0.07643312101910828
3p2c_A	0.2539325842696629
3p2h_A	0.5271739130434783
3p2u_B	0.46
3p2y_A	0.48405797101449277
3p3c_A	0.025735294117647058
3p3d_A	0.5287356321839081
3p3i_A	0.3851851851851852
3p3k_A	0.050314465408805034
3p3q_B	0.20948616600790515
3p3v_B	0.3006134969325153
3p42_A	0.16666666666666666
3p4t_A	0.26246719160104987
3p5r_A	0.1980392156862745
3p69_B	0.16030534351145037
3p6i_A	0.15748031496062992
3p6k_B	0.3983957219251337
3p6l_A	0.5954198473282443
3p71_T	0.473015873015873
3p7x_A	0.46987951807228917
3p8a_B	0.25793650793650796
3p8b_B	0.41496598639455784
3p8k_A	0.4626865671641791
3p8l_A	0.09540636042402827
3p8t_A	0.11904761904761904
3p91_A	0.1510204081632653
3p9z_A	0.41784037558685444
3pa6_A	0.3434343434343434
3pay_D	0.18210862619808307
3pbf_A	0.2206896551724138
3pbk_A	0.45098039215686275
3pco_B	0.14705882352941177
3pcs_B	0.07887323943661972
3pdd_A	0.6157894736842106
3pdf_A	0.2336182336182336
3pdi_A	0.34660421545667447
3pdi_B	0.37962962962962965
3pdm_P	0.1111111111111111
3pea_C	0.437984496124031
3pei_A	0.20833333333333334
3pf0_A	0.1949685534591195
3pf2_A	0.26498422712933756
3pf7_A	0.07547169811320754
3pfe_A	0.3524416135881104
3pfn_A	0.3425076452599388
3pfo_B	0.4014084507042254
3pfp_A	0.20043103448275862
3pfq_A	0.3254901960784314
3pft_B	0.2356687898089172
3pg0_A	0.08571428571428572
3pg6_A	0.15555555555555556
3pgb_A	0.07058823529411765
3pgv_A	0.416988416988417
3ph1_C	0.1837837837837838
3phs_A	0.5336134453781513
3phu_B	0.04838709677419355
3phz_A	0.10071942446043165
3pi7_A	0.49127906976744184
3pie_C	0.19019607843137254
3pij_B	0.3686274509803922
3pil_A	0.30601092896174864
3piw_A	0.05194805194805195
3pj0_A	0.3983286908077994
3pjy_B	0.36153846153846153
3pk0_B	0.648854961832061
3pko_A	0.12386706948640483
3pl0_A	0.3543307086614173
3pl2_A	0.4935483870967742
3pl5_A	0.4296028880866426
3ply_A	0.41904761904761906
3pm0_A	0.12854030501089325
3pm9_A	0.2537634408602151
3pmm_A	0.3569553805774278
3pmq_A	0.21372549019607842
3pnd_C	0.11145510835913312
3pnn_A	0.45182724252491696
3pnr_B	0.5348837209302325
3pnx_A	0.3125
3pny_B	0.13402061855670103
3pnz_A	0.47112462006079026
3po0_A	0.4044943820224719
3poh_A	0.4436781609195402
3pol_A	0.44274809160305345
3pop_A	0.2231237322515213
3por_A	0.2857142857142857
3pp9_A	0.5113636363636364
3ppe_A	0.5123152709359606
3ppi_A	0.5891472868217055
3ppy_A	0.5347593582887701
3pqc_B	0.5
3pqu_A	0.12549019607843137
3pr3_A	0.2372549019607843
3prb_B	0.16964285714285715
3prl_D	0.20625
3ps0_A	0.05460750853242321
3ps5_A	0.17647058823529413
3ps9_A	0.34509803921568627
3psh_A	0.39263803680981596
3pst_A	0.24921135646687698
3pt5_A	0.40625
3ptj_A	0.35947712418300654
3ptw_A	0.26582278481012656
3pu5_A	0.4440993788819876
3pu9_A	0.4661016949152542
3puc_A	0.7142857142857143
3puf_D	0.2591240875912409
3pve_A	0.30857142857142855
3pvl_A	0.1392156862745098
3pvm_B	0.5274509803921569
3pvs_D	0.38207547169811323
3pvy_A	0.21710526315789475
3pvz_A	0.46236559139784944
3pw3_A	0.10160427807486631
3pwq_E	0.24193548387096775
3pxp_A	0.1815068493150685
3pxu_A	0.5660377358490566
3pxv_B	0.4497354497354497
3pxx_A	0.648936170212766
3py9_A	0.3892857142857143
3pzj_A	0.4696969696969697
3pzk_A	0.3975409836065574
3pzl_B	0.43686006825938567
3q0g_D	0.416
3q12_A	0.39649122807017545
3q13_A	0.03389830508474576
3q1q_A	0.5089285714285714
3q22_A	0.08627450980392157
3q2k_C	0.5187319884726225
3q2u_A	0.18134715025906736
3q2w_A	0.44313725490196076
3q31_A	0.08050847457627118
3q34_A	0.2988505747126437
3q3w_B	0.20555555555555555
3q45_B	0.5108695652173914
3q4n_B	0.35428571428571426
3q64_A	0.432258064516129
3q66_C	0.1087962962962963
3q6k_B	0.43832020997375326
3q6n_D	0.14166666666666666
3q6n_F	0.15702479338842976
3q7k_J	0.13653136531365315
3q7y_A	0.12903225806451613
3q8d_B	0.21551724137931033
3q8u_D	0.3624161073825503
3q91_D	0.3288590604026846
3q95_B	0.043478260869565216
3q9l_A	0.47470817120622566
3q9o_A	0.10392156862745099
3qa9_A	0.5492957746478874
3qac_A	0.5053763440860215
3qat_A	0.27070063694267515
3qax_B	0.4851063829787234
3qay_A	0.5944444444444444
3qbc_B	0.40372670807453415
3qbe_A	0.32386363636363635
3qbt_H	0.43884892086330934
3qbu_A	0.3793103448275862
3qc5_X	0.2840909090909091
3qd2_B	0.3860294117647059
3qd5_A	0.55625
3qd7_X	0.3816793893129771
3qdh_A	0.3837638376383764
3qdk_D	0.20588235294117646
3qdo_A	0.3669724770642202
3qdq_A	0.36017897091722595
3qf4_B	0.25882352941176473
3qfe_A	0.5442622950819672
3qfg_A	0.3724137931034483
3qfh_D	0.42488262910798125
3qfi_A	0.17624521072796934
3qfm_A	0.4496124031007752
3qfw_B	0.4119318181818182
3qfz_A	0.24705882352941178
3qgu_B	0.36319612590799033
3qgv_A	0.3080459770114943
3qh4_A	0.5828025477707006
3qh7_A	0.11347517730496454
3qh8_A	0.4375
3qha_B	0.460431654676259
3qhc_A	0.33519553072625696
3qhp_A	0.7232704402515723
3qi7_A	0.5307262569832403
3qit_B	0.568904593639576
3qiv_A	0.6582914572864321
3qj4_A	0.3880597014925373
3qj8_A	0.1803921568627451
3qjj_A	0.09053497942386832
3qk6_B	0.5097402597402597
3qka_D	0.41935483870967744
3qku_A	0.3286908077994429
3qld_A	0.4177545691906005
3qmj_A	0.46919431279620855
3qmn_O	0.2125984251968504
3qnk_D	0.22745098039215686
3qnm_A	0.47619047619047616
3qnq_D	0.13761467889908258
3qns_A	0.13504823151125403
3qoc_A	0.34108527131782945
3qoo_A	0.4888888888888889
3qoy_A	0.21487603305785125
3qp3_A	0.693069306930693
3qpb_C	0.4094488188976378
3qph_A	0.191044776119403
3qq2_B	0.452
3qq5_A	0.4088541666666667
3qqc_A	0.06824146981627296
3qqm_A	0.19534883720930232
3qqv_A	0.08403361344537816
3qqw_E	0.46153846153846156
3qr3_A	0.49544072948328266
3qre_A	0.41414141414141414
3qry_A	0.25821596244131456
3qs3_H	0.10734463276836158
3qsg_A	0.48771929824561405
3qsl_B	0.4723926380368098
3qsy_A	0.3060240963855422
3qsz_B	0.37988826815642457
3qta_A	0.10144927536231885
3qtg_A	0.4
3qth_A	0.38953488372093026
3quf_B	0.39487179487179486
3quv_B	0.336322869955157
3qv2_A	0.44375
3qva_A	0.4036697247706422
3qvf_A	0.354014598540146
3qvj_A	0.5469387755102041
3qvo_A	0.5786802030456852
3qvq_A	0.4262948207171315
3qw2_A	0.20918367346938777
3qw4_C	0.465324384787472
3qw9_A	0.10588235294117647
3qwa_B	0.4608433734939759
3qwn_J	0.14423076923076922
3qxb_A	0.5488215488215489
3qxl_A	0.061224489795918366
3qxx_A	0.42410714285714285
3qxy_A	0.10952380952380952
3qxz_A	0.43243243243243246
3qy3_A	0.43846153846153846
3qy9_B	0.2946058091286307
3qye_A	0.031545741324921134
3qyq_C	0.43956043956043955
3qyy_B	0.4166666666666667
3qz1_A	0.14831460674157304
3qz4_A	0.3954248366013072
3qz6_A	0.43243243243243246
3qzb_A	0.5303030303030303
3qzp_B	0.248
3r07_A	0.3215686274509804
3r0p_C	0.3858267716535433
3r0v_A	0.6147859922178989
3r0x_A	0.2602739726027397
3r1x_A	0.20677966101694914
3r2g_A	0.3157894736842105
3r2j_B	0.495
3r2o_A	0.36363636363636365
3r3m_A	0.34523809523809523
3r44_A	0.5119521912350598
3r4c_A	0.40671641791044777
3r4i_A	0.4423676012461059
3r4k_A	0.35294117647058826
3r50_B	0.1038961038961039
3r5c_A	0.07100591715976332
3r5e_A	0.2833333333333333
3r5g_B	0.45408163265306123
3r5h_A	0.370757180156658
3r5l_A	0.46551724137931033
3r5s_A	0.42857142857142855
3r5x_D	0.38562091503267976
3r5y_D	0.4014084507042254
3r5z_A	0.40714285714285714
3r6b_A	0.10434782608695652
3r6d_A	0.6063348416289592
3r6o_A	0.14339622641509434
3r6w_A	0.4786729857819905
3r74_A	0.21372549019607842
3r79_A	0.40789473684210525
3r7a_B	0.4298245614035088
3r87_A	0.4696969696969697
3r89_A	0.34256055363321797
3r8q_A	0.6900369003690037
3r9c_A	0.1125
3r9t_B	0.4122137404580153
3r9u_A	0.445859872611465
3rac_A	0.014749262536873156
3rag_A	0.5732758620689655
3ram_A	0.4219948849104859
3rao_B	0.4498567335243553
3ray_A	0.13836477987421383
3rb8_A	0.321656050955414
3rb9_A	0.17215189873417722
3rbg_D	0.5631067961165048
3rbm_B	0.06906077348066299
3rbn_A	0.04980842911877394
3rby_A	0.036734693877551024
3rc7_A	0.5353846153846153
3rcm_A	0.5161290322580645
3rcn_A	0.28627450980392155
3rcy_F	0.47858942065491183
3rd2_A	0.45121951219512196
3rd5_A	0.5597014925373134
3rdk_B	0.5149700598802395
3re1_B	0.40077821011673154
3ren_A	0.2997032640949555
3rf6_B	0.3380681818181818
3rf7_A	0.27348066298342544
3rfy_A	0.09269662921348315
3rg2_C	0.5137254901960784
3rg8_G	0.5345911949685535
3rgz_A	0.7235294117647059
3rh7_A	0.16095890410958905
3rha_A	0.24836601307189543
3rhf_A	0.3568904593639576
3rhg_A	0.4903581267217631
3rim_A	0.24705882352941178
3rio_A	0.10714285714285714
3riq_A	0.24509803921568626
3rit_A	0.480225988700565
3rj2_X	0.11278195488721804
3rjr_C	0.04081632653061224
3rk1_B	0.4304932735426009
3rkr_C	0.6428571428571429
3rku_A	0.6455223880597015
3rlk_A	0.1366120218579235
3rls_A	0.046052631578947366
3rm5_A	0.24901960784313726
3rmg_A	0.0903010033444816
3rn1_C	0.12213740458015267
3rn5_A	0.3711340206185567
3rnl_A	0.41295546558704455
3rnr_B	0.44549763033175355
3rns_A	0.625
3rnv_A	0.0975609756097561
3ros_A	0.25054466230936817
3rot_A	0.6959706959706959
3rp6_A	0.29336734693877553
3rpf_B	0.273972602739726
3rpl_B	0.18051575931232092
3rpm_A	0.41555555555555557
3rpw_A	0.39039039039039036
3rq1_A	0.3695652173913043
3rqc_C	0.18181818181818182
3rqs_B	0.37658227848101267
3rra_B	0.45382585751978893
3rri_A	0.30303030303030304
3rrp_A	0.0989247311827957
3rrv_B	0.41732283464566927
3rsc_A	0.49622166246851385
3rss_A	0.520242914979757
3rt0_A	0.32621951219512196
3rt1_C	0.27450980392156865
3ru6_B	0.3963963963963964
3rva_A	0.19775280898876405
3rvr_B	0.5877862595419847
3rwb_A	0.6194331983805668
3rwx_A	0.16929133858267717
3rxy_A	0.12318840579710146
3rxz_C	0.45993031358885017
3ryb_A	0.2372549019607843
3rym_A	0.41904761904761906
3rys_A	0.408955223880597
3ryt_A	0.052941176470588235
3rza_A	0.4477211796246649
3s0x_A	0.10222222222222223
3s1s_A	0.39019607843137255
3s1x_E	0.4484304932735426
3s27_H	0.307843137254902
3s2j_A	0.3791348600508906
3s30_B	0.3046875
3s3t_A	0.7034482758620689
3s42_B	0.5488721804511278
3s4w_A	0.2725490196078431
3s4x_A	0.2888283378746594
3s52_A	0.1834862385321101
3s55_D	0.6472727272727272
3s5m_A	0.10980392156862745
3s5o_A	0.5709459459459459
3s5s_A	0.5081967213114754
3s5t_A	0.1383399209486166
3s5w_B	0.3164251207729469
3s6d_A	0.42592592592592593
3s6k_A	0.24429223744292236
3s6v_B	0.1787709497206704
3s79_A	0.1504424778761062
3s81_B	0.55
3s86_A	0.25396825396825395
3s8r_B	0.03529411764705882
3s9j_A	0.27071823204419887
3s9n_D	0.16411378555798686
3s9x_A	0.24528301886792453
3s9y_A	0.18731117824773413
3sam_B	0.0784313725490196
3sbu_A	0.08695652173913043
3sc6_D	0.5901060070671378
3scy_A	0.5758426966292135
3sd2_A	0.5697674418604651
3sdj_D	0.2635294117647059
3sdo_A	0.37697516930022573
3sds_B	0.4793650793650794
3sdu_A	0.19607843137254902
3se3_A	0.41754385964912283
3se4_B	0.055944055944055944
3see_A	0.3691588785046729
3sf5_B	0.4444444444444444
3sf5_C	0.05217391304347826
3sh4_A	0.30256410256410254
3sho_A	0.5401069518716578
3shp_A	0.5238095238095238
3shq_A	0.3511705685618729
3sih_A	0.291970802919708
3sik_A	0.3089430894308943
3sir_A	0.43457943925233644
3sit_B	0.055900621118012424
3sja_B	0.3460410557184751
3sjn_A	0.4718498659517426
3skd_A	0.1608695652173913
3skq_A	0.07048458149779736
3slc_A	0.24438902743142144
3sll_B	0.4068441064638783
3sm3_A	0.6462264150943396
3sm4_C	0.22270742358078602
3sma_B	0.2462686567164179
3smp_B	0.21487603305785125
3sn0_A	0.4114713216957606
3snk_A	0.5882352941176471
3snx_A	0.24395604395604395
3so1_H	0.29213483146067415
3soe_A	0.27722772277227725
3soh_A	0.12234042553191489
3son_A	0.46258503401360546
3sp1_B	0.16856492027334852
3spi_A	0.1897590361445783
3sqg_D	0.041176470588235294
3sqg_F	0.04316546762589928
3sql_A	0.4549019607843137
3sqn_A	0.21794871794871795
3sqr_A	0.4019607843137255
3sqz_A	0.36082474226804123
3sso_B	0.40609137055837563
3st1_A	0.1320754716981132
3st7_A	0.5474254742547425
3sto_A	0.03783783783783784
3stp_A	0.4205128205128205
3suc_A	0.5862745098039216
3suj_A	0.21138211382113822
3sul_A	0.24793388429752067
3sum_C	0.19852941176470587
3svt_B	0.64
3swo_A	0.2551546391752577
3sy1_A	0.4017467248908297
3sy3_C	0.02824858757062147
3sy6_A	0.051470588235294115
3sy8_B	0.4923469387755102
3sy9_B	0.34408602150537637
3syj_A	0.17647058823529413
3syk_A	0.35172413793103446
3syn_A	0.4069767441860465
3sz3_A	0.22580645161290322
3sz4_A	0.3487179487179487
3sze_A	0.24509803921568626
3szm_C	0.15706806282722513
3szp_A	0.47586206896551725
3t01_A	0.2711864406779661
3t0e_E	0.37534246575342467
3t0j_A	0.17293233082706766
3t0o_A	0.09693877551020408
3t0p_B	0.1766304347826087
3t2d_A	0.07948717948717948
3t2l_A	0.1444043321299639
3t30_C	0.17894736842105263
3t33_A	0.3415233415233415
3t37_A	0.16306483300589392
3t38_A	0.33668341708542715
3t3o_A	0.3509803921568627
3t3w_F	0.4435483870967742
3t4o_A	0.06343283582089553
3t4x_A	0.5849056603773585
3t58_B	0.34325396825396826
3t5p_L	0.4867549668874172
3t5s_A	0.44329896907216493
3t64_A	0.08496732026143791
3t66_A	0.28
3t69_B	0.20723684210526316
3t6k_A	0.6721311475409836
3t6o_A	0.6101694915254238
3t6s_A	0.4152046783625731
3t79_A	0.05154639175257732
3t7y_A	0.2765957446808511
3t8j_A	0.4340836012861736
3t8k_A	0.532608695652174
3t8n_B	0.46923076923076923
3t90_A	0.46938775510204084
3t99_A	0.3241590214067278
3t9l_A	0.23423423423423423
3tas_B	0.4418604651162791
3tau_A	0.41968911917098445
3tav_A	0.26136363636363635
3taz_B	0.046189376443418015
3tb5_C	0.20772946859903382
3tb6_B	0.5724381625441696
3tbn_A	0.2988505747126437
3tco_A	0.5660377358490566
3tcr_A	0.6392405063291139
3tcv_B	0.4260089686098655
3td9_A	0.6257142857142857
3tdg_A	0.2672413793103448
3tdn_B	0.2542372881355932
3te0_C	0.13909774436090225
3tee_A	0.18932038834951456
3tef_A	0.45161290322580644
3teo_A	0.3118811881188119
3teu_A	0.6530612244897959
3tev_B	0.4394904458598726
3tf7_C	0.5474137931034483
3tfi_A	0.3089430894308943
3tfm_A	0.03365384615384615
3tg9_B	0.24846625766871167
3tgh_A	0.4634920634920635
3tgv_A	0.4014084507042254
3th1_B	0.2674897119341564
3tha_B	0.46987951807228917
3tho_A	0.3557422969187675
3tho_B	0.4781420765027322
3tht_B	0.3141025641025641
3thw_B	0.10588235294117647
3ti8_A	0.18781725888324874
3tif_B	0.4396551724137931
3tik_A	0.14444444444444443
3tiq_B	0.0514018691588785
3tix_D	0.23349056603773585
3tj0_A	0.05895196506550218
3tj9_A	0.13548387096774195
3tjl_A	0.41089108910891087
3tjr_B	0.5849056603773585
3tka_A	0.38162544169611307
3tkk_A	0.07308970099667775
3tky_B	0.4469914040114613
3tl8_D	0.3
3tlf_D	0.40601503759398494
3tlk_A	0.38513513513513514
3tlq_A	0.326271186440678
3tm1_A	0.14986376021798364
3tma_A	0.5632530120481928
3tnj_A	0.6153846153846154
3tnz_A	0.35585585585585583
3to3_B	0.09607843137254903
3ton_A	0.22745098039215686
3tor_A	0.11564625850340136
3tos_B	0.48249027237354086
3tou_A	0.3443396226415094
3tow_A	0.17763157894736842
3tox_A	0.6456692913385826
3tp4_B	0.4201312910284464
3tp9_A	0.4143763213530655
3tpf_B	0.5540983606557377
3tpz_B	0.4606741573033708
3tq8_A	0.38596491228070173
3tqe_A	0.24367088607594936
3tqf_A	0.296969696969697
3tqh_A	0.45741324921135645
3tqq_A	0.40131578947368424
3tqv_B	0.19285714285714287
3tqw_A	0.5191489361702127
3tr6_A	0.6261261261261262
3tr9_A	0.5126353790613718
3trc_A	0.5
3trf_A	0.5235294117647059
3tri_A	0.4375
3trj_D	0.49214659685863876
3tsb_A	0.2938775510204082
3tsc_A	0.6494464944649446
3tsn_A	0.17032967032967034
3tsy_A	0.44509803921568625
3tsz_A	0.18181818181818182
3tt9_A	0.5236051502145923
3ttd_A	0.09215686274509804
3ttg_A	0.3026706231454006
3tu4_K	0.11214953271028037
3tuf_B	0.4430379746835443
3tui_A	0.25
3tuj_C	0.47674418604651164
3tva_A	0.5851063829787234
3tvi_E	0.39863325740318906
3tw5_A	0.07848837209302326
3tw6_B	0.32745098039215687
3twb_C	0.4028776978417266
3twk_A	0.13993174061433447
3two_B	0.4454022988505747
3tx2_A	0.46963562753036436
3tx3_A	0.14096916299559473
3tx8_A	0.3861111111111111
3txx_B	0.46458923512747874
3txy_A	0.4842105263157895
3ty1_A	0.16927083333333334
3ty3_A	0.2905027932960894
3tyw_D	0.14035087719298245
3tz6_A	0.34210526315789475
3tzt_A	0.49145299145299143
3u07_C	0.15288220551378445
3u0a_A	0.42578125
3u0h_A	0.5913978494623656
3u0o_B	0.3044776119402985
3u0s_A	0.5382262996941896
3u1k_C	0.08627450980392157
3u1x_B	0.30493273542600896
3u24_A	0.10196078431372549
3u2g_A	0.07664233576642336
3u31_A	0.30798479087452474
3u37_H	0.49333333333333335
3u3g_A	0.5
3u3x_A	0.509090909090909
3u40_D	0.4024896265560166
3u4c_A	0.594488188976378
3u4f_A	0.4123989218328841
3u4k_A	0.0736196319018405
3u52_D	0.03048780487804878
3u52_E	0.2966101694915254
3u58_A	0.38497652582159625
3u5r_G	0.4973544973544973
3u60_C	0.38125
3u62_A	0.4782608695652174
3u75_B	0.2607843137254902
3u7b_A	0.5626911314984709
3u80_A	0.6062992125984252
3u84_A	0.15019762845849802
3u8v_A	0.3373493975903614
3u9e_B	0.3194444444444444
3u9l_A	0.6118881118881119
3u9p_H	0.27717391304347827
3ua3_A	0.40588235294117647
3uam_D	0.225
3uap_A	0.32019704433497537
3uaq_A	0.15579710144927536
3uau_A	0.23546511627906977
3ub1_D	0.3438735177865613
3ubh_A	0.4767726161369193
3ubm_B	0.29069767441860467
3ubo_A	0.44970414201183434
3ubt_A	0.375
3ubu_A	0.2230769230769231
3uc2_B	0.38095238095238093
3uc4_A	0.31186440677966104
3uc9_A	0.4666666666666667
3uce_A	0.5844748858447488
3ucn_A	0.22972972972972974
3ucx_A	0.6356589147286822
3udg_B	0.42990654205607476
3ue1_A	0.10784313725490197
3ueb_E	0.28846153846153844
3uel_A	0.08235294117647059
3ueq_A	0.2823529411764706
3uer_A	0.2784313725490196
3uf8_A	0.4739583333333333
3ufb_A	0.3739669421487603
3ufi_A	0.19784172661870503
3ufk_A	0.0784313725490196
3ufx_B	0.48148148148148145
3ug7_A	0.38170347003154576
3ugf_B	0.2803921568627451
3ugk_A	0.3064516129032258
3ugt_C	0.13817330210772832
3ugv_F	0.4258241758241758
3uhj_A	0.2969187675070028
3uif_A	0.4696969696969697
3uiz_D	0.10294117647058823
3ujz_A	0.16470588235294117
3uk7_C	0.4393939393939394
3ukk_A	0.2
3ukn_B	0.40404040404040403
3ul3_A	0.5728155339805825
3ul4_A	0.5563380281690141
3uma_C	0.47023809523809523
3umc_A	0.4788135593220339
3umv_A	0.1694915254237288
3un1_A	0.5892116182572614
3un6_A	0.46735395189003437
3un9_A	0.7040816326530612
3uog_A	0.46920821114369504
3uor_A	0.3778337531486146
3uoz_A	0.20588235294117646
3up1_A	0.4626865671641791
3up6_B	0.10802469135802469
3upd_A	0.5028901734104047
3upl_A	0.34782608695652173
3upp_A	0.25617977528089886
3upu_A	0.3439635535307517
3uqd_A	0.4336569579288026
3ur8_A	0.4205607476635514
3urr_A	0.2236842105263158
3ut2_A	0.054901960784313725
3utk_A	0.18947368421052632
3utn_X	0.4506578947368421
3uto_B	0.4294117647058823
3uug_A	0.5805471124620061
3uuw_A	0.48355263157894735
3uv1_A	0.08947368421052632
3uw1_A	0.3620689655172414
3uw3_B	0.304
3uwc_A	0.42857142857142855
3uwx_A	0.09411764705882353
3uxf_A	0.32516703786191536
3uxy_B	0.6213991769547325
3uy4_A	0.3568904593639576
3uyk_A	0.5040214477211796
3uyv_A	0.3246753246753247
3uzq_B	0.45263157894736844
3v0a_A	0.07254901960784314
3v0g_B	0.3263473053892216
3v10_A	0.1967741935483871
3v1h_A	0.3300653594771242
3v2b_A	0.3977272727272727
3v2g_A	0.6547619047619048
3v2h_A	0.6206896551724138
3v2u_C	0.1784313725490196
3v39_A	0.1417910447761194
3v3s_A	0.35315985130111527
3v47_C	0.07796610169491526
3v48_A	0.6268656716417911
3v4d_F	0.48872180451127817
3v5n_A	0.46348314606741575
3v65_D	0.36074270557029176
3v68_A	0.06854838709677419
3v69_A	0.0603448275862069
3v6z_A	0.5158371040723982
3v71_A	0.37637362637362637
3v75_A	0.3719298245614035
3v7b_A	0.2653061224489796
3v7d_B	0.47333333333333333
3v7n_A	0.19181034482758622
3v7q_A	0.4742268041237113
3v8b_A	0.6186770428015564
3v8d_A	0.10020876826722339
3v8h_A	0.09615384615384616
3v8x_A	0.19019607843137254
3v94_B	0.17065868263473055
3v97_A	0.3156862745098039
3v9f_A	0.42549019607843136
3v9l_B	0.24901960784313726
3v9o_A	0.2231404958677686
3va6_A	0.4588235294117647
3vaa_A	0.5056818181818182
3var_A	0.0893719806763285
3vav_H	0.4600760456273764
3vay_A	0.40869565217391307
3vb8_A	0.1437908496732026
3vba_A	0.38461538461538464
3vbc_A	0.5
3vc2_D	0.6076388888888888
3vcd_E	0.5760869565217391
3vcf_A	0.15625
3vco_A	0.33879781420765026
3vdm_A	0.4989561586638831
3vdy_A	0.4158415841584158
3ve1_A	0.15294117647058825
3veo_A	0.2627450980392157
3vf0_B	0.4134275618374558
3vf1_A	0.11568627450980393
3vfg_H	0.543778801843318
3vfi_A	0.5288461538461539
3vfl_A	0.5097402597402597
3vfq_A	0.352
3vgl_A	0.47115384615384615
3vgp_A	0.03067484662576687
3vgz_C	0.5820433436532507
3vhj_A	0.06790123456790123
3vjj_A	0.07942238267148015
3vk7_A	0.10069444444444445
3vkb_B	0.47244094488188976
3vkh_A	0.13725490196078433
3vkq_A	0.19019607843137254
3vla_A	0.04600484261501211
3vm5_A	0.3246492985971944
3vm8_A	0.3850267379679144
3vmm_A	0.3333333333333333
3vmn_A	0.46078431372549017
3vmw_A	0.6512345679012346
3vn5_A	0.16862745098039217
3vnb_A	0.2953020134228188
3vnz_A	0.3905579399141631
3vor_A	0.08241758241758242
3vot_A	0.35766423357664234
3vov_B	0.4697986577181208
3vpb_B	0.4574468085106383
3vpd_A	0.4234875444839858
3vps_A	0.5874587458745875
3vpt_A	0.28078817733990147
3vqi_B	0.10894941634241245
3vqj_A	0.2897196261682243
3vqx_A	0.04743083003952569
3vr0_C	0.2056451612903226
3vrd_A	0.2988505747126437
3vs8_F	0.34405940594059403
3vse_A	0.4076923076923077
3vsg_B	0.3125
3vsm_A	0.15490196078431373
3vst_A	0.4568627450980392
3vt0_C	0.2883817427385892
3vtg_A	0.3
3vu9_A	0.26046511627906976
3vuo_A	0.0784313725490196
3vup_A	0.46438746438746437
3vv1_A	0.2624113475177305
3vv3_A	0.47720364741641336
3vvm_B	0.5582655826558266
3vw7_A	0.11538461538461539
3vwa_A	0.4
3vwm_A	0.16666666666666666
3vx7_A	0.08955223880597014
3vx8_A	0.13114754098360656
3vxb_A	0.37092731829573933
3vy9_X	0.4310850439882698
3vyg_G	0.3416666666666667
3vyl_A	0.5925925925925926
3vyr_B	0.33423180592991913
3vyt_C	0.25
3vyw_D	0.4444444444444444
3vz2_B	0.2386117136659436
3vzy_B	0.4780701754385965
3w0l_B	0.3431372549019608
3w15_A	0.5238095238095238
3w1e_A	0.46629213483146065
3w1h_A	0.415929203539823
3w1o_A	0.0782608695652174
3w1s_C	0.21052631578947367
3w1w_A	0.30919220055710306
3w1y_A	0.25
3w36_B	0.12101910828025478
3w3s_A	0.14901960784313725
3w57_A	0.3783783783783784
3w5i_B	0.4365482233502538
3w5m_A	0.44313725490196076
3w5w_A	0.4294117647058823
3w6w_A	0.050980392156862744
3w6z_A	0.4527027027027027
3w81_A	0.3352941176470588
3w8q_A	0.3018867924528302
3w8w_B	0.24945770065075923
3w91_C	0.4605263157894737
3w9t_A	0.10416666666666667
3was_B	0.2827763496143959
3wbz_E	0.2462686567164179
3wcy_A	0.4056603773584906
3wdm_A	0.1274131274131274
3wdo_A	0.4326710816777042
3wdr_A	0.43333333333333335
3wea_A	0.06818181818181818
3wf0_A	0.39019607843137255
3wfc_B	0.2071269487750557
3wfr_H	0.22462203023758098
3wg5_B	0.4748858447488584
3wgu_B	0.1419141914191419
3wh9_B	0.5130434782608696
3whd_C	0.16891891891891891
3whi_A	0.49295774647887325
3wi9_A	0.49504950495049505
3wib_B	0.5738831615120275
3wic_A	0.35833333333333334
3wir_A	0.1803921568627451
3wis_A	0.49444444444444446
3wiv_C	0.4332493702770781
3wj7_A	0.6212121212121212
3wkh_A	0.4146341463414634
3wky_A	0.054901960784313725
3wl1_A	0.4804177545691906
3wmd_B	0.48299319727891155
3wmu_B	0.11764705882352941
3wnb_A	0.42105263157894735
3wnk_A	0.5117647058823529
3wnv_A	0.4329268292682927
3wo4_B	0.5083056478405316
3woc_A	0.17391304347826086
3woy_A	0.5487804878048781
3woz_B	0.5152838427947598
3wp4_A	0.07017543859649122
3wpv_A	0.22549019607843138
3wpx_A	0.5100671140939598
3wqb_A	0.32745098039215687
3wqg_B	0.43444730077120824
3wqm_A	0.10884353741496598
3wqo_A	0.6088560885608856
3wqy_A	0.11960784313725491
3wr2_A	0.07920792079207921
3wr5_A	0.4014962593516209
3wr9_A	0.2620192307692308
3wrg_A	0.30392156862745096
3wrs_A	0.13709677419354838
3wry_B	0.4009433962264151
3wsg_A	0.2056451612903226
3wso_A	0.2857142857142857
3wst_I	0.36470588235294116
3wt0_D	0.328042328042328
3wt1_A	0.45081967213114754
3wt4_A	0.07529411764705882
3wtb_A	0.6762295081967213
3wub_A	0.5718849840255591
3wuc_B	0.021897810218978103
3wud_A	0.4166666666666667
3wv4_A	0.4897959183673469
3wv6_A	0.14084507042253522
3wv9_A	0.3804878048780488
3wvc_A	0.15976331360946747
3wvj_B	0.2863636363636364
3wvo_A	0.08823529411764706
3wvr_C	0.2840646651270208
3wvz_A	0.125
3wwm_A	0.2788104089219331
3wwp_A	0.5660377358490566
3wx5_A	0.09170305676855896
3wx6_A	0.16964285714285715
3wxb_A	0.6022304832713755
3wxk_D	0.2196078431372549
3wy0_B	0.35013262599469497
3wy8_A	0.365296803652968
3wyz_A	0.3443396226415094
3wz4_G	0.32142857142857145
3wzi_A	0.14150943396226415
3x0i_A	0.4025157232704403
3x17_A	0.34509803921568627
3x1l_B	0.13793103448275862
3x1l_D	0.021148036253776436
3x1l_H	0.07407407407407407
3x27_D	0.050955414012738856
3x29_A	0.3072289156626506
3x2l_A	0.23333333333333334
3x2x_A	0.4581497797356828
3x37_B	0.1076923076923077
3x3m_A	0.07052896725440806
3x42_A	0.15098039215686274
3x44_A	0.3613707165109034
3zbg_A	0.2900232018561485
3zbo_A	0.3644067796610169
3zbq_A	0.33650793650793653
3zby_B	0.12871287128712872
3zc0_B	0.2931937172774869
3zc4_E	0.08860759493670886
3zc7_A	0.18090452261306533
3zd9_A	0.357429718875502
3zeu_D	0.49130434782608695
3zf6_A	0.13609467455621302
3zf8_A	0.5416666666666666
3zfj_A	0.125
3zga_B	0.2052401746724891
3zgh_A	0.11299435028248588
3zgo_A	0.2672955974842767
3zh3_A	0.25485436893203883
3zh9_B	0.4218289085545723
3zha_A	0.031578947368421054
3zhe_B	0.19487179487179487
3zhn_A	0.40458015267175573
3zi1_A	0.2956204379562044
3zid_A	0.4083333333333333
3zik_A	0.2608695652173913
3ziu_A	0.10980392156862745
3zj0_A	0.43564356435643564
3zjb_B	0.14673913043478262
3zjh_B	0.07253886010362694
3zjx_A	0.05415162454873646
3zk0_A	0.5213675213675214
3zl8_A	0.4332552693208431
3zle_A	0.06282722513089005
3zm8_A	0.47072072072072074
3zmn_A	0.15350877192982457
3zmr_A	0.5223880597014925
3zni_A	0.09743589743589744
3zo5_A	0.13043478260869565
3zof_B	0.23595505617977527
3zoj_A	0.1634980988593156
3zpm_A	0.15639810426540285
3zpy_A	0.27419354838709675
3zq5_A	0.26666666666666666
3zq9_A	0.3784313725490196
3zqj_F	0.16470588235294117
3zrh_A	0.08878504672897196
3zri_A	0.12650602409638553
3zs3_A	0.12612612612612611
3zs6_A	0.25296442687747034
3zsc_A	0.5258358662613982
3zt9_A	0.46875
3zth_A	0.16666666666666666
3ztr_D	0.22695035460992907
3ztv_A	0.3764705882352941
3zuk_A	0.054901960784313725
3zv0_B	0.04559270516717325
3zv3_B	0.6123188405797102
3zvh_A	0.3927710843373494
3zvj_R	0.48214285714285715
3zvk_A	0.5149253731343284
3zvx_A	0.1115702479338843
3zwa_A	0.43137254901960786
3zwf_B	0.3938223938223938
3zwm_C	0.11023622047244094
3zx1_A	0.4394904458598726
3zx4_B	0.3803921568627451
3zxa_C	0.07457627118644068
3zxf_B	0.36231884057971014
3zxl_B	0.28823529411764703
3zxn_A	0.47863247863247865
3zxp_A	0.23604060913705585
3zyj_A	0.6641414141414141
3zym_C	0.16071428571428573
3zyt_A	0.24731182795698925
3zyw_B	0.4774774774774775
3zyy_X	0.21568627450980393
3zzm_A	0.23529411764705882
3zzr_A	0.14736842105263157
4a0g_A	0.24313725490196078
4a1r_A	0.22535211267605634
4a25_B	0.24260355029585798
4a27_A	0.3885350318471338
4a2b_A	0.32642487046632124
4a2n_B	0.18229166666666666
4a2w_A	0.24705882352941178
4a35_A	0.3786848072562358
4a3t_B	0.3311546840958606
4a42_A	0.5905511811023622
4a52_A	0.35502958579881655
4a5q_A	0.29411764705882354
4a5t_S	0.08823529411764706
4a6a_C	0.24867724867724866
4a6e_A	0.46956521739130436
4a6o_A	0.5833333333333334
4a7z_A	0.3862745098039216
4a8x_A	0.5227272727272727
4a91_A	0.16206896551724137
4a9a_A	0.2893258426966292
4aax_A	0.5714285714285714
4ab5_B	0.5636363636363636
4abn_B	0.3873239436619718
4abt_A	0.2727272727272727
4ac1_X	0.5300353356890459
4ac8_A	0.19614147909967847
4acv_B	0.44715447154471544
4ad8_A	0.1836283185840708
4ad9_A	0.4131944444444444
4adf_M	0.4973821989528796
4adg_B	0.15242494226327943
4aef_A	0.34901960784313724
4aez_A	0.5460122699386503
4af1_A	0.32195121951219513
4af2_A	0.4685714285714286
4af8_A	0.37537537537537535
4afd_A	0.2868217054263566
4afh_A	0.06572769953051644
4afs_A	0.3053097345132743
4ag4_A	0.49560117302052786
4ag6_B	0.27925531914893614
4ags_C	0.3258426966292135
4agv_A	0.09722222222222222
4ah7_B	0.511864406779661
4aia_A	0.14361702127659576
4aib_A	0.41002949852507375
4aim_A	0.0803921568627451
4aip_B	0.38823529411764707
4aiv_A	0.3008849557522124
4aiw_A	0.17880794701986755
4ak7_B	0.3646112600536193
4ak9_A	0.4370860927152318
4aka_A	0.20754716981132076
4akf_A	0.2627450980392157
4akk_A	0.10869565217391304
4akm_B	0.10191082802547771
4ako_A	0.38537549407114624
4akt_A	0.4121212121212121
4alm_A	0.6022727272727273
4alr_A	0.3493975903614458
4amb_B	0.4718498659517426
4amf_A	0.2784313725490196
4amm_A	0.18489583333333334
4an6_A	0.06976744186046512
4anj_A	0.060784313725490195
4ano_A	0.1674641148325359
4aod_A	0.11707317073170732
4aoz_B	0.16783216783216784
4ap0_C	0.18971061093247588
4apc_B	0.33783783783783783
4apm_A	0.07079646017699115
4aq1_A	0.4588235294117647
4aq4_A	0.3708133971291866
4aqb_A	0.35942028985507246
4aqh_B	0.04177545691906005
4aqy_Q	0.38461538461538464
4aqz_A	0.2826086956521739
4arm_B	0.1037463976945245
4art_A	0.11392405063291139
4as2_A	0.3211009174311927
4asc_A	0.461038961038961
4asm_B	0.19887955182072828
4at7_A	0.2155688622754491
4at7_B	0.19444444444444445
4atf_C	0.2255892255892256
4atg_A	0.4256410256410256
4ato_A	0.017857142857142856
4aty_A	0.34627831715210355
4au5_A	0.14435695538057744
4aub_B	0.5104477611940299
4aur_A	0.2725490196078431
4av2_A	0.3090909090909091
4ava_A	0.4525993883792049
4avr_A	0.4421052631578947
4avs_E	0.35784313725490197
4awd_A	0.21212121212121213
4awe_A	0.46194225721784776
4axo_B	0.5474452554744526
4axz_A	0.027522935779816515
4ay8_A	0.5
4ayz_A	0.40217391304347827
4az1_A	0.22108843537414966
4b0m_M	0.5047169811320755
4b0n_A	0.38258575197889183
4b15_A	0.5225563909774437
4b1m_A	0.41818181818181815
4b29_A	0.46153846153846156
4b2n_A	0.025490196078431372
4b2x_B	0.47019867549668876
4b45_A	0.4101796407185629
4b46_A	0.42424242424242425
4b5m_B	0.4671814671814672
4b5n_A	0.4971751412429379
4b5z_A	0.24516129032258063
4b62_A	0.4965034965034965
4b65_A	0.34868421052631576
4b6e_A	0.27450980392156865
4b6v_A	0.07729468599033816
4b6w_A	0.45348837209302323
4b7l_B	0.26666666666666666
4b8b_B	0.20784313725490197
4b8c_A	0.149812734082397
4b8r_A	0.06209850107066381
4b93_B	0.7277486910994765
4b96_A	0.4105960264900662
4b9g_A	0.3493150684931507
4b9i_A	0.304
4b9p_A	0.2289156626506024
4ba0_A	0.3137254901960784
4ba2_A	0.12773722627737227
4bas_A	0.5116279069767442
4bb7_D	0.05106382978723404
4bc2_A	0.1980392156862745
4bcu_A	0.03723404255319149
4be3_A	0.08974358974358974
4be4_A	0.3235294117647059
4be5_B	0.6452991452991453
4bed_A	0.10196078431372549
4beg_A	0.33707865168539325
4bej_A	0.2607843137254902
4bem_J	0.15384615384615385
4beu_A	0.39285714285714285
4bf4_B	0.11838790931989925
4bf5_A	0.4116161616161616
4bf7_A	0.573134328358209
4bf8_A	0.4444444444444444
4bf9_A	0.5188679245283019
4bfc_A	0.48186528497409326
4bfi_A	0.47643979057591623
4bg5_A	0.13930348258706468
4bga_C	0.32919254658385094
4bgu_B	0.44224422442244227
4bgv_A	0.4241486068111455
4bh9_A	0.5023923444976076
4bhq_A	0.3577981651376147
4bhu_E	0.23846153846153847
4bi3_A	0.2822085889570552
4bin_A	0.4224137931034483
4biv_A	0.49070631970260226
4bj6_A	0.27303754266211605
4bjh_A	0.3909952606635071
4bji_A	0.09743589743589744
4bjr_A	0.054
4bju_A	0.2549019607843137
4bk3_A	0.3518987341772152
4bkq_A	0.26265060240963856
4bkw_A	0.06680584551148225
4blo_L	0.24727272727272728
4blp_D	0.25274725274725274
4blw_A	0.2892857142857143
4bmc_A	0.34972677595628415
4bmd_A	0.3723404255319149
4bmh_A	0.44554455445544555
4bmq_A	0.21333333333333335
4bmv_C	0.5775193798449613
4bmw_A	0.410958904109589
4bnd_B	0.48616600790513836
4bo4_C	0.5568627450980392
4bof_B	0.1411192214111922
4bop_B	0.04
4bou_A	0.0851063829787234
4bpq_A	0.0
4bpq_B	0.006289308176100629
4bps_A	0.3504531722054381
4bpy_A	0.49693251533742333
4bpz_B	0.29365079365079366
4bq4_A	0.21764705882352942
4bqh_A	0.20588235294117646
4bql_A	0.23853211009174313
4bqn_A	0.2980769230769231
4br5_A	0.24644549763033174
4brv_A	0.5080645161290323
4bs2_A	0.5057471264367817
4bsj_A	0.5305164319248826
4bsk_A	0.4883720930232558
4bsr_A	0.6211180124223602
4bsz_B	0.6
4bt6_A	0.1308016877637131
4btf_A	0.2566585956416465
4btp_I	0.03725490196078431
4bts_AI	0.22377622377622378
4bub_B	0.37060041407867494
4buc_A	0.405152224824356
4bvk_B	0.48255813953488375
4bvp_A	0.2821917808219178
4bwa_A	0.09615384615384616
4bwc_B	0.0778816199376947
4bwg_A	0.40809968847352024
4bwh_A	0.14772727272727273
4bwi_A	0.2992125984251969
4bwv_A	0.40969162995594716
4bwy_A	0.2743055555555556
4bx9_B	0.19215686274509805
4bxf_A	0.30823529411764705
4bxj_B	0.27450980392156865
4bxo_A	0.3613861386138614
4bxw_B	0.2578397212543554
4by6_A	0.16141732283464566
4by9_N	0.5066079295154186
4byz_A	0.061855670103092786
4bzg_B	0.17027863777089783
4bzj_C	0.4117647058823529
4c00_A	0.33137254901960783
4c0e_C	0.13529411764705881
4c0n_A	0.1
4c0s_A	0.31929046563192903
4c0t_A	0.32646048109965636
4c0y_X	0.06912442396313365
4c0z_F	0.09090909090909091
4c12_A	0.41379310344827586
4c16_B	0.20357142857142857
4c1p_A	0.21176470588235294
4c1u_A	0.3712121212121212
4c1x_A	0.3351063829787234
4c23_A	0.27906976744186046
4c2e_A	0.30504587155963303
4c2l_A	0.6236559139784946
4c2u_A	0.25882352941176473
4c3h_E	0.16279069767441862
4c47_A	0.3717277486910995
4c49_A	0.05449591280653951
4c4k_O	0.574468085106383
4c5f_A	0.21818181818181817
4c5m_B	0.45652173913043476
4c5u_C	0.07450980392156863
4c6h_A	0.5807560137457045
4c6t_B	0.5301204819277109
4c6t_C	0.5524475524475524
4c76_A	0.5769230769230769
4c82_A	0.3269230769230769
4c89_A	0.5483870967741935
4c8g_A	0.3464052287581699
4c8y_A	0.10084033613445378
4c9f_D	0.15671641791044777
4c9r_A	0.37267080745341613
4c9z_A	0.09326424870466321
4ca9_A	0.24489795918367346
4cab_A	0.11439842209072978
4cad_I	0.1220472440944882
4cbv_F	0.38671875
4cc8_D	0.00872093023255814
4ccl_B	0.3682795698924731
4ccs_A	0.5309734513274337
4ccv_A	0.16521739130434782
4ccz_A	0.45294117647058824
4cdo_A	0.49333333333333335
4ce5_A	0.19384615384615383
4cej_A	0.17254901960784313
4cek_A	0.25833333333333336
4cem_B	0.19741100323624594
4cg4_C	0.19414893617021275
4cgz_A	0.3843137254901961
4ch7_A	0.2686084142394822
4chd_A	0.07407407407407407
4chg_E	0.45112781954887216
4chh_B	0.05063291139240506
4cht_A	0.17058823529411765
4cht_B	0.13023255813953488
4ci7_A	0.33771929824561403
4ci8_A	0.5137254901960784
4cij_B	0.10820895522388059
4cj1_A	0.28627450980392155
4ckw_D	0.4661016949152542
4cmn_A	0.36578171091445427
4cmr_A	0.2
4cn9_A	0.5365239294710328
4cng_A	0.4935897435897436
4coq_B	0.11061946902654868
4cp6_A	0.4617283950617284
4cpd_A	0.4595375722543353
4cqb_A	0.48009950248756217
4cql_I	0.6414342629482072
4cqm_F	0.5975103734439834
4cr8_D	0.5984848484848485
4crm_P	0.33725490196078434
4crn_P	0.3302325581395349
4crz_A	0.1889763779527559
4csb_A	0.07964601769911504
4csg_H	0.06374501992031872
4cso_A	0.06018518518518518
4csq_A	0.1592920353982301
4csw_A	0.32989690721649484
4ct4_B	0.41005291005291006
4cta_A	0.41878172588832485
4ctf_CC	0.050505050505050504
4cu8_A	0.5137254901960784
4cu9_B	0.2918918918918919
4cub_B	0.3888888888888889
4cvh_A	0.46547314578005117
4cvm_A	0.3927765237020316
4cvq_A	0.39851485148514854
4cw0_A	0.10963455149501661
4cw4_A	0.23921568627450981
4cw9_B	0.5384615384615384
4cyb_J	0.3236994219653179
4cyg_A	0.34557235421166305
4cyl_A	0.06866952789699571
4cz1_A	0.37681159420289856
4cz2_B	0.4860335195530726
4cz2_D	0.7083333333333334
4cz8_A	0.12085308056872038
4czb_B	0.13365155131264916
4czp_A	0.0326975476839237
4czw_A	0.07254901960784314
4d01_A	0.06132075471698113
4d05_A	0.2558139534883721
4d06_A	0.21631205673758866
4d0k_A	0.42249240121580545
4d0l_E	0.16910229645093947
4d0q_A	0.5527950310559007
4d1j_D	0.3509803921568627
4d1y_A	0.5771428571428572
4d2i_A	0.2478448275862069
4d3l_A	0.5151515151515151
4d4o_A	0.3526570048309179
4d4z_B	0.6517241379310345
4d5e_B	0.4666666666666667
4d5y_H	0.078125
4d65_A	0.3673469387755102
4d6h_A	0.2803921568627451
4d70_A	0.31875
4d74_A	0.3841059602649007
4d7c_A	0.2764227642276423
4d7e_A	0.35858585858585856
4d7k_F	0.4629080118694362
4d7l_A	0.3286384976525822
4d7p_A	0.16666666666666666
4d7v_A	0.2775330396475771
4d8o_A	0.13948919449901767
4d8u_H	0.3806646525679758
4d9g_B	0.29591836734693877
4dad_A	0.582089552238806
4dam_A	0.3805309734513274
4dap_A	0.3232758620689655
4dav_A	0.3722943722943723
4db3_A	0.37942122186495175
4dbe_A	0.3755868544600939
4dbh_A	0.1970260223048327
4dcm_A	0.5527777777777778
4ddd_A	0.4666666666666667
4ddg_L	0.11779448621553884
4ddx_A	0.36666666666666664
4del_A	0.39420289855072466
4dfb_B	0.2724252491694352
4dfd_A	0.4585365853658537
4dg6_A	0.3980392156862745
4dg9_A	0.4
4dgk_A	0.16790123456790124
4dgq_A	0.6353790613718412
4dgs_A	0.26714801444043323
4dgu_A	0.1336206896551724
4dh2_A	0.4177215189873418
4dh4_A	0.3157894736842105
4dhe_A	0.4567307692307692
4di3_B	0.2600732600732601
4di3_E	0.334384858044164
4di8_A	0.46938775510204084
4dim_A	0.3842239185750636
4din_B	0.4289855072463768
4diu_A	0.6081632653061224
4dix_A	0.2783018867924528
4dj3_A	0.18120805369127516
4djb_A	0.22033898305084745
4djd_C	0.2925170068027211
4djd_D	0.43034055727554177
4dji_A	0.07302231237322515
4dk0_A	0.46296296296296297
4dk6_C	0.5057471264367817
4dkw_A	0.2268041237113402
4dll_A	0.4131944444444444
4dlq_A	0.13031161473087818
4dm0_A	0.20869565217391303
4dmg_A	0.43896103896103894
4dmi_B	0.3941176470588235
4dmo_A	0.16996047430830039
4dmu_J	0.6282722513089005
4dmu_K	0.2125
4dn1_A	0.4370179948586118
4dn2_A	0.38219895287958117
4dn7_A	0.5320197044334976
4dn9_A	0.5714285714285714
4dna_A	0.28199566160520606
4dng_A	0.18805309734513273
4dnh_A	0.36787564766839376
4dni_A	0.28793774319066145
4dnj_A	0.11528822055137844
4dnr_A	0.22156862745098038
4dny_A	0.3394495412844037
4doh_A	0.05228758169934641
4doh_B	0.5492227979274611
4doh_R	0.5441176470588235
4dok_A	0.125
4dol_A	0.07729468599033816
4dpk_A	0.3446327683615819
4dpo_A	0.5490196078431373
4dqa_A	0.2607449856733524
4dqs_A	0.0392156862745098
4dqx_A	0.611764705882353
4drf_A	0.09068627450980392
4drr_A	0.0736196319018405
4dry_B	0.625
4drz_A	0.54375
4dt1_A	0.16580310880829016
4dt4_A	0.23125
4dt5_A	0.0979020979020979
4dte_A	0.03208556149732621
4du5_B	0.511864406779661
4dup_A	0.49244712990936557
4dve_A	0.2222222222222222
4dvj_B	0.4590643274853801
4dw4_B	0.07975460122699386
4dwd_B	0.4316353887399464
4dwo_A	0.43656716417910446
4dws_A	0.3254901960784314
4dwz_C	0.3903345724907063
4dx8_A	0.06474820143884892
4dxl_A	0.33881578947368424
4dye_A	0.45478723404255317
4dyw_A	0.5426356589147286
4dz4_B	0.4458204334365325
4dzg_A	0.5350877192982456
4dzr_A	0.4785276073619632
4e0e_D	0.09467455621301775
4e0s_B	0.0196078431372549
4e0t_A	0.08088235294117647
4e11_A	0.49666666666666665
4e16_A	0.2925764192139738
4e1o_C	0.3492723492723493
4e1s_A	0.16115702479338842
4e1t_A	0.18775510204081633
4e1y_A	0.32294617563739375
4e2q_N	0.5503875968992248
4e4s_B	0.45217391304347826
4e4t_A	0.35294117647058826
4e4u_A	0.4665012406947891
4e4y_A	0.6198347107438017
4e51_A	0.21686746987951808
4e5v_A	0.4642857142857143
4e5z_B	0.43034825870646765
4e69_B	0.4855305466237942
4e6m_A	0.46384039900249374
4e6n_B	0.1834862385321101
4e6z_A	0.11616161616161616
4e7n_A	0.3235294117647059
4e84_A	0.46325878594249204
4e8c_A	0.3686274509803922
4e98_A	0.4909090909090909
4e9k_A	0.2
4e9o_X	0.07391304347826087
4eay_C	0.351010101010101
4eb5_C	0.14492753623188406
4ebf_A	0.4939759036144578
4ebj_A	0.19767441860465115
4ec5_A	0.3761467889908257
4ecg_A	0.10869565217391304
4ecl_A	0.3467741935483871
4ed6_A	0.14351851851851852
4ed9_A	0.3253968253968254
4edp_A	0.4272151898734177
4edv_A	0.24610591900311526
4ee8_A	0.12333333333333334
4eee_A	0.4
4eei_B	0.09692671394799054
4eez_B	0.4590643274853801
4efz_A	0.4135593220338983
4eg7_B	0.16862745098039217
4eg9_A	0.15151515151515152
4ege_A	0.31805929919137466
4egf_A	0.669260700389105
4eh1_A	0.4936708860759494
4ehc_A	0.14285714285714285
4ehi_B	0.2396039603960396
4ei0_B	0.2185430463576159
4eib_A	0.4074074074074074
4eis_B	0.3022222222222222
4eiu_A	0.5206611570247934
4ej0_A	0.5181818181818182
4ej6_A	0.4489795918367347
4eku_A	0.13505747126436782
4ekz_A	0.39445628997867804
4eld_A	0.4017094017094017
4emj_A	0.3472906403940887
4eo0_A	0.11320754716981132
4eo1_A	0.26865671641791045
4eog_A	0.19742489270386265
4eoy_A	0.1693548387096774
4ep0_I	0.07581967213114754
4ep4_A	0.5421686746987951
4epa_A	0.43529411764705883
4epc_A	0.2236842105263158
4eq2_A	0.5097087378640777
4eq8_A	0.25316455696202533
4eq9_A	0.6125
4eqb_A	0.42105263157894735
4eqi_B	0.2956204379562044
4eqm_A	0.40148698884758366
4equ_A	0.3467153284671533
4eqw_A	0.33867276887871856
4era_A	0.4246987951807229
4es7_A	0.09036144578313253
4es8_A	0.32781456953642385
4eso_B	0.6374501992031872
4esq_A	0.08762886597938144
4esy_A	0.25153374233128833
4ety_A	0.48514851485148514
4eu1_A	0.3968668407310705
4eue_A	0.32663316582914576
4euk_A	0.5661764705882353
4euy_A	0.47674418604651164
4ev0_D	0.49065420560747663
4ev1_A	0.3230088495575221
4evf_A	0.16666666666666666
4evi_A	0.45555555555555555
4evq_B	0.5795148247978437
4evs_A	0.6141304347826086
4evu_B	0.10294117647058823
4ew6_A	0.5145631067961165
4ewc_A	0.06060606060606061
4ewf_A	0.2873134328358209
4ewg_A	0.3765281173594132
4ewp_A	0.44412607449856734
4ewt_C	0.37532133676092544
4ex5_A	0.19135802469135801
4ex6_A	0.5296803652968036
4ex9_A	0.1390728476821192
4exa_F	0.525096525096525
4exj_B	0.3153153153153153
4exn_A	0.029069767441860465
4exr_A	0.3157894736842105
4eye_A	0.44089456869009586
4eys_A	0.42857142857142855
4eyw_B	0.043137254901960784
4ezb_A	0.4682274247491639
4eze_A	0.4329896907216495
4ezi_A	0.4797843665768194
4f0b_A	0.3090909090909091
4f0c_A	0.3026315789473684
4f0j_A	0.5801282051282052
4f0q_A	0.2323008849557522
4f0r_A	0.4426605504587156
4f1i_A	0.4725609756097561
4f1m_A	0.34532374100719426
4f1n_A	0.08235294117647059
4f23_A	0.06679764243614932
4f2d_B	0.2248995983935743
4f2f_A	0.5
4f30_A	0.2372549019607843
4f3e_A	0.06765327695560254
4f3j_A	0.38461538461538464
4f3m_B	0.06944444444444445
4f3q_A	0.1623931623931624
4f3s_A	0.5497835497835498
4f3z_C	0.08970099667774087
4f47_A	0.38235294117647056
4f4c_A	0.1588235294117647
4f4j_A	0.35978835978835977
4f4r_A	0.4117647058823529
4f52_E	0.22156862745098038
4f54_A	0.266304347826087
4f55_A	0.1640625
4f5c_F	0.17266187050359713
4f5f_B	0.395
4f67_A	0.36742424242424243
4f6e_A	0.13526570048309178
4f6l_A	0.47354497354497355
4f6o_A	0.45149253731343286
4f78_A	0.250996015936255
4f7a_A	0.24899598393574296
4f7k_A	0.46419098143236076
4f7z_A	0.34901960784313724
4f88_1	0.1372093023255814
4f8p_B	0.21830985915492956
4f8x_A	0.4955223880597015
4f9j_A	0.4019607843137255
4f9l_A	0.5280373831775701
4f9z_A	0.4520547945205479
4fa4_B	0.16991643454038996
4faj_A	0.27218934911242604
4fak_A	0.3803680981595092
4fb9_C	0.11827956989247312
4fc4_B	0.14
4fc6_B	0.6340579710144928
4fc9_B	0.017142857142857144
4fcg_A	0.5236486486486487
4fd3_D	0.5298507462686567
4fdb_A	0.21052631578947367
4fdt_A	0.06281407035175879
4fe9_A	0.19282511210762332
4fei_A	0.37254901960784315
4fek_A	0.42063492063492064
4ff5_A	0.5110132158590308
4ffi_A	0.35
4ffk_A	0.14622641509433962
4ffp_A	0.3342776203966006
4ffu_I	0.43312101910828027
4fgm_A	0.23529411764705882
4fgr_A	0.07659574468085106
4fgs_A	0.6458333333333334
4fgu_A	0.35626535626535627
4fio_A	0.1557632398753894
4fix_A	0.503921568627451
4fjv_A	0.12987012987012986
4fk1_A	0.4013377926421405
4fk9_A	0.5031847133757962
4fkc_A	0.3081081081081081
4fl4_I	0.4692556634304207
4fmb_A	0.02849002849002849
4fml_A	0.10784313725490197
4fmm_B	0.27384615384615385
4fmn_A	0.026415094339622643
4fmr_B	0.3628691983122363
4fmt_A	0.3827751196172249
4fmw_A	0.10112359550561797
4fn4_A	0.65748031496063
4fnv_A	0.296078431372549
4fo0_A	0.19322709163346613
4fo9_A	0.20306513409961685
4fod_A	0.36038961038961037
4fof_A	0.375
4fok_A	0.4810606060606061
4fom_A	0.5960264900662252
4fos_A	0.376425855513308
4fp4_A	0.16872427983539096
4fpr_A	0.06153846153846154
4fpv_B	0.5486381322957199
4fqd_A	0.22247706422018348
4fqp_A	0.5947712418300654
4fr2_A	0.3681462140992167
4fr4_A	0.29714285714285715
4frf_A	0.17757009345794392
4frt_B	0.33689839572192515
4frw_A	0.641860465116279
4frx_B	0.3
4fsp_A	0.3131868131868132
4ftd_A	0.275
4ftf_A	0.2018348623853211
4fu0_A	0.34110787172011664
4fu4_A	0.358695652173913
4fvf_B	0.3162393162393162
4fvs_A	0.29439252336448596
4fw9_A	0.20980392156862746
4fxq_A	0.10112359550561797
4fxt_E	0.5594059405940595
4fyc_A	0.5246913580246914
4fyp_A	0.41228070175438597
4fyu_A	0.4375
4fz2_A	0.10621761658031088
4fzb_C	0.0821256038647343
4fzh_A	0.02880658436213992
4fzm_A	0.17753623188405798
4fzq_C	0.08860759493670886
4fzy_A	0.3413173652694611
4g0k_A	0.22935779816513763
4g0m_A	0.2740740740740741
4g10_A	0.311787072243346
4g1b_A	0.41708542713567837
4g1e_A	0.4372549019607843
4g1g_B	0.08757062146892655
4g1p_A	0.31315240083507306
4g1u_C	0.41603053435114506
4g24_A	0.35714285714285715
4g2b_A	0.26627218934911245
4g2c_B	0.05183585313174946
4g2r_B	0.3922902494331066
4g2t_A	0.47752808988764045
4g2u_A	0.02857142857142857
4g33_A	0.09607843137254903
4g3h_C	0.4129032258064516
4g3v_A	0.4876543209876543
4g48_A	0.1189873417721519
4g4v_A	0.5225225225225225
4g59_C	0.0946969696969697
4g65_A	0.48366013071895425
4g67_A	0.3953488372093023
4g68_A	0.37244897959183676
4g6u_A	0.18309859154929578
4g6v_A	0.20454545454545456
4g6v_B	0.14563106796116504
4g6x_A	0.37209302325581395
4g73_A	0.3495762711864407
4g75_A	0.1095890410958904
4g7w_C	0.0707070707070707
4g7x_B	0.16666666666666666
4g88_D	0.5203252032520326
4g8b_A	0.5523465703971119
4g9b_A	0.3392070484581498
4g9i_A	0.2
4g9n_B	0.16083916083916083
4g9q_A	0.24789915966386555
4ga6_A	0.2028397565922921
4ga7_A	0.02981029810298103
4gae_A	0.3605769230769231
4gah_B	0.38974358974358975
4gak_A	0.38
4gb5_A	0.43243243243243246
4gb7_A	0.18298969072164947
4gbj_C	0.4383561643835616
4gbm_A	0.3250883392226148
4gc0_A	0.3894736842105263
4gc2_A	0.05454545454545454
4gcw_A	0.4820846905537459
4gcy_A	0.1656441717791411
4gd5_A	0.5390946502057613
4gdf_A	0.2112676056338028
4gdi_A	0.2125340599455041
4gdm_C	0.5366795366795367
4gdn_A	0.27976190476190477
4gdz_A	0.06040268456375839
4ge3_A	0.4973821989528796
4ge8_A	0.44360902255639095
4gel_B	0.3939393939393939
4gey_A	0.36428571428571427
4gf0_A	0.3125
4gfi_C	0.41590214067278286
4ggj_A	0.4303030303030303
4ggm_X	0.4657039711191336
4ggv_A	0.1111111111111111
4ghl_A	0.17424242424242425
4ghn_A	0.327319587628866
4gi5_B	0.4904214559386973
4gic_A	0.23298429319371727
4gie_A	0.4479166666666667
4gik_A	0.16612377850162866
4gio_A	0.4583333333333333
4git_A	0.3804347826086957
4gk8_A	0.5285171102661597
4gk9_A	0.06810035842293907
4gkb_B	0.6317829457364341
4gkf_B	0.07482993197278912
4gki_A	0.34558823529411764
4gkp_B	0.07874015748031496
4gl6_B	0.21161825726141079
4gl8_A	0.272
4gle_A	0.4417808219178082
4glj_A	0.3554006968641115
4gm2_A	0.36065573770491804
4gm6_C	0.468944099378882
4gmg_A	0.2988826815642458
4gn2_A	0.2833333333333333
4gn5_A	0.4424778761061947
4gnc_A	0.48322147651006714
4gnr_A	0.6637931034482759
4gnx_C	0.27713625866050806
4go6_D	0.34104046242774566
4go7_X	0.5333333333333333
4gos_A	0.4608695652173913
4got_A	0.5020242914979757
4gp2_A	0.13450292397660818
4gpu_A	0.027190332326283987
4gpv_B	0.11890243902439024
4gqf_A	0.4539877300613497
4gqn_B	0.15609756097560976
4gqo_A	0.35148514851485146
4gqy_A	0.25170068027210885
4gqz_B	0.35403726708074534
4gr4_C	0.39737991266375544
4gri_B	0.13814432989690723
4gs1_B	0.06648936170212766
4gs3_A	0.5222222222222223
4gs5_A	0.36
4gsl_A	0.22549019607843138
4gt8_A	0.5037593984962406
4gtw_B	0.21372549019607842
4gu3_A	0.0975609756097561
4gua_A	0.3568627450980392
4guc_A	0.5304347826086957
4gud_B	0.48258706467661694
4guz_A	0.2147887323943662
4gvb_B	0.16216216216216217
4gve_A	0.20812182741116753
4gvo_A	0.5932203389830508
4gvv_C	0.3855421686746988
4gx5_B	0.3980392156862745
4gxb_A	0.1482889733840304
4gxg_A	0.07177033492822966
4gxq_A	0.49407114624505927
4gxt_A	0.22774869109947643
4gxw_A	0.4010840108401084
4gyi_A	0.3333333333333333
4gyj_A	0.39215686274509803
4gyt_A	0.1016949152542373
4gz9_A	0.38823529411764707
4gze_A	0.44676409185803756
4gzu_A	0.11467889908256881
4h08_A	0.705
4h09_D	0.38992042440318303
4h0a_B	0.27906976744186046
4h0c_A	0.6047619047619047
4h0f_A	0.4053030303030303
4h0g_A	0.5041322314049587
4h0o_B	0.22250639386189258
4h0p_A	0.2111368909512761
4h15_A	0.6130268199233716
4h18_A	0.5144694533762058
4h19_A	0.45161290322580644
4h1h_A	0.40978593272171254
4h1l_J	0.45045045045045046
4h1x_A	0.3735408560311284
4h2a_A	0.22549019607843138
4h2d_A	0.6012658227848101
4h2p_B	0.39622641509433965
4h3e_A	0.16822429906542055
4h3t_A	0.06666666666666667
4h3v_A	0.4701298701298701
4h3z_B	0.22265625
4h40_B	0.10526315789473684
4h41_B	0.5590062111801242
4h4g_D	0.4748201438848921
4h4j_A	0.16877637130801687
4h4n_A	0.1935483870967742
4h54_A	0.39416058394160586
4h56_A	0.11235955056179775
4h5b_A	0.29605263157894735
4h5g_A	0.5333333333333333
4h5s_B	0.54
4h6a_A	0.15979381443298968
4h6q_A	0.33807829181494664
4h6w_A	0.5090252707581228
4h79_A	0.07344632768361582
4h7m_A	0.11946902654867257
4h7n_A	0.2288135593220339
4h7u_A	0.1450980392156863
4h83_F	0.5163043478260869
4h86_A	0.41711229946524064
4h87_A	0.3629032258064516
4h89_A	0.5178571428571429
4h8n_A	0.528052805280528
4h8q_A	0.2184873949579832
4ha7_A	0.37104072398190047
4hac_A	0.33653846153846156
4han_A	0.16382252559726962
4hb9_A	0.3058510638297872
4hbz_A	0.4941860465116279
4hcf_B	0.6354166666666666
4hcj_A	0.5491329479768786
4hcy_A	0.28125
4hdj_A	0.5521126760563381
4hdr_B	0.0851063829787234
4hdt_A	0.3264705882352941
4he6_A	0.07865168539325842
4he8_I	0.1288056206088993
4hea_D	0.1627450980392157
4hea_H	0.0453257790368272
4hec_B	0.34355828220858897
4hes_A	0.28363636363636363
4het_A	0.21551724137931033
4hfq_A	0.4088669950738916
4hfs_A	0.2019704433497537
4hg2_B	0.4957627118644068
4hg5_A	0.48355263157894735
4hg6_A	0.3941176470588235
4hgn_A	0.5151515151515151
4hh1_A	0.4151436031331593
4hh4_C	0.55078125
4hh5_A	0.18404907975460122
4hic_A	0.12254901960784313
4hjh_A	0.3533190578158458
4hji_A	0.2012987012987013
4hk5_D	0.4421052631578947
4hkh_A	0.18120805369127516
4hkj_H	0.13440860215053763
4hkm_B	0.11782477341389729
4hkt_B	0.5212121212121212
4hl6_B	0.3324468085106383
4hl7_B	0.11347517730496454
4hl9_A	0.3894736842105263
4hln_A	0.49404761904761907
4hlq_C	0.099644128113879
4hlu_C	0.43775100401606426
4hn3_B	0.17664670658682635
4hn9_B	0.38699690402476783
4hnn_F	0.4875
4hnr_A	0.6583333333333333
4hp5_A	0.23921568627450981
4hpn_A	0.48677248677248675
4hpp_A	0.046948356807511735
4hqo_B	0.5461538461538461
4hqz_B	0.5793103448275863
4hrr_B	0.10596026490066225
4hs4_A	0.5652173913043478
4hs7_A	0.4122340425531915
4hsp_A	0.2751677852348993
4hss_A	0.46715328467153283
4ht1_T	0.5038167938931297
4ht4_A	0.23195876288659795
4htg_A	0.32450331125827814
4htl_A	0.3848797250859107
4hu8_B	0.48672566371681414
4huj_B	0.5024390243902439
4hut_A	0.418848167539267
4huz_A	0.2555205047318612
4hvf_D	0.08888888888888889
4hvm_D	0.2315035799522673
4hvt_A	0.2803921568627451
4hvz_A	0.5046728971962616
4hw6_A	0.44575471698113206
4hwn_A	0.5882352941176471
4hwu_A	0.6049382716049383
4hwv_A	0.4397590361445783
4hwx_A	0.14035087719298245
4hx0_A	0.3167701863354037
4hx3_A	0.4626865671641791
4hx6_A	0.2033898305084746
4hxg_F	0.45098039215686275
4hxv_A	0.1608832807570978
4hy3_A	0.49382716049382713
4hyg_B	0.09716599190283401
4hyj_A	0.1906779661016949
4hyl_B	0.6695652173913044
4hyq_A	0.6016949152542372
4hz2_B	0.3446601941747573
4hz9_A	0.3220338983050847
4hzi_A	0.466403162055336
4hzs_A	0.3510971786833856
4hzu_S	0.25
4i04_B	0.23870967741935484
4i0w_A	0.15217391304347827
4i14_A	0.08
4i1d_A	0.4409937888198758
4i1k_A	0.11864406779661017
4i1t_A	0.2485207100591716
4i1y_B	0.2689393939393939
4i27_A	0.19390581717451524
4i2w_A	0.4019607843137255
4i2x_E	0.5509554140127388
4i3f_A	0.6219081272084805
4i3x_A	0.24579831932773108
4i42_A	0.40350877192982454
4i43_A	0.1407185628742515
4i4c_A	0.5099502487562189
4i4o_A	0.08904109589041095
4i4t_F	0.16806722689075632
4i58_D	0.29711751662971175
4i61_A	0.17982456140350878
4i68_A	0.28888888888888886
4i6j_B	0.6624365482233503
4i6v_B	0.3209302325581395
4i6x_A	0.47863247863247865
4i72_A	0.4420731707317073
4i7u_B	0.5460526315789473
4i9f_B	0.4811594202898551
4i9x_B	0.2765957446808511
4ia0_A	0.2226027397260274
4iao_B	0.21445221445221446
4iau_A	0.14285714285714285
4ibn_A	0.47393364928909953
4ibo_D	0.5625
4ibp_A	0.375609756097561
4ic4_A	0.043010752688172046
4ic6_A	0.3264705882352941
4ics_A	0.22760290556900725
4idf_A	0.46417445482866043
4idg_A	0.5701219512195121
4idi_A	0.14285714285714285
4ie6_A	0.1789709172259508
4ied_C	0.2591093117408907
4iee_A	0.44026548672566373
4ief_C	0.05641025641025641
4ieg_C	0.03529411764705882
4iel_B	0.3106796116504854
4ifa_A	0.28187919463087246
4ifd_H	0.16610169491525423
4ifu_A	0.1303030303030303
4igb_B	0.2
4igg_B	0.24313725490196078
4igi_A	0.5888324873096447
4ihq_A	0.22549019607843138
4ihu_B	0.40865384615384615
4iiu_A	0.5967078189300411
4iiw_B	0.1758957654723127
4iix_A	0.5118343195266272
4ij5_A	0.46919431279620855
4ija_A	0.39669421487603307
4ijd_A	0.10232558139534884
4iju_B	0.599290780141844
4ikc_A	0.24817518248175183
4ikn_A	0.0963855421686747
4il1_A	0.28431372549019607
4il3_B	0.20417633410672853
4ile_A	0.5625
4ilk_B	0.44807121661721067
4ilm_J	0.05653710247349823
4ilv_B	0.3821656050955414
4imh_A	0.025936599423631124
4imm_A	0.5558912386706949
4imp_A	0.5313725490196078
4in0_A	0.48936170212765956
4in3_D	0.16862745098039217
4ind_L	0.2891246684350133
4ine_A	0.5359628770301624
4ink_A	0.3645320197044335
4io0_A	0.5763888888888888
4io7_B	0.5365853658536586
4iod_A	0.1836734693877551
4iop_B	0.19008264462809918
4ip8_D	0.0380952380952381
4ipa_C	0.15159574468085107
4ipu_A	0.072992700729927
4iqd_A	0.5655172413793104
4iqf_C	0.4380952380952381
4iqj_D	0.2529411764705882
4iqm_A	0.1501597444089457
4iqn_A	0.05405405405405406
4irn_A	0.25925925925925924
4irq_C	0.42168674698795183
4irx_A	0.6824324324324325
4irz_A	0.4137254901960784
4isc_A	0.5192307692307693
4isy_C	0.4595300261096606
4it4_B	0.28095238095238095
4it7_A	0.2336448598130841
4itr_A	0.1605351170568562
4itu_A	0.6047430830039525
4iu2_A	0.35406698564593303
4iu2_B	0.07983193277310924
4iub_L	0.027450980392156862
4iuh_A	0.3006993006993007
4iuw_A	0.045098039215686274
4iuy_C	0.5866141732283464
4iv6_B	0.2741514360313316
4iv9_A	0.18823529411764706
4ivf_F	0.31277533039647576
4ivk_A	0.2524752475247525
4ivn_A	0.4810606060606061
4iw3_A	0.417910447761194
4iw7_A	0.3850746268656716
4iwy_A	0.3843537414965986
4ixj_B	0.09210526315789473
4ixo_B	0.38950276243093923
4ixp_A	0.3083832335329341
4iyb_A	0.12857142857142856
4iyj_A	0.5876777251184834
4iym_C	0.219959266802444
4izc_B	0.44360902255639095
4izj_A	0.06403940886699508
4izt_A	0.4828897338403042
4j07_A	0.5723684210526315
4j0m_A	0.7725490196078432
4j15_A	0.20649651972157773
4j18_A	0.05360824742268041
4j1q_A	0.4724220623501199
4j1x_C	0.5230769230769231
4j1y_A	0.2566137566137566
4j2f_A	0.28440366972477066
4j2g_A	0.0891089108910891
4j2h_A	0.6190476190476191
4j34_B	0.24871794871794872
4j3o_G	0.3402777777777778
4j4r_A	0.04032258064516129
4j56_E	0.5428571428571428
4j5t_A	0.09215686274509804
4j6f_A	0.4613259668508287
4j6o_A	0.47126436781609193
4j7g_A	0.03794642857142857
4j7l_A	0.0782122905027933
4j8l_A	0.37950138504155123
4j8p_A	0.6410256410256411
4j8q_A	0.14948453608247422
4j8r_B	0.509090909090909
4j9j_A	0.2511013215859031
4jar_B	0.3909348441926346
4jav_A	0.4715447154471545
4jay_A	0.16272189349112426
4jb0_A	0.6103542234332425
4jb3_A	0.43577981651376146
4jbb_A	0.34134615384615385
4jbe_B	0.2669902912621359
4jbi_P	0.4294294294294294
4jbl_A	0.3805309734513274
4jbu_A	0.07246376811594203
4jc0_A	0.4528301886792453
4jcc_A	0.397887323943662
4jcs_A	0.37735849056603776
4jcu_A	0.4701492537313433
4jd0_A	0.5183673469387755
4jde_A	0.14583333333333334
4je5_B	0.317907444668008
4je6_A	0.13471502590673576
4jej_A	0.4979253112033195
4jer_A	0.08839779005524862
4jev_B	0.44029850746268656
4jf7_A	0.06786427145708583
4jfc_A	0.4280155642023346
4jg2_A	0.17297297297297298
4jg5_A	0.30654761904761907
4jg9_A	0.33093525179856115
4jgb_A	0.5776699029126213
4jgi_B	0.5533980582524272
4jgl_A	0.06578947368421052
4jgu_A	0.6105263157894737
4jgx_B	0.265625
4jhc_A	0.19791666666666666
4jhm_A	0.424
4jhy_A	0.1987179487179487
4jie_A	0.42768595041322316
4jin_A	0.33070866141732286
4jiv_D	0.17204301075268819
4jj9_A	0.42105263157894735
4jja_A	0.32294617563739375
4jjo_A	0.3118811881188119
4jkv_B	0.18
4jm1_A	0.40476190476190477
4jm3_B	0.13157894736842105
4jmh_A	0.39
4jmr_B	0.10404624277456648
4jn3_B	0.2505592841163311
4jn7_A	0.42025316455696204
4jn9_A	0.38127090301003347
4jnb_A	0.41875
4jnd_A	0.3553921568627451
4jnq_A	0.47619047619047616
4jo3_H	0.43612334801762115
4jo5_A	0.19411764705882353
4jo8_A	0.10126582278481013
4jod_A	0.22486772486772486
4joq_A	0.622895622895623
4jot_A	0.3843137254901961
4jou_A	0.3419354838709677
4jox_A	0.3389830508474576
4jp0_A	0.09788359788359788
4jpc_A	0.17164179104477612
4jpj_A	0.058823529411764705
4jqr_A	0.24774774774774774
4jqs_A	0.5020408163265306
4jqt_A	0.28074245939675174
4jrf_A	0.0918580375782881
4jrn_A	0.27793696275071633
4jrr_A	0.4308510638297872
4jrw_A	0.6666666666666666
4js1_A	0.24213836477987422
4js4_A	0.27350427350427353
4jsb_A	0.40384615384615385
4jso_A	0.2647058823529412
4jst_B	0.49122807017543857
4jvy_A	0.225130890052356
4jw1_A	0.13529411764705881
4jwg_A	0.12299465240641712
4jwj_A	0.10362694300518134
4jwo_A	0.4753521126760563
4jwv_A	0.41338582677165353
4jx0_A	0.46357615894039733
4jx2_A	0.07213930348258707
4jxf_A	0.37446808510638296
4jxj_A	0.4959349593495935
4jxq_B	0.4810810810810811
4jxu_A	0.1978798586572438
4jyj_A	0.43333333333333335
4jyl_A	0.42971887550200805
4jys_A	0.4772727272727273
4jz5_A	0.5776699029126213
4jz7_C	0.2911392405063291
4jzt_D	0.37341772151898733
4k00_A	0.46715328467153283
4k02_A	0.5039370078740157
4k05_A	0.2838541666666667
4k0e_A	0.2019607843137255
4k0v_A	0.42745098039215684
4k1c_A	0.03208556149732621
4k1p_B	0.05202312138728324
4k24_U	0.1391941391941392
4k28_A	0.5112781954887218
4k29_A	0.39776951672862454
4k2h_D	0.5698924731182796
4k2j_J	0.2753623188405797
4k2m_A	0.3936651583710407
4k2n_A	0.40823970037453183
4k2p_A	0.21008403361344538
4k2x_B	0.3326530612244898
4k30_A	0.20915032679738563
4k34_B	0.15669515669515668
4k36_A	0.41732283464566927
4k3b_A	0.3156862745098039
4k3f_A	0.49583333333333335
4k3w_A	0.4377358490566038
4k3z_A	0.5516129032258065
4k4k_B	0.2140077821011673
4k5r_B	0.32382892057026474
4k6b_B	0.2948717948717949
4k6m_A	0.28823529411764703
4k6n_A	0.09090909090909091
4k7c_A	0.14573991031390135
4k7g_D	0.14772727272727273
4k90_B	0.1642512077294686
4k9d_H	0.3292307692307692
4k9q_A	0.5019607843137255
4ka0_A	0.4195804195804196
4ka8_A	0.11960784313725491
4kbz_A	0.3939393939393939
4kc3_B	0.5035971223021583
4kc8_A	0.32293986636971045
4kcd_B	0.3402061855670103
4kd5_A	0.5633187772925764
4kd6_A	0.4325581395348837
4kdc_A	0.6267281105990783
4kdi_D	0.25333333333333335
4kdx_A	0.3333333333333333
4kdy_A	0.35585585585585583
4ke4_A	0.17162471395881007
4kf7_A	0.12156862745098039
4kf9_A	0.279874213836478
4kfr_B	0.4519230769230769
4kh0_C	0.5645161290322581
4kh6_B	0.09607843137254903
4kh7_B	0.3867924528301887
4kh8_A	0.06430868167202572
4kh9_A	0.3573407202216066
4kha_A	0.08333333333333333
4kie_A	0.421455938697318
4kjg_A	0.19547325102880658
4kjr_A	0.04923076923076923
4kk0_A	0.27543424317617865
4kkd_B	0.25925925925925924
4kki_A	0.3065326633165829
4kks_A	0.5018181818181818
4kky_X	0.13138686131386862
4klk_A	0.13855421686746988
4km3_A	0.23426573426573427
4kma_A	0.12954545454545455
4kmh_B	0.11568123393316196
4kmr_A	0.6176470588235294
4kn4_A	0.1609907120743034
4kn9_L	0.0408997955010225
4knb_D	0.3724696356275304
4knd_A	0.5238095238095238
4kng_E	0.26174496644295303
4knk_B	0.2644230769230769
4knp_A	0.43824701195219123
4knu_A	0.49122807017543857
4kp1_A	0.18912529550827423
4kpp_A	0.07341772151898734
4kq9_A	0.674496644295302
4kqe_A	0.047058823529411764
4kqt_A	0.3254437869822485
4kqx_B	0.33432835820895523
4krd_B	0.07894736842105263
4krf_A	0.11372549019607843
4krg_A	0.5150214592274678
4krr_A	0.14432989690721648
4krt_A	0.4034582132564842
4krw_A	0.1791044776119403
4krx_A	0.6455696202531646
4ks9_B	0.13924050632911392
4ksa_A	0.14187643020594964
4kss_A	0.2
4kt6_A	0.047244094488188976
4kt7_A	0.5242290748898678
4ktb_A	0.3125
4ktw_A	0.4375
4ku4_A	0.5433526011560693
4kv2_A	0.4111111111111111
4kvf_A	0.5605095541401274
4kvo_F	0.5555555555555556
4kw1_C	0.09554140127388536
4kw3_A	0.12781954887218044
4kwb_A	0.45569620253164556
4kwh_B	0.603112840466926
4kwv_F	0.23711340206185566
4kwy_A	0.4233576642335766
4kxd_A	0.22745098039215686
4kys_A	0.3524590163934426
4kyw_A	0.19291338582677164
4kyx_A	0.5251798561151079
4kzk_A	0.6079734219269103
4kzp_C	0.5932203389830508
4l07_A	0.5096153846153846
4l0c_A	0.6823529411764706
4l0e_A	0.125
4l0m_A	0.4641350210970464
4l0z_A	0.14285714285714285
4l1n_A	0.32298136645962733
4l22_A	0.058823529411764705
4l35_A	0.20901639344262296
4l3a_A	0.31130063965884863
4l3r_B	0.16666666666666666
4l4l_B	0.11627906976744186
4l4u_A	0.47164948453608246
4l4x_A	0.5129224652087475
4l5j_A	0.37662337662337664
4l5t_B	0.24324324324324326
4l63_A	0.13654618473895583
4l68_B	0.3169230769230769
4l69_A	0.3770491803278688
4l6u_A	0.026755852842809364
4l7a_A	0.210727969348659
4l7m_A	0.5019157088122606
4l7t_A	0.24081632653061225
4l80_B	0.5014409221902018
4l83_A	0.07272727272727272
4l87_A	0.05042016806722689
4l8j_A	0.36503067484662577
4l8k_A	0.39365079365079364
4l8n_A	0.14285714285714285
4l8p_A	0.4166666666666667
4l92_B	0.319693094629156
4l9a_A	0.5274725274725275
4l9m_A	0.12549019607843137
4l9p_B	0.24557522123893805
4l9x_B	0.4650655021834061
4la6_A	0.07384615384615385
4lba_B	0.48623853211009177
4lbp_A	0.46938775510204084
4lc3_A	0.3888888888888889
4lcv_B	0.4122137404580153
4ld6_A	0.28205128205128205
4ld7_A	0.09319899244332494
4lda_B	0.59375
4ldg_A	0.16666666666666666
4ldn_A	0.38524590163934425
4ldq_B	0.39325842696629215
4lds_A	0.35391923990498814
4le5_A	0.15721649484536082
4lea_A	0.051181102362204724
4lee_A	0.0670926517571885
4lef_A	0.47766323024054985
4lej_A	0.5352112676056338
4ler_A	0.20350109409190373
4lfg_A	0.16206896551724137
4lfk_C	0.5
4lfk_D	0.48255813953488375
4lg1_A	0.6175115207373272
4lg3_C	0.18232044198895028
4lgc_A	0.4732824427480916
4lgd_A	0.3057142857142857
4lgq_A	0.4552238805970149
4lgt_A	0.250996015936255
4lgv_A	0.38074398249452956
4lhs_A	0.516320474777448
4liq_E	0.5842217484008528
4lj2_B	0.09567901234567901
4lji_A	0.2781954887218045
4ljs_A	0.3987341772151899
4lk4_A	0.3834355828220859
4lkb_B	0.5327868852459017
4lks_A	0.4968152866242038
4ll4_C	0.3807829181494662
4ll8_A	0.08878504672897196
4llf_D	0.22118380062305296
4lls_A	0.10333333333333333
4lm1_A	0.1536144578313253
4lmh_D	0.18823529411764706
4lmv_A	0.25396825396825395
4ln5_A	0.3344370860927152
4lns_A	0.11513157894736842
4lo5_B	0.3824228028503563
4lo7_B	0.13286713286713286
4lob_A	0.11349693251533742
4lot_A	0.2967479674796748
4lp2_B	0.5481171548117155
4lpl_A	0.5633802816901409
4lpq_A	0.2549019607843137
4lps_A	0.4697674418604651
4lq0_A	0.24161073825503357
4lq8_B	0.07641196013289037
4lqb_A	0.27692307692307694
4lqx_B	0.0970873786407767
4lqz_A	0.1984732824427481
4lr4_C	0.30346820809248554
4lrh_D	0.03333333333333333
4lrl_C	0.11428571428571428
4lrv_A	0.06542056074766354
4lrx_A	0.44662921348314605
4lrx_C	0.3525423728813559
4lrz_A	0.1943127962085308
4ls3_A	0.3609271523178808
4lsb_B	0.49640287769784175
4lsd_A	0.6122448979591837
4lsw_A	0.44025157232704404
4ltd_A	0.47593582887700536
4lu5_A	0.28735632183908044
4lua_A	0.5576923076923077
4lub_B	0.4
4lum_A	0.4421052631578947
4luq_A	0.2078239608801956
4luy_A	0.3681462140992167
4lv8_A	0.3111111111111111
4lvq_B	0.3605015673981191
4lw8_A	0.6831683168316832
4lwm_A	0.2634146341463415
4lwo_G	0.16374269005847952
4lx0_B	0.0968586387434555
4lxr_A	0.7137254901960784
4ly0_B	0.4306569343065693
4lya_A	0.3352941176470588
4lzh_A	0.2841726618705036
4lzi_A	0.08303249097472924
4lzk_C	0.06896551724137931
4lzp_C	0.5214723926380368
4m00_A	0.37325349301397204
4m05_B	0.35833333333333334
4m0d_D	0.3612040133779264
4m0h_A	0.2916666666666667
4m0m_A	0.3058823529411765
4m1a_A	0.32407407407407407
4m1b_A	0.535
4m1h_B	0.19642857142857142
4m1v_A	0.03968253968253968
4m2k_A	0.387434554973822
4m4w_O	0.324
4m57_A	0.5058823529411764
4m58_A	0.15859030837004406
4m6r_A	0.10267857142857142
4m6t_A	0.096045197740113
4m6y_B	0.4631268436578171
4m7o_A	0.46511627906976744
4m7p_A	0.5012658227848101
4m7u_A	0.36470588235294116
4m7x_A	0.3663003663003663
4m85_A	0.41621621621621624
4m88_A	0.5830985915492958
4m8b_R	0.08839779005524862
4m8k_A	0.5211267605633803
4m8r_A	0.2536945812807882
4m90_A	0.538961038961039
4m9p_A	0.5882352941176471
4m9r_A	0.4765625
4maa_A	0.5522788203753352
4maf_B	0.2400990099009901
4mb3_A	0.4647058823529412
4mbo_A	0.2305194805194805
4mbr_A	0.25
4mbu_A	0.5393939393939394
4mc7_A	0.1184573002754821
4mc8_A	0.07094594594594594
4mch_A	0.43621399176954734
4mcj_G	0.42207792207792205
4mck_A	0.24378109452736318
4mco_C	0.39937106918238996
4mcu_E	0.37894736842105264
4mdc_B	0.3605150214592275
4mdw_A	0.11564625850340136
4me3_A	0.2032520325203252
4me4_B	0.3526170798898072
4me8_A	0.13675213675213677
4mea_A	0.5740740740740741
4mee_A	0.42574257425742573
4mf4_A	0.3875968992248062
4mfj_A	0.08841463414634146
4mg4_C	0.5296442687747036
4mge_A	0.5277777777777778
4mgg_A	0.45257452574525747
4mgq_A	0.559748427672956
4mgr_C	0.391578947368421
4mgu_A	0.013192612137203167
4mj7_A	0.25477707006369427
4mjf_A	0.10222222222222223
4mjg_A	0.07344632768361582
4mjk_A	0.04602510460251046
4mjz_A	0.3150684931506849
4mkh_A	0.38073394495412843
4mkm_A	0.2568493150684932
4ml1_B	0.35784313725490197
4ml9_A	0.4420289855072464
4mlb_B	0.32599118942731276
4mlc_A	0.5238095238095238
4mll_B	0.24701195219123506
4mlm_A	0.15425531914893617
4mlz_A	0.431438127090301
4mmh_A	0.21764705882352942
4mmo_A	0.3340961098398169
4mn8_A	0.8019607843137255
4mnd_A	0.375
4mng_E	0.44298245614035087
4mnm_A	0.45930232558139533
4mnn_A	0.43636363636363634
4mnr_A	0.21342925659472423
4mo9_A	0.3982808022922636
4moa_A	0.08431372549019608
4mob_A	0.3981191222570533
4mou_A	0.4099616858237548
4mp6_A	0.3532934131736527
4mpg_B	0.28174603174603174
4mpo_B	0.5337837837837838
4mpq_A	0.5216049382716049
4mqb_A	0.3891625615763547
4mqd_A	0.21804511278195488
4msj_A	0.28421052631578947
4msp_A	0.3544973544973545
4msx_A	0.11645569620253164
4mt0_A	0.3887640449438202
4mt5_A	0.25
4mtl_B	0.4748858447488584
4mtn_A	0.2194513715710723
4mts_A	0.3875968992248062
4mu9_A	0.41388888888888886
4mud_D	0.28699551569506726
4muu_A	0.24719101123595505
4muz_A	0.5943396226415094
4mv2_A	0.5041322314049587
4mvd_B	0.3794466403162055
4mvf_A	0.3088235294117647
4mwh_A	0.2722371967654987
4mwz_B	0.6037735849056604
4mx8_A	0.36423841059602646
4mxw_D	0.5333333333333333
4my0_C	0.35714285714285715
4my5_A	0.38974358974358975
4myb_A	0.4792626728110599
4mza_B	0.2540045766590389
4mzu_F	0.41836734693877553
4mzv_A	0.13580246913580246
4mzy_A	0.1522633744855967
4n01_A	0.4155405405405405
4n03_A	0.5732647814910026
4n04_A	0.3963963963963964
4n06_B	0.14985590778097982
4n09_B	0.37971014492753624
4n0i_A	0.24444444444444444
4n0i_B	0.028070175438596492
4n0l_A	0.06567164179104477
4n0n_A	0.24688279301745636
4n0p_A	0.5970149253731343
4n0q_B	0.6086956521739131
4n0r_A	0.42745098039215684
4n13_A	0.45849802371541504
4n1d_A	0.11428571428571428
4n1i_A	0.3108974358974359
4n1y_B	0.04405286343612335
4n2p_A	0.2937062937062937
4n30_A	0.4945054945054945
4n40_A	0.3736654804270463
4n4r_B	0.4966887417218543
4n4u_A	0.3782894736842105
4n4z_A	0.1650485436893204
4n58_A	0.18045112781954886
4n5a_A	0.32745098039215687
4n5c_D	0.22941176470588234
4n5h_X	0.5396825396825397
4n6c_A	0.038461538461538464
4n6e_A	0.45901639344262296
4n6k_A	0.38263665594855306
4n6m_A	0.1452991452991453
4n6r_B	0.11616161616161616
4n72_C	0.18218623481781376
4n77_A	0.046153846153846156
4n7b_A	0.3742138364779874
4n7c_A	0.08620689655172414
4n7t_A	0.2064676616915423
4n82_B	0.5163398692810458
4n8g_A	0.28307692307692306
4n8j_A	0.2348993288590604
4n8x_1	0.09090909090909091
4n9x_A	0.2803234501347709
4na9_H	0.2755905511811024
4nao_A	0.375886524822695
4nar_A	0.20952380952380953
4nat_A	0.5424836601307189
4nat_B	0.5256410256410257
4nbi_A	0.13496932515337423
4nbr_A	0.5708955223880597
4nbw_A	0.6007905138339921
4nc6_A	0.054982817869415807
4nc9_A	0.5338753387533876
4nd3_A	0.4416403785488959
4nds_B	0.19148936170212766
4nec_B	0.6557377049180327
4neh_A	0.40980392156862744
4ney_B	0.1907514450867052
4nfu_A	0.2372549019607843
4nfu_B	0.24901960784313726
4ng3_D	0.42388059701492536
4nh0_A	0.28627450980392155
4nh4_A	0.4431818181818182
4nhb_B	0.3440514469453376
4nhe_B	0.450920245398773
4nhy_B	0.3383947939262473
4nhz_H	0.2764227642276423
4ni3_B	0.35490196078431374
4ni5_B	0.6150442477876106
4ni7_A	0.07947019867549669
4nif_A	0.3546325878594249
4nim_A	0.6583333333333333
4nj5_A	0.1078838174273859
4nji_A	0.32057416267942584
4nk4_A	0.6395348837209303
4nk6_A	0.5990566037735849
4nkp_C	0.35172413793103446
4nkq_A	0.42475728155339804
4nl0_B	0.05970149253731343
4nl5_A	0.37623762376237624
4nla_A	0.23770491803278687
4nlb_A	0.24233983286908078
4nle_A	0.06465517241379311
4nlh_A	0.3217391304347826
4nml_A	0.264
4nmn_A	0.36
4nn3_A	0.33440514469453375
4nn5_A	0.12844036697247707
4nn5_C	0.3989071038251366
4nnq_B	0.45217391304347826
4noh_A	0.10778443113772455
4noi_A	0.11013215859030837
4nov_A	0.434640522875817
4npc_B	0.6047430830039525
4npo_B	0.37142857142857144
4nq0_A	0.4015748031496063
4nq1_A	0.5241379310344828
4nqg_A	0.116751269035533
4nrs_A	0.4206730769230769
4ns4_A	0.6125461254612546
4nsy_B	0.29056603773584905
4nt5_A	0.10752688172043011
4ntc_A	0.37846153846153846
4ntd_A	0.34591194968553457
4ntk_A	0.2892561983471074
4ntl_A	0.4669421487603306
4ntw_C	0.03389830508474576
4nux_A	0.37435897435897436
4nv0_B	0.36333333333333334
4nv2_A	0.3371212121212121
4nvr_A	0.5860927152317881
4nwr_j	0.08771929824561403
4nx0_D	0.432183908045977
4nx1_A	0.39935064935064934
4nx2_A	0.2747603833865815
4nx8_A	0.12643678160919541
4nx9_A	0.1371841155234657
4nxy_A	0.5568181818181818
4nyn_A	0.6015037593984962
4nyp_A	0.4803921568627451
4nyu_A	0.2512315270935961
4o00_B	0.5961538461538461
4o06_A	0.22549019607843138
4o0q_A	0.48717948717948717
4o1s_A	0.12352941176470589
4o29_A	0.5120772946859904
4o2i_A	0.13076923076923078
4o2z_A	0.29201101928374656
4o4a_B	0.14285714285714285
4o4b_B	0.128
4o4s_A	0.05025125628140704
4o56_A	0.04918032786885246
4o5a_A	0.6125461254612546
4o5f_A	0.38372093023255816
4o5h_A	0.21568627450980393
4o5o_B	0.5823754789272031
4o5v_A	0.29107981220657275
4o65_A	0.43137254901960786
4o6k_A	0.14705882352941177
4o6r_A	0.20449897750511248
4o6v_C	0.5787234042553191
4o7j_B	0.16455696202531644
4o7k_A	0.010526315789473684
4o7p_B	0.18625277161862527
4o87_B	0.0219435736677116
4o89_A	0.22580645161290322
4o8m_A	0.3333333333333333
4o8s_A	0.1939655172413793
4o8v_A	0.4244604316546763
4o92_A	0.32142857142857145
4o94_A	0.3559870550161812
4o98_B	0.44299674267100975
4o9c_A	0.3893129770992366
4o9d_B	0.46938775510204084
4o9g_A	0.5434782608695652
4o9k_A	0.36923076923076925
4o9u_B	0.3409090909090909
4oak_A	0.22105263157894736
4oan_A	0.2980769230769231
4obm_A	0.1937984496124031
4obq_A	0.4
4obv_A	0.3673036093418259
4obw_C	0.6212765957446809
4ocz_A	0.45294117647058824
4od4_A	0.15272727272727274
4od6_A	0.43902439024390244
4odd_B	0.046052631578947366
4odv_H	0.536036036036036
4oet_A	0.2631578947368421
4of3_B	0.5450643776824035
4of8_A	0.6398104265402843
4ofc_A	0.43582089552238806
4ofd_B	0.5685279187817259
4ofo_A	0.2575452716297787
4ofq_A	0.14836795252225518
4ofz_A	0.3373205741626794
4og1_A	0.4474708171206226
4oh1_A	0.4472934472934473
4oh3_B	0.296078431372549
4oh4_A	0.33663366336633666
4ohc_D	0.4488888888888889
4ohf_B	0.18995633187772926
4ohw_A	0.17543859649122806
4oi6_A	0.4691358024691358
4oj8_B	0.16974169741697417
4ojm_X	0.14136125654450263
4ojo_C	0.2823529411764706
4ojv_A	0.42424242424242425
4okd_A	0.307843137254902
4oko_A	0.4586206896551724
4oku_B	0.5269709543568465
4okz_D	0.07225433526011561
4ol4_A	0.3220338983050847
4ol8_B	0.2079646017699115
4ol9_A	0.37373737373737376
4ole_A	0.6147540983606558
4olk_B	0.24848484848484848
4om8_A	0.39805825242718446
4omf_A	0.05714285714285714
4omu_B	0.5070921985815603
4omw_A	0.043209876543209874
4on1_A	0.24550898203592814
4ony_A	0.22745098039215686
4oo0_A	0.22596153846153846
4oo3_A	0.3348519362186788
4oob_A	0.39591836734693875
4oon_A	0.1553784860557769
4oop_B	0.176056338028169
4opd_A	0.3030973451327434
4ope_A	0.3235294117647059
4opf_A	0.3760217983651226
4oph_A	0.12376237623762376
4opw_A	0.3278008298755187
4oq1_A	0.5015105740181269
4oqd_C	0.5892116182572614
4oqp_A	0.3543307086614173
4oqt_A	0.7052631578947368
4oqz_A	0.4275618374558304
4ord_A	0.5217391304347826
4osx_A	0.10666666666666667
4ot7_A	0.551948051948052
4ot9_A	0.6040268456375839
4otv_A	0.08064516129032258
4oul_A	0.5303030303030303
4ov1_A	0.48484848484848486
4ov9_A	0.49473684210526314
4ovd_A	0.25355450236966826
4ovj_A	0.4090909090909091
4ovk_A	0.3860182370820669
4ovs_B	0.33225806451612905
4ovx_A	0.6703703703703704
4ovy_A	0.3639344262295082
4owl_D	0.15328467153284672
4owt_A	0.2446351931330472
4ox3_A	0.22429906542056074
4ox9_Y	0.5068493150684932
4oxd_A	0.2
4oxi_A	0.43137254901960786
4oxx_A	0.6470588235294118
4oy2_A	0.06595744680851064
4oy4_A	0.08656716417910448
4oy7_G	0.3622448979591837
4oyu_B	0.4972067039106145
4ozw_A	0.3143712574850299
4p07_A	0.3196078431372549
4p0d_A	0.20169851380042464
4p0g_A	0.44755244755244755
4p0q_A	0.1649122807017544
4p0u_B	0.19473684210526315
4p17_B	0.06896551724137931
4p1u_A	0.11392405063291139
4p1z_A	0.2755905511811024
4p27_A	0.1935483870967742
4p2b_A	0.1242603550295858
4p2v_A	0.36298932384341637
4p37_A	0.1144578313253012
4p3l_A	0.27722772277227725
4p3x_A	0.14754098360655737
4p3y_B	0.44751381215469616
4p3z_A	0.20205479452054795
4p47_A	0.334375
4p56_B	0.334384858044164
4p5b_B	0.07659574468085106
4p5f_A	0.38873239436619716
4p5i_A	0.10833333333333334
4p5p_A	0.48
4p6q_A	0.4230769230769231
4p7a_A	0.19801980198019803
4p7x_A	0.3356643356643357
4p85_A	0.25384615384615383
4p8b_A	0.27388535031847133
4p8i_A	0.0743801652892562
4p8l_A	0.2603938730853392
4p98_A	0.5766666666666667
4p9c_A	0.4338235294117647
4p9f_A	0.3867924528301887
4pab_B	0.2803921568627451
4paw_A	0.45685279187817257
4pba_C	0.21337579617834396
4pbg_A	0.4081196581196581
4pbh_A	0.37987012987012986
4pbp_B	0.3619047619047619
4pbq_A	0.3717105263157895
4pbw_A	0.5437262357414449
4pc4_C	0.17083333333333334
4pca_A	0.5610859728506787
4pcd_A	0.37666666666666665
4pcg_B	0.09665427509293681
4pck_A	0.2358490566037736
4pdy_A	0.2921686746987952
4pe6_B	0.5771604938271605
4ped_A	0.20155038759689922
4per_B	0.11009174311926606
4peu_A	0.44
4pf6_A	0.25573770491803277
4pfb_A	0.3246753246753247
4pfr_A	0.33986928104575165
4pfu_B	0.27058823529411763
4pg7_A	0.3308457711442786
4pgl_A	0.6040268456375839
4ph6_A	0.5875
4ph7_D	0.04914004914004914
4ph8_A	0.5066666666666667
4phz_B	0.028688524590163935
4pi2_A	0.3076923076923077
4pia_A	0.21777777777777776
4pic_A	0.42857142857142855
4piq_A	0.13725490196078433
4pit_B	0.11805555555555555
4pj1_Z	0.37962962962962965
4pk1_A	0.4979757085020243
4pkd_B	0.42083333333333334
4pkf_B	0.21739130434782608
4pkx_A	0.059574468085106386
4pl9_A	0.6466666666666666
4plp_A	0.28842105263157897
4pm0_A	0.18553459119496854
4pmh_A	0.45081967213114754
4pmo_A	0.41706161137440756
4pmv_A	0.5574229691876751
4pmx_A	0.4869281045751634
4pn6_B	0.07142857142857142
4pne_B	0.625
4png_B	0.31390134529147984
4ppm_A	0.33836206896551724
4pqi_A	0.29831932773109243
4pqx_A	0.31840796019900497
4pr3_A	0.3121951219512195
4psd_A	0.5067264573991032
4psu_A	0.6363636363636364
4psw_B	0.5191256830601093
4pt2_A	0.1299638989169675
4ptn_A	0.5536912751677853
4pu5_A	0.20319634703196346
4pug_A	0.43617021276595747
4pv6_A	0.512987012987013
4pva_A	0.2621951219512195
4pve_A	0.22040816326530613
4pw0_A	0.6254545454545455
4pw1_B	0.08372093023255814
4pw3_A	0.32602739726027397
4pwp_A	0.416
4pwu_C	0.6153846153846154
4pwy_A	0.628
4pxa_A	0.4072398190045249
4pxc_A	0.3617021276595745
4pxd_A	0.340632603406326
4pxg_A	0.09656652360515021
4py5_A	0.20224719101123595
4pyg_A	0.20784313725490197
4pyr_A	0.5117056856187291
4pys_A	0.3313008130081301
4pyt_A	0.25165562913907286
4pz0_A	0.616822429906542
4pzk_A	0.4276729559748428
4pzv_A	0.42857142857142855
4q04_B	0.09813084112149532
4q05_A	0.5443425076452599
4q0c_A	0.48823529411764705
4q0z_A	0.2795031055900621
4q1h_A	0.41106719367588934
4q1t_B	0.2804532577903683
4q1v_A	0.32745098039215687
4q1z_A	0.2827763496143959
4q20_A	0.5454545454545454
4q24_A	0.20089285714285715
4q25_A	0.33175355450236965
4q2d_A	0.24901960784313726
4q2g_B	0.13382899628252787
4q2j_A	0.30177514792899407
4q2s_A	0.21323529411764705
4q34_A	0.48286604361370716
4q3g_A	0.54337899543379
4q3k_B	0.5702479338842975
4q3l_H	0.6285714285714286
4q3m_D	0.47985347985347987
4q3n_A	0.410828025477707
4q3v_C	0.35103244837758113
4q4f_A	0.09137055837563451
4q4h_A	0.25882352941176473
4q4k_A	0.301994301994302
4q4n_A	0.23076923076923078
4q51_B	0.026415094339622643
4q52_A	0.16
4q56_A	0.1188118811881188
4q5f_D	0.3106796116504854
4q5h_C	0.12903225806451613
4q5i_B	0.34944237918215615
4q5n_A	0.2909090909090909
4q5o_A	0.3404255319148936
4q5q_A	0.3440366972477064
4q5r_C	0.3415841584158416
4q5w_B	0.1092896174863388
4q62_A	0.6879795396419437
4q6j_B	0.4493927125506073
4q6u_B	0.046296296296296294
4q6w_A	0.6063829787234043
4q75_A	0.4576271186440678
4q7f_A	0.3588235294117647
4q7g_A	0.12
4q7x_A	0.32340425531914896
4q86_B	0.11960784313725491
4q95_A	0.0425531914893617
4q97_A	0.5833333333333334
4q98_A	0.19607843137254902
4q9b_A	0.504950495049505
4qa8_A	0.14285714285714285
4qam_A	0.45054945054945056
4qam_B	0.2222222222222222
4qan_A	0.17922077922077922
4qas_A	0.41116751269035534
4qaw_A	0.4843137254901961
4qb5_D	0.376
4qb7_A	0.08708708708708708
4qba_A	0.5343137254901961
4qbl_E	0.3968253968253968
4qbu_A	0.25
4qc6_A	0.5921787709497207
4qdc_A	0.17615176151761516
4qdg_B	0.1986754966887417
4qdk_A	0.6438356164383562
4qdy_A	0.25252525252525254
4qe0_A	0.06179775280898876
4qen_A	0.1652542372881356
4qf0_A	0.49206349206349204
4qf5_A	0.39651416122004357
4qfh_B	0.21372549019607842
4qfu_E	0.4300847457627119
4qg5_A	0.26666666666666666
4qg9_D	0.38271604938271603
4qgl_A	0.3505747126436782
4qgr_A	0.4095744680851064
4qhx_A	0.2575
4qhz_C	0.25
4qi7_A	0.11568627450980393
4qi8_A	0.32242990654205606
4qii_G	0.3588039867109635
4qiw_B	0.025490196078431372
4qj1_D	0.3554913294797688
4qjf_A	0.24193548387096775
4qkf_A	0.3631578947368421
4qkh_A	0.13821138211382114
4qko_D	0.08270676691729323
4ql0_A	0.28627450980392155
4ql6_B	0.24361493123772102
4qla_A	0.44339622641509435
4qlb_D	0.23921568627450981
4qlp_B	0.1306532663316583
4qlx_A	0.31797235023041476
4qmh_A	0.4703389830508475
4qmj_A	0.519650655021834
4qmk_A	0.21764705882352942
4qn9_B	0.45962732919254656
4qnl_A	0.3215686274509804
4qnn_A	0.4882154882154882
4qnw_A	0.4905149051490515
4qny_B	0.31268436578171094
4qo5_A	0.08235294117647059
4qoy_C	0.1392156862745098
4qpj_B	0.32057416267942584
4qpn_A	0.5320197044334976
4qpv_A	0.21532846715328466
4qpw_A	0.4859154929577465
4qq1_A	0.1392156862745098
4qq8_C	0.4647058823529412
4qqf_A	0.46464646464646464
4qqi_A	0.6931818181818182
4qqr_A	0.5
4qri_A	0.46496815286624205
4qrk_A	0.49056603773584906
4qrn_A	0.41761363636363635
4qro_A	0.4186746987951807
4qrz_A	0.412532637075718
4qs4_A	0.0967741935483871
4qt6_A	0.41509433962264153
4qt8_B	0.16470588235294117
4qt8_C	0.2727272727272727
4qts_A	0.05144694533762058
4qts_C	0.10215053763440861
4qur_A	0.15421686746987953
4qv2_B	0.10559006211180125
4qvb_B	0.4236111111111111
4qvh_A	0.3352941176470588
4qvr_A	0.12264150943396226
4qvz_B	0.25980392156862747
4qxd_B	0.22145328719723184
4qxz_A	0.1780821917808219
4qys_B	0.2966507177033493
4qzz_a	0.0815450643776824
4r01_A	0.6190476190476191
4r0b_A	0.0718954248366013
4r0j_A	0.1134020618556701
4r0l_D	0.5508474576271186
4r0z_A	0.5509803921568628
4r12_A	0.3156862745098039
4r16_A	0.4904306220095694
4r1d_A	0.18823529411764706
4r1i_A	0.10256410256410256
4r1j_A	0.23563218390804597
4r1m_A	0.3816091954022989
4r27_A	0.5107913669064749
4r2f_A	0.3629441624365482
4r2k_A	0.6463022508038585
4r31_A	0.40540540540540543
4r3a_A	0.42138364779874216
4r3u_A	0.2235294117647059
4r3v_A	0.43575418994413406
4r4g_A	0.3944099378881988
4r4x_A	0.1588235294117647
4r5q_A	0.14883720930232558
4r60_B	0.2663316582914573
4r6g_A	0.5538793103448276
4r6h_A	0.36548223350253806
4r6i_A	0.21822033898305085
4r6k_A	0.3939393939393939
4r78_A	0.2961672473867596
4r7f_A	0.28463476070528965
4r7k_A	0.40476190476190477
4r7o_C	0.45
4r7p_A	0.13195876288659794
4r7r_A	0.10655737704918032
4r7x_A	0.4
4r81_A	0.592964824120603
4r8d_A	0.3902439024390244
4r99_D	0.12732919254658384
4r9f_A	0.373134328358209
4r9i_A	0.06084656084656084
4r9l_C	0.41875
4r9n_A	0.41700404858299595
4r9p_A	0.05714285714285714
4r9u_A	0.09567901234567901
4r9u_C	0.43548387096774194
4r9x_A	0.6
4rb4_E	0.33589743589743587
4rc1_B	0.6115702479338843
4rca_B	0.6431535269709544
4rck_A	0.43137254901960786
4rcm_A	0.2073170731707317
4rcn_B	0.2980392156862745
4rcw_A	0.6153846153846154
4rd7_A	0.5546218487394958
4rd8_B	0.045871559633027525
4rdb_A	0.10891089108910891
4rdr_A	0.3843137254901961
4rdz_B	0.48417721518987344
4rem_A	0.4663677130044843
4rep_A	0.22699386503067484
4rfa_A	0.4532710280373832
4rfs_S	0.22459893048128343
4rg1_A	0.12631578947368421
4rgb_A	0.6605839416058394
4rgl_A	0.2153846153846154
4rgv_B	0.16816816816816818
4rhi_A	0.3322784810126582
4rhz_B	0.368
4ri0_A	0.3627450980392157
4ri7_A	0.3037383177570093
4rk0_D	0.6133828996282528
4rk2_B	0.4025
4rk6_A	0.6
4rkk_A	0.3249211356466877
4rkn_A	0.03137254901960784
4rks_B	0.196875
4rl3_A	0.4797047970479705
4rl5_B	0.10683760683760683
4rlb_A	0.48826291079812206
4rlc_A	0.3925925925925926
4rlv_A	0.6372549019607843
4rm7_A	0.232
4rmm_A	0.41911764705882354
4rmo_A	0.05806451612903226
4rn3_A	0.45714285714285713
4rn7_A	0.5806451612903226
4rnd_B	0.4576271186440678
4rnl_B	0.19005847953216373
4rnu_C	0.412987012987013
4rnx_A	0.4230769230769231
4rny_A	0.3203342618384401
4ro1_B	0.052941176470588235
4rot_A	0.5298507462686567
4rp9_A	0.06430155210643015
4rpc_A	0.68
4rpf_A	0.36129032258064514
4rpm_A	0.05822784810126582
4rpo_A	0.4885844748858447
4rpp_C	0.39646464646464646
4rpu_A	0.21176470588235294
4rqo_B	0.13839285714285715
4rqr_A	0.4485981308411215
4rr5_A	0.2627986348122867
4rrl_A	0.3088235294117647
4rrq_B	0.3129251700680272
4rru_A	0.06878306878306878
4rs1_B	0.4232209737827715
4rs2_B	0.4644808743169399
4rs3_A	0.6634920634920635
4rs4_F	0.049132947976878616
4rsj_A	0.11481481481481481
4rsl_A	0.2408256880733945
4rsu_G	0.47333333333333333
4rt0_A	0.3853211009174312
4rt5_A	0.19801980198019803
4rt6_A	0.40588235294117647
4ru0_A	0.39518072289156625
4ru4_B	0.4764705882352941
4ru5_C	0.5254901960784314
4rul_A	0.15490196078431373
4run_B	0.17763157894736842
4ruw_A	0.5207253886010362
4rv0_B	0.44594594594594594
4rv4_B	0.4834123222748815
4rvc_A	0.44583333333333336
4rvs_A	0.49848024316109424
4rvt_A	0.3807829181494662
4rw0_A	0.5706521739130435
4rwe_A	0.6655052264808362
4rwn_A	0.15759312320916904
4rx1_A	0.4413145539906103
4rx6_B	0.5565217391304348
4rxl_A	0.49344978165938863
4rxm_A	0.6941580756013745
4rxu_A	0.5058823529411764
4rxv_A	0.1222707423580786
4rxx_A	0.29107981220657275
4ry0_A	0.686411149825784
4ry8_B	0.616822429906542
4ry9_A	0.6397306397306397
4rym_A	0.2012987012987013
4rz0_A	0.2543859649122807
4rz2_A	0.49224806201550386
4rzb_A	0.4124168514412417
4rzk_A	0.3563218390804598
4rzm_B	0.40636042402826855
4rzp_A	0.3347107438016529
4s00_A	0.26879271070615035
4s0n_D	0.07936507936507936
4s0u_C	0.05714285714285714
4s17_A	0.07079646017699115
4s1a_A	0.5105263157894737
4s1b_D	0.24766355140186916
4s1h_A	0.4181184668989547
4s1p_A	0.6521739130434783
4s1w_B	0.48104956268221577
4s23_A	0.42962962962962964
4s2a_A	0.34705882352941175
4s2r_P	0.17647058823529413
4s35_A	0.5025641025641026
4s3i_B	0.16844919786096257
4s3p_A	0.3333333333333333
4tjv_A	0.3696969696969697
4tkr_B	0.22043010752688172
4tlv_A	0.06862745098039216
4tm0_D	0.3349397590361446
4tmd_A	0.22105263157894736
4tn5_A	0.4690265486725664
4tnb_A	0.24901960784313726
4toi_A	0.23452768729641693
4toz_A	0.2901960784313726
4tpv_A	0.13186813186813187
4tq4_D	0.14482758620689656
4tqg_A	0.5252525252525253
4tqj_A	0.13895781637717122
4tqx_A	0.2736318407960199
4tr2_B	0.39029535864978904
4tr3_A	0.39893617021276595
4trb_A	0.47368421052631576
4trt_A	0.21329639889196675
4ts6_A	0.29365079365079366
4tsd_B	0.22099447513812154
4tv5_A	0.4530612244897959
4tw1_D	0.08304498269896193
4tw5_A	0.4015151515151515
4twb_F	0.5179856115107914
4twe_A	0.3411764705882353
4twg_C	0.5222929936305732
4twl_A	0.06694560669456066
4tx3_B	0.26914660831509846
4tx8_A	0.44385026737967914
4txa_A	0.07901907356948229
4txd_A	0.023809523809523808
4txe_A	0.53125
4txg_A	0.34901960784313724
4txj_B	0.32989690721649484
4txv_C	0.5393258426966292
4txw_A	0.41509433962264153
4tym_A	0.4
4tyv_B	0.4215686274509804
4tzm_A	0.03347280334728033
4tzw_A	0.345679012345679
4u0p_B	0.49295774647887325
4u10_A	0.42803030303030304
4u18_A	0.453125
4u3e_A	0.07450980392156863
4u3h_A	0.62
4u3v_A	0.359504132231405
4u44_A	0.4020979020979021
4u45_A	0.4013840830449827
4u4e_A	0.2777777777777778
4u4h_A	0.04040404040404041
4u4i_A	0.40476190476190477
4u4p_A	0.15517241379310345
4u4t_A	0.41216216216216217
4u5h_G	0.18888888888888888
4u5r_B	0.24342105263157895
4u65_A	0.08396946564885496
4u65_E	0.24861878453038674
4u6d_B	0.2961038961038961
4u7k_A	0.6627906976744186
4u7l_A	0.7582417582417582
4u7m_A	0.7058823529411765
4u7u_H	0.07988980716253444
4u7w_B	0.5304568527918782
4u7x_A	0.476038338658147
4u83_A	0.24797843665768193
4u8g_A	0.5639097744360902
4u9k_A	0.28342245989304815
4ua3_A	0.41397849462365593
4uac_A	0.3577023498694517
4uap_A	0.4533333333333333
4uaq_A	0.3
4uau_A	0.4557522123893805
4uav_A	0.43902439024390244
4ub9_A	0.4132762312633833
4ud1_A	0.045112781954887216
4udq_A	0.12549019607843137
4ue0_A	0.14782608695652175
4uei_A	0.2755905511811024
4uel_A	0.039735099337748346
4ufc_B	0.15294117647058825
4uhc_A	0.60431654676259
4uhv_B	0.23529411764705882
4uir_A	0.15490196078431373
4uj6_A	0.3411764705882353
4um2_A	0.20392156862745098
4um7_A	0.44571428571428573
4umg_A	0.5294117647058824
4uml_A	0.3333333333333333
4ums_A	0.525974025974026
4umv_A	0.16666666666666666
4unm_B	0.35490196078431374
4uoj_A	0.32941176470588235
4uop_B	0.39119804400978
4uos_A	0.06382978723404255
4up8_A	0.1627450980392157
4upk_A	0.2549407114624506
4upl_A	0.25882352941176473
4uqf_F	0.15591397849462366
4uqv_G	0.40559440559440557
4uqw_A	0.17177914110429449
4uqx_A	0.12213740458015267
4ur3_A	0.17248908296943233
4urj_D	0.40804597701149425
4url_A	0.18681318681318682
4urp_A	0.12290502793296089
4urs_A	0.5123456790123457
4us5_C	0.4759036144578313
4usj_C	0.49295774647887325
4usk_A	0.3536231884057971
4usr_A	0.31092436974789917
4usz_A	0.13012048192771083
4uuc_A	0.665158371040724
4uuo_A	0.4115853658536585
4uvq_A	0.13307984790874525
4uw0_A	0.3932135728542914
4uw9_A	0.42543859649122806
4uwq_A	0.2823529411764706
4uwq_K	0.4380165289256198
4ux9_A	0.3236151603498542
4uxd_D	0.5583941605839416
4uxm_A	0.2366412213740458
4uy7_A	0.4709480122324159
4uyb_A	0.40399002493765584
4uyp_C	0.5821917808219178
4uyr_A	0.21808510638297873
4uyz_D	0.34417344173441733
4uzg_A	0.3935018050541516
4uzm_A	0.09243697478991597
4v07_B	0.07589285714285714
4v0h_D	0.39461883408071746
4v12_A	0.34718100890207715
4v17_A	0.1038961038961039
4v1r_A	0.3767313019390582
4v1y_I	0.37763713080168776
4v2k_A	0.2680851063829787
4v2x_A	0.42745098039215684
4v34_A	0.33126934984520123
4v36_A	0.3261538461538461
4v3g_A	0.43333333333333335
4v3j_A	0.07536231884057971
4v3p_LG	0.0867579908675799
4v3p_SH	0.1
4v3p_Sa	0.5026315789473684
4v4e_T	0.24087591240875914
4v4e_U	0.13529411764705881
4v4l_A	0.20588235294117646
4v4p_AI	0.3359375
4v4t_BE	0.041884816753926704
4v59_G	0.08235294117647059
4v5o_AU	0.28225806451612906
4v5r_BJ	0.05384615384615385
4v5z_B5	0.0380952380952381
4v5z_B6	0.25663716814159293
4v60_I	0.10588235294117647
4v61_AC	0.17050691244239632
4v6l_AG	0.3146551724137931
4v6l_AJ	0.37037037037037035
4v6n_AJ	0.17073170731707318
4v6u_AR	0.39823008849557523
4v6u_BA	0.1527777777777778
4v6u_BC	0.03287671232876712
4v6u_BE	0.13440860215053763
4v6u_BF	0.15760869565217392
4v6u_BY	0.2645161290322581
4v6u_Ba	0.35555555555555557
4v6v_BC	0.15384615384615385
4v6w_CJ	0.17032967032967034
4v6x_Az	0.24313725490196078
4v6x_Cq	0.1357142857142857
4v8j_B3	0.4666666666666667
4v8l_A	0.2019607843137255
4v8p_BG	0.04878048780487805
4v8p_CV	0.0811965811965812
4v8p_CW	0.08181818181818182
4v8p_EE	0.13440860215053763
4v8p_GA	0.1828793774319066
4v8z_Bq	0.19310344827586207
4v94_f	0.029411764705882353
4v96_AJ	0.2508361204013378
4v96_Bd	0.10303030303030303
4v98_A3	0.14960629921259844
4v99_Bg	0.11059907834101383
4v9f_G	0.14173228346456693
4v9f_J	0.18055555555555555
4v9f_M	0.17435897435897435
4v9f_X	0.32222222222222224
4v9i_DC	0.005263157894736842
4w4l_C	0.08754208754208755
4w5u_B	0.4837837837837838
4w64_A	0.27485380116959063
4w66_A	0.3432203389830508
4w6q_B	0.45481927710843373
4w6v_A	0.28778467908902694
4w6y_A	0.136986301369863
4w6z_A	0.4783861671469741
4w78_C	0.29775280898876405
4w7l_A	0.078125
4w8b_A	0.47150259067357514
4w8i_A	0.39944903581267216
4w8j_A	0.12941176470588237
4w8k_B	0.13131313131313133
4w8l_A	0.5369318181818182
4w8o_A	0.4776470588235294
4w8w_D	0.023346303501945526
4w8y_A	0.11372549019607843
4w98_A	0.31724137931034485
4w9r_B	0.42382271468144045
4wa0_A	0.17318435754189945
4wad_A	0.46586345381526106
4wai_A	0.054945054945054944
4wam_A	0.25280898876404495
4wat_A	0.08132530120481928
4wbd_A	0.1411764705882353
4wbq_A	0.367816091954023
4wbs_B	0.44357976653696496
4wbt_A	0.43360433604336046
4wby_A	0.25
4wcj_A	0.45493562231759654
4wcw_C	0.3076923076923077
4wcx_A	0.381057268722467
4wcz_C	0.452
4wd1_A	0.4588235294117647
4wd2_A	0.42462311557788945
4wd9_A	0.0392156862745098
4wec_A	0.6395348837209303
4wed_A	0.2567287784679089
4weo_D	0.6639004149377593
4wer_A	0.44912280701754387
4wfv_A	0.2875816993464052
4wgi_A	0.3509803921568627
4wgk_B	0.2784313725490196
4wh3_A	0.3089887640449438
4whb_E	0.39869281045751637
4whs_B	0.29411764705882354
4whx_A	0.17647058823529413
4wid_A	0.039660056657223795
4wig_A	0.373015873015873
4wiq_A	0.31601731601731603
4wj0_A	0.11428571428571428
4wj7_A	0.13138686131386862
4wjg_W	0.267741935483871
4wjg_X	0.3055555555555556
4wji_A	0.4709897610921502
4wjw_B	0.1588235294117647
4wl2_A	0.0893371757925072
4wma_A	0.451505016722408
4wmx_A	0.34705882352941175
4wmy_A	0.04240282685512368
4wny_A	0.6363636363636364
4woe_A	0.0803921568627451
4woh_A	0.43670886075949367
4wok_A	0.5876923076923077
4wp3_C	0.42780748663101603
4wp5_A	0.12562814070351758
4wpg_A	0.5574912891986062
4wpm_A	0.4235294117647059
4wq0_A	0.10831234256926953
4wqm_A	0.4601226993865031
4wqr_39	0.10096153846153846
4wqy_BZ	0.3058823529411765
4wr2_A	0.474025974025974
4wsi_A	0.3279569892473118
4wsk_B	0.3834080717488789
4wso_A	0.4581497797356828
4wsq_A	0.35646687697160884
4wt8_DA	0.010526315789473684
4wtr_A	0.5225563909774437
4wu3_A	0.03137254901960784
4wui_A	0.4682926829268293
4wut_A	0.7206896551724138
4wuv_A	0.625
4wv3_B	0.492156862745098
4wvb_B	0.24700239808153476
4wvm_A	0.0803921568627451
4wvm_B	0.12549019607843137
4wvr_C	0.6363636363636364
4wvz_D	0.4187192118226601
4wwu_C	0.1696969696969697
4wwv_A	0.26243093922651933
4wx5_A	0.08441558441558442
4wxe_A	0.5719424460431655
4wxx_B	0.11568627450980393
4wy5_A	0.571875
4wy8_A	0.5938461538461538
4wy9_A	0.2736842105263158
4wyi_A	0.5892857142857143
4wyk_C	0.29190751445086704
4wyt_A	0.3283582089552239
4wz7_1	0.012578616352201259
4wz7_5	0.11764705882352941
4wz7_A	0.00784313725490196
4wz7_B	0.07297297297297298
4wz7_E	0.035897435897435895
4wzf_B	0.2572614107883817
4wzi_B	0.15330188679245282
4wzn_B	0.13380281690140844
4wzr_B	0.3980392156862745
4wzz_A	0.6292834890965732
4x00_A	0.652014652014652
4x09_A	0.140625
4x0j_B	0.0648854961832061
4x0o_E	0.41388888888888886
4x1j_B	0.05319148936170213
4x27_A	0.18892508143322476
4x28_A	0.24352331606217617
4x28_C	0.23901098901098902
4x2m_A	0.1807909604519774
4x2z_A	0.11295681063122924
4x3f_B	0.40714285714285714
4x3l_A	0.45384615384615384
4x3n_A	0.09266409266409266
4x4r_A	0.18284424379232506
4x4w_A	0.1934673366834171
4x5l_A	0.6458333333333334
4x61_A	0.3862745098039216
4x6g_E	0.5276872964169381
4x7g_A	0.4860557768924303
4x7v_A	0.5674603174603174
4x8d_A	0.24532710280373832
4x8r_A	0.3519736842105263
4x8y_A	0.14285714285714285
4x9n_A	0.2916666666666667
4x9x_A	0.43656716417910446
4xa9_G	0.7379032258064516
4xab_A	0.4024390243902439
4xae_A	0.22188449848024316
4xah_B	0.06179775280898876
4xau_B	0.3968253968253968
4xb2_A	0.34169278996865204
4xb6_B	0.14948453608247422
4xc6_A	0.48823529411764705
4xcb_A	0.34615384615384615
4xch_A	0.28187919463087246
4xcm_B	0.3394495412844037
4xcq_A	0.37293729372937295
4xd9_A	0.288135593220339
4xea_A	0.3191489361702128
4xed_A	0.6597938144329897
4xer_A	0.4356060606060606
4xes_A	0.1316348195329087
4xf5_A	0.3627760252365931
4xf6_A	0.4175824175824176
4xfe_A	0.3627450980392157
4xfj_B	0.36272040302267
4xfm_A	0.35
4xfr_A	0.36658354114713215
4xgc_E	0.35323383084577115
4xh3_A	0.24766355140186916
4xh7_A	0.22727272727272727
4xhc_A	0.3843137254901961
4xhf_B	0.07111111111111111
4xhm_A	0.509090909090909
4xhp_A	0.1392156862745098
4xi6_A	0.24793388429752067
4xij_A	0.4962686567164179
4xin_A	0.2807017543859649
4xix_C	0.03765690376569038
4xj2_A	0.17901234567901234
4xjc_A	0.24858757062146894
4xk2_A	0.4889589905362776
4xkg_A	0.11818181818181818
4xkq_A	0.3096774193548387
4xky_D	0.5066666666666667
4xkz_A	0.15139442231075698
4xla_A	0.611764705882353
4xlx_A	0.09375
4xm4_D	0.4713375796178344
4xnn_A	0.07865168539325842
4xnw_C	0.1457142857142857
4xoh_B	0.10074626865671642
4xp7_A	0.4876543209876543
4xpq_A	0.25882352941176473
4xpu_B	0.40476190476190477
4xq7_A	0.18562874251497005
4xr0_A	0.05194805194805195
4xr8_H	0.31125827814569534
4xr9_A	0.4956140350877193
4xra_C	0.41397849462365593
4xrb_A	0.33739837398373984
4xri_A	0.45294117647058824
4xrp_A	0.4662379421221865
4xru_C	0.3584905660377358
4xrw_A	0.4
4xs7_A	0.41055718475073316
4xsq_B	0.45
4xsu_A	0.6820652173913043
4xt0_A	0.24691358024691357
4xtx_A	0.36466165413533835
4xu4_A	0.21164021164021163
4xup_A	0.503030303030303
4xuv_A	0.39759036144578314
4xvc_A	0.6094276094276094
4xvw_A	0.46846846846846846
4xvx_B	0.24396782841823056
4xw3_B	0.27319587628865977
4xwh_A	0.30196078431372547
4xx6_B	0.5202492211838006
4xxf_A	0.04417670682730924
4xxh_A	0.6705882352941176
4xxt_A	0.23529411764705882
4xyw_A	0.6728395061728395
4xz5_A	0.12173913043478261
4xz6_A	0.3024054982817869
4xz7_B	0.23298429319371727
4xza_B	0.04657534246575343
4xzj_A	0.11711711711711711
4xzx_A	0.22395833333333334
4xzz_A	0.23417721518987342
4y0a_A	0.48044692737430167
4y0c_A	0.17088607594936708
4y0e_H	0.18181818181818182
4y0h_D	0.3347732181425486
4y0k_A	0.4469135802469136
4y0l_A	0.3625
4y0n_B	0.5454545454545454
4y13_A	0.3237704918032787
4y23_A	0.049019607843137254
4y25_A	0.33448275862068966
4y2h_B	0.3096590909090909
4y2w_A	0.36597938144329895
4y3o_B	0.28633405639913234
4y4q_B	0.022857142857142857
4y5j_A	0.4669603524229075
4y68_A	0.37630662020905925
4y6t_E	0.05405405405405406
4y7d_A	0.5847750865051903
4y7p_A	0.32456140350877194
4y7s_A	0.24324324324324326
4y9d_A	0.5702127659574469
4y9j_B	0.17058823529411765
4y9m_A	0.42578125
4y9t_A	0.6417445482866043
4y9v_A	0.4176470588235294
4yah_X	0.49387755102040815
4yai_A	0.6007326007326007
4yar_A	0.3752913752913753
4yay_A	0.16030534351145037
4yb8_A	0.5711206896551724
4ybf_A	0.20059880239520958
4ybg_A	0.15966386554621848
4ybh_A	0.5132450331125827
4ybn_A	0.24299065420560748
4ybo_D	0.055415617128463476
4ycg_B	0.16161616161616163
4ycs_A	0.5040650406504065
4ydo_B	0.3179611650485437
4yds_A	0.4778761061946903
4ye5_A	0.19215686274509805
4ye6_A	0.1411764705882353
4yec_A	0.4523809523809524
4yed_D	0.49411764705882355
4yep_A	0.02702702702702703
4yer_A	0.3929824561403509
4yg0_A	0.09146341463414634
4yg8_A	0.42391304347826086
4ygr_A	0.4744186046511628
4ygt_A	0.1554054054054054
4ygu_D	0.4228571428571429
4ygx_A	0.37237237237237236
4yh7_B	0.5401234567901234
4yhb_B	0.45038167938931295
4yhc_A	0.3097949886104784
4yic_A	0.34011627906976744
4yik_A	0.43781094527363185
4yit_D	0.23104693140794225
4yj1_A	0.13725490196078433
4yj6_A	0.2857142857142857
4yjh_A	0.260233918128655
4yjm_A	0.5647058823529412
4yk8_A	0.07407407407407407
4yk8_B	0.020618556701030927
4ykf_A	0.43333333333333335
4ykk_B	0.5490196078431373
4yle_A	0.6925795053003534
4yli_D	0.22580645161290322
4yly_A	0.3939393939393939
4ymg_B	0.5355648535564853
4ymk_A	0.07763975155279502
4ymx_A	0.47767857142857145
4yn3_A	0.28431372549019607
4yn8_A	0.5422885572139303
4ynt_A	0.12941176470588237
4ynz_B	0.3188854489164087
4yo7_A	0.6794425087108014
4yo8_B	0.4090909090909091
4yoc_C	0.19607843137254902
4yod_A	0.37906137184115524
4yok_A	0.4824120603015075
4yp6_A	0.47337278106508873
4ypr_A	0.19436619718309858
4yrc_A	0.18138424821002386
4ys2_A	0.4305555555555556
4ys6_A	0.6172839506172839
4ytb_A	0.3767772511848341
4yu6_A	0.13725490196078433
4yub_B	0.08982035928143713
4yuc_A	0.3424242424242424
4yue_C	0.10576923076923077
4yut_A	0.3789173789173789
4yv7_A	0.6840277777777778
4yw2_A	0.24313725490196078
4yw7_B	0.19834710743801653
4ywo_A	0.3310810810810811
4ywr_A	0.47368421052631576
4yws_B	0.3231552162849873
4ywt_B	0.048723897911832945
4yxb_B	0.12209302325581395
4yxf_A	0.591304347826087
4yy8_B	0.4960212201591512
4yyc_A	0.21294363256784968
4yzh_A	0.3741496598639456
4yzl_A	0.13573407202216067
4yzo_A	0.3774104683195592
4yzr_A	0.13144329896907217
4yzt_A	0.4196078431372549
4yzw_B	0.07450980392156863
4z04_A	0.4032258064516129
4z06_A	0.4898989898989899
4z0c_A	0.7529411764705882
4z0n_A	0.6449511400651465
4z11_A	0.13529411764705881
4z29_A	0.4375
4z2c_C	0.2474747474747475
4z2y_A	0.44816053511705684
4z2z_B	0.2391304347826087
4z34_A	0.14545454545454545
4z38_B	0.30751708428246016
4z3p_A	0.2668213457076566
4z48_A	0.1625
4z4p_A	0.18633540372670807
4z5s_A	0.24663677130044842
4z5v_A	0.30434782608695654
4z61_A	0.7215686274509804
4z6o_B	0.26038781163434904
4z6y_A	0.08424908424908426
4z7a_A	0.447887323943662
4z7r_A	0.46153846153846156
4z7x_A	0.41706161137440756
4z81_A	0.074
4z8i_A	0.25892857142857145
4z8m_B	0.27848101265822783
4z8n_A	0.08389261744966443
4z8s_A	0.048582995951417005
4z8u_A	0.21084337349397592
4z8w_A	0.48
4z8z_A	0.521875
4z94_G	0.5244299674267101
4z99_A	0.4878048780487805
4z9c_A	0.07174887892376682
4z9e_A	0.32941176470588235
4z9f_C	0.6352459016393442
4z9h_A	0.15757575757575756
4z9m_G	0.07667731629392971
4za1_A	0.43434343434343436
4za2_A	0.6007905138339921
4zad_A	0.10784313725490197
4zbg_A	0.37662337662337664
4zbp_B	0.337037037037037
4zby_A	0.42783505154639173
4zc0_A	0.3348314606741573
4zcf_A	0.3
4zcf_C	0.3254901960784314
4zch_A	0.26540284360189575
4zcp_A	0.4418604651162791
4zcq_A	0.4461538461538462
4zel_A	0.21372549019607842
4zem_A	0.4878048780487805
4zev_A	0.4379310344827586
4zfv_A	0.3211009174311927
4zgd_I	0.0825242718446602
4zgf_A	0.24822695035460993
4zgj_H	0.3106796116504854
4zgs_A	0.5606936416184971
4zgv_A	0.37254901960784315
4zht_A	0.5234375
4zhv_A	0.460431654676259
4zic_B	0.35294117647058826
4zke_A	0.3171247357293869
4zkf_A	0.45670995670995673
4zkq_A	0.061855670103092786
4zl4_A	0.07088607594936709
4zla_A	0.2268041237113402
4zlf_A	0.2803921568627451
4zlp_A	0.058091286307053944
4zm4_B	0.36941176470588233
4zm6_A	0.4627450980392157
4zme_A	0.0916030534351145
4zmh_A	0.25882352941176473
4zmi_A	0.05106382978723404
4zmq_A	0.38
4zms_A	0.5797101449275363
4zmu_A	0.45454545454545453
4zng_A	0.31767955801104975
4znk_A	0.38372093023255816
4znm_B	0.25225225225225223
4zo2_B	0.47619047619047616
4zo4_A	0.42574257425742573
4zo8_B	0.41568627450980394
4zoh_A	0.21176470588235294
4zoh_B	0.2664233576642336
4zoq_F	0.2903225806451613
4zoq_I	0.4658753709198813
4zpj_A	0.5902964959568733
4zqb_B	0.4588607594936709
4zqu_B	0.11494252873563218
4zqx_A	0.08016877637130802
4zr1_B	0.06909090909090909
4zrb_E	0.453125
4zrc_A	0.34782608695652173
4zs9_B	0.37037037037037035
4zsf_A	0.11029411764705882
4zsv_A	0.17006802721088435
4ztb_C	0.3364485981308411
4ztc_A	0.36363636363636365
4ztk_A	0.24253731343283583
4ztx_A	0.3333333333333333
4zu9_A	0.34901960784313724
4zua_A	0.4838709677419355
4zuz_B	0.06470588235294118
4zv4_D	0.09202453987730061
4zvg_A	0.47878787878787876
4zw0_C	0.4583333333333333
4zxa_A	0.4662576687116564
4zxi_A	0.1803921568627451
4zxn_A	0.08130081300813008
4zxo_A	0.438953488372093
4zy8_A	0.08904109589041095
4zyl_B	0.5277777777777778
4zyn_B	0.21038961038961038
4zzf_A	0.4452054794520548
4zzt_A	0.020737327188940093
5a07_A	0.369620253164557
5a0d_B	0.07954545454545454
5a0m_B	0.2555066079295154
5a0n_A	0.06542056074766354
5a21_E	0.3853211009174312
5a2a_A	0.3805309734513274
5a2f_A	0.5045871559633027
5a2t_Y	0.10784313725490197
5a3c_A	0.3076923076923077
5a3g_A	0.05847953216374269
5a3j_C	0.4740061162079511
5a42_A	0.38823529411764707
5a4g_A	0.25
5a4p_A	0.10087719298245613
5a51_A	0.10909090909090909
5a5c_B	0.6566265060240963
5a60_A	0.1282051282051282
5a62_A	0.5808823529411765
5a66_A	0.04739336492890995
5a6c_B	0.5636856368563685
5a6k_A	0.34509803921568627
5a6s_A	0.43795620437956206
5a78_B	0.23417721518987342
5a7v_A	0.3125
5a8d_A	0.41721854304635764
5a8i_A	0.3879310344827586
5a8j_A	0.44931506849315067
5a8m_A	0.486646884272997
5a8r_L	0.03802281368821293
5a8t_A	0.1330049261083744
5a96_A	0.08433734939759036
5a97_C	0.05845511482254697
5a98_A	0.09361702127659574
5a9j_A	0.3686274509803922
5aa0_AI	0.1111111111111111
5aa5_A	0.2927536231884058
5aa6_B	0.041176470588235294
5aar_A	0.6594594594594595
5ab5_A	0.31203931203931207
5abr_A	0.47115384615384615
5ac3_A	0.25510204081632654
5ac7_B	0.582995951417004
5aca_1	0.1164021164021164
5acn_A	0.20588235294117646
5ad1_A	0.4413793103448276
5adz_A	0.1980392156862745
5ae5_A	0.5068493150684932
5aec_A	0.4175824175824176
5aed_A	0.2725490196078431
5aex_A	0.08991228070175439
5af0_C	0.07112970711297072
5af7_B	0.24296675191815856
5afi_Z	0.39655172413793105
5afo_A	0.18075801749271136
5ag3_C	0.382089552238806
5ah5_A	0.12745098039215685
5ahk_A	0.48823529411764705
5aii_H	0.3769230769230769
5ail_B	0.3901098901098901
5ait_A	0.1937984496124031
5aiw_A	0.2890625
5aj4_Ae	0.002976190476190476
5aj8_A	0.017857142857142856
5ajh_A	0.472636815920398
5ajq_A	0.3964285714285714
5ams_A	0.4923469387755102
5amt_A	0.3047619047619048
5anp_A	0.3561643835616438
5anr_A	0.12244897959183673
5ao9_A	0.6142857142857143
5aoh_A	0.22264150943396227
5aoq_M	0.10227272727272728
5aor_A	0.23921568627450981
5aot_A	0.4411764705882353
5aov_A	0.46706586826347307
5aoz_A	0.5390070921985816
5ap8_B	0.11464968152866242
5apg_A	0.09782608695652174
5apm_A	0.050505050505050504
5aq9_A	0.4510739856801909
5aqd_M	0.08152173913043478
5ar1_A	0.37962962962962965
5aup_I	0.44398340248962653
5ave_A	0.2619047619047619
5awe_A	0.45365853658536587
5awf_A	0.4779220779220779
5awh_A	0.21372549019607842
5awp_A	0.38235294117647056
5awz_A	0.16170212765957448
5ax7_A	0.46846846846846846
5axh_B	0.46862745098039216
5axn_B	0.1589958158995816
5ay6_A	0.0891089108910891
5ay7_B	0.5674846625766872
5ayk_A	0.47058823529411764
5ayp_B	0.09848484848484848
5ayq_B	0.49586776859504134
5ays_A	0.20434782608695654
5az1_A	0.4617737003058104
5aza_A	0.33137254901960783
5azb_A	0.23943661971830985
5azw_A	0.5319148936170213
5azx_A	0.44
5b04_B	0.47962382445141066
5b0l_B	0.1347305389221557
5b0o_B	0.24175824175824176
5b0p_B	0.24225352112676057
5b0v_A	0.12403100775193798
5b12_E	0.6622222222222223
5b19_A	0.5064935064935064
5b1r_A	0.12931034482758622
5b1y_B	0.6954732510288066
5b2k_A	0.3522727272727273
5b3f_A	0.3300653594771242
5b3g_A	0.353099730458221
5b3l_A	0.6533333333333333
5b3t_A	0.4937106918238994
5b46_A	0.2568627450980392
5b4a_B	0.4777327935222672
5b4s_B	0.05161290322580645
5b4x_A	0.3862745098039216
5b51_A	0.39814814814814814
5b57_C	0.4307692307692308
5b58_A	0.07854984894259819
5b5r_A	0.07579462102689487
5b6e_A	0.09404388714733543
5b6i_A	0.2979452054794521
5b6o_A	0.07096774193548387
5b7c_A	0.3592233009708738
5b7i_A	0.11568627450980393
5b7p_A	0.357429718875502
5b82_A	0.2422360248447205
5b88_A	0.38823529411764707
5b8i_C	0.4957983193277311
5bjx_B	0.5029411764705882
5bke_C	0.21453287197231835
5bmo_C	0.47107438016528924
5bmq_A	0.2634146341463415
5bmt_A	0.10775862068965517
5bmx_A	0.46963562753036436
5bnc_A	0.31746031746031744
5bnd_A	0.16759776536312848
5bo5_D	0.300531914893617
5bow_A	0.13245033112582782
5bp4_A	0.41568627450980394
5bp7_A	0.570281124497992
5bp8_A	0.3196078431372549
5bp9_A	0.48523206751054854
5bpb_D	0.12307692307692308
5bpx_A	0.5032679738562091
5bq9_B	0.12814645308924486
5bqf_A	0.45110410094637227
5bqn_A	0.060784313725490195
5bqo_B	0.4632768361581921
5brl_A	0.047619047619047616
5bs6_D	0.39035087719298245
5bsz_A	0.562753036437247
5bt8_B	0.4332493702770781
5bte_B	0.04076086956521739
5btr_A	0.21081081081081082
5bty_A	0.2
5bu6_A	0.42424242424242425
5bud_A	0.017902813299232736
5buf_B	0.2202247191011236
5bun_C	0.418013856812933
5bup_A	0.11949685534591195
5but_A	0.417910447761194
5but_I	0.1368909512761021
5buv_C	0.44886363636363635
5bv2_P	0.07254901960784314
5bv9_A	0.1411764705882353
5bvi_A	0.07692307692307693
5bw4_B	0.5580357142857143
5bwe_A	0.10588235294117647
5bwi_A	0.45248868778280543
5bwj_D	0.4876847290640394
5bx9_A	0.5531400966183575
5bxg_A	0.5165562913907285
5bxr_B	0.3235294117647059
5bxx_A	0.628099173553719
5by0_A	0.15698924731182795
5by3_A	0.2823529411764706
5by4_A	0.44761904761904764
5by7_A	0.43026706231454004
5byc_A	0.44654088050314467
5byw_E	0.5077399380804953
5bz1_A	0.38274932614555257
5bz2_A	0.13541666666666666
5c00_A	0.3564356435643564
5c0p_A	0.4014084507042254
5c0q_B	0.4551422319474836
5c14_A	0.5373134328358209
5c17_A	0.18932038834951456
5c1c_A	0.5016722408026756
5c1s_A	0.2777777777777778
5c21_A	0.3146067415730337
5c2b_H	0.5186721991701245
5c2g_A	0.17787418655097614
5c2i_A	0.053418803418803416
5c2k_A	0.3717277486910995
5c2m_A	0.24050632911392406
5c2v_D	0.23921568627450981
5c2w_E	0.5482954545454546
5c2w_F	0.16878980891719744
5c2y_A	0.15168539325842698
5c3q_A	0.20298507462686566
5c3u_A	0.3746031746031746
5c59_G	0.046357615894039736
5c5g_A	0.5118110236220472
5c5h_B	0.40401785714285715
5c5s_A	0.07142857142857142
5c6n_A	0.2982062780269058
5c73_B	0.23333333333333334
5c7t_A	0.3021978021978022
5c86_A	0.4730290456431535
5c88_A	0.6075949367088608
5c8w_B	0.512396694214876
5c94_A	0.04310344827586207
5c98_B	0.016483516483516484
5c9a_B	0.09152542372881356
5c9f_C	0.25
5c9g_A	0.45054945054945056
5c9i_A	0.056862745098039215
5cad_A	0.5118733509234829
5cag_A	0.22887323943661972
5caj_A	0.04980842911877394
5cao_A	0.37666666666666665
5cb2_A	0.2725490196078431
5ccx_B	0.2587601078167116
5cd4_A	0.12562814070351758
5cd4_I	0.05465587044534413
5cd6_B	0.21372549019607842
5cd9_A	0.3923444976076555
5cdd_B	0.16279069767441862
5ce3_B	0.307843137254902
5ce7_A	0.3
5ce9_B	0.018072289156626505
5cef_C	0.34818941504178275
5cet_A	0.4329268292682927
5cfa_B	0.18902439024390244
5cfc_B	0.09482758620689655
5cfi_A	0.42857142857142855
5cfl_A	0.09090909090909091
5cg9_A	0.4044943820224719
5cge_E	0.4232209737827715
5cgz_A	0.5125
5ch6_A	0.22727272727272727
5chi_A	0.2782608695652174
5cht_A	0.14935064935064934
5ci5_A	0.3791348600508906
5ci7_A	0.3574007220216607
5cio_A	0.24901960784313726
5cj5_B	0.3784313725490196
5cjf_A	0.16104868913857678
5ck3_B	0.337037037037037
5ck7_A	0.171875
5ckn_A	0.38489208633093525
5cl2_A	0.4105691056910569
5cm2_M	0.08064516129032258
5cm8_A	0.14081145584725538
5cn2_A	0.3652173913043478
5cnl_A	0.41007194244604317
5cnv_H	0.13649025069637882
5cnx_A	0.2638888888888889
5cod_L6	0.006085192697768763
5cod_M1	0.029612756264236904
5coz_A	0.21613832853025935
5cp1_A	0.2938775510204082
5cp7_B	0.5233644859813084
5cpg_A	0.47096774193548385
5cqf_A	0.3317422434367542
5cqx_B	0.26495726495726496
5cr4_B	0.2610619469026549
5cr9_A	0.3724137931034483
5crb_A	0.16145833333333334
5crf_B	0.23969072164948454
5cs2_A	0.25170068027210885
5csl_B	0.26666666666666666
5csr_C	0.41363636363636364
5cuk_A	0.3404255319148936
5cuo_B	0.21164021164021163
5cuy_D	0.07575757575757576
5cv0_A	0.07058823529411765
5cv3_A	0.10256410256410256
5cvo_D	0.38235294117647056
5cwa_A	0.061386138613861385
5cwc_A	0.07653061224489796
5cwd_A	0.28654970760233917
5cwf_A	0.1016949152542373
5cwi_A	0.15021459227467812
5cwn_A	0.25120772946859904
5cwq_A	0.21888412017167383
5cx6_B	0.027450980392156862
5cxm_A	0.23232323232323232
5cxo_B	0.44776119402985076
5cxx_B	0.5109489051094891
5cxy_A	0.2328767123287671
5cy0_A	0.1746031746031746
5cya_B	0.35119047619047616
5cyl_A	0.11911357340720222
5cyw_B	0.2348993288590604
5cyx_A	0.48427672955974843
5cz3_A	0.17880794701986755
5cz8_Y	0.09502262443438914
5czl_A	0.24761904761904763
5d08_A	0.296875
5d0n_A	0.33941605839416056
5d16_A	0.09937888198757763
5d1i_A	0.5811965811965812
5d1o_A	0.088
5d28_A	0.03463203463203463
5d2e_A	0.5752577319587628
5d2m_C	0.18354430379746836
5d2u_A	0.45
5d3d_B	0.11282051282051282
5d3u_A	0.11662531017369727
5d55_B	0.14285714285714285
5d5p_A	0.267515923566879
5d68_B	0.3157894736842105
5d6a_A	0.14901960784313725
5d6j_A	0.44901960784313727
5d6s_A	0.24594594594594596
5d74_B	0.26495726495726496
5d77_A	0.573170731707317
5d7b_A	0.504297994269341
5d7v_A	0.3828996282527881
5d7z_A	0.3475177304964539
5d84_A	0.4025157232704403
5d88_A	0.3765182186234818
5d8f_A	0.3761467889908257
5d92_B	0.22807017543859648
5d9g_A	0.08943089430894309
5d9h_B	0.3447098976109215
5d9r_A	0.3939393939393939
5da0_A	0.2398286937901499
5dax_A	0.3680555555555556
5dbj_C	0.2974828375286041
5dbn_F	0.2897196261682243
5dbo_A	0.4380952380952381
5dcq_E	0.075
5dcx_A	0.19138755980861244
5dd7_A	0.33114754098360655
5ddt_A	0.5474137931034483
5dfk_A	0.43783783783783786
5dfm_A	0.31237721021611004
5dfz_B	0.11960784313725491
5dgk_A	0.1980392156862745
5dgo_A	0.20392156862745098
5dgq_A	0.33725490196078434
5dh0_B	0.45878136200716846
5dhh_B	0.20930232558139536
5di3_B	0.5784313725490197
5dih_B	0.4801980198019802
5dil_A	0.15328467153284672
5dir_A	0.17834394904458598
5diy_A	0.38444924406047515
5djf_A	0.19924812030075187
5djs_A	0.5215686274509804
5djw_A	0.27058823529411763
5dk1_A	0.30434782608695654
5dk4_A	0.22865853658536586
5dk6_A	0.4669421487603306
5dku_B	0.17254901960784313
5dkv_A	0.6633663366336634
5dl5_A	0.4254807692307692
5dl6_A	0.3265822784810127
5dl7_A	0.32587064676616917
5dl8_B	0.340153452685422
5dle_D	0.6057692307692307
5dlq_B	0.27647058823529413
5dmd_A	0.11805555555555555
5dmh_A	0.2904761904761905
5dml_A	0.5993150684931506
5dmp_A	0.04142011834319527
5dmu_A	0.13953488372093023
5dn6_G	0.11923076923076924
5dn6_I	0.3333333333333333
5dn7_A	0.4583333333333333
5dnd_D	0.45938375350140054
5dnl_A	0.2159090909090909
5dob_A	0.12236286919831224
5dom_A	0.18888888888888888
5dov_B	0.4408284023668639
5dpl_A	0.3
5dqp_A	0.3700234192037471
5dqs_D	0.13793103448275862
5ds1_A	0.43478260869565216
5dss_B	0.032432432432432434
5dt6_A	0.4774436090225564
5dt9_A	0.36675461741424803
5dtc_A	0.2988505747126437
5dte_B	0.6898954703832753
5dtw_C	0.45934959349593496
5du3_A	0.05026455026455026
5dud_B	0.11
5dvb_A	0.457286432160804
5dvh_A	0.08648648648648649
5dvj_A	0.3939393939393939
5dwa_A	0.17985611510791366
5dwd_B	0.6098654708520179
5dwy_B	0.08177570093457943
5dx9_A	0.3778501628664495
5dxd_A	0.3090128755364807
5dxf_B	0.5598290598290598
5dy0_A	0.39545454545454545
5dy2_A	0.48148148148148145
5dye_D	0.10276679841897234
5dz8_A	0.10179640718562874
5dzo_A	0.5327102803738317
5dzs_B	0.4185185185185185
5dzy_B	0.4867469879518072
5dzz_A	0.053169734151329244
5e0s_B	0.39303482587064675
5e1l_A	0.05202312138728324
5e1q_B	0.28627450980392155
5e1v_B	0.31386861313868614
5e21_A	0.28421052631578947
5e33_A	0.07254901960784314
5e3e_B	0.20175438596491227
5e3s_A	0.09385113268608414
5e4m_A	0.3615819209039548
5e53_D	0.5913621262458472
5e55_B	0.6254071661237784
5e57_A	0.33649289099526064
5e5n_B	0.2980392156862745
5e6u_A	0.44313725490196076
5e6w_A	0.2645161290322581
5e72_A	0.49226006191950467
5e7g_A	0.4820627802690583
5e7l_A	0.6192052980132451
5e7o_A	0.14901960784313725
5e7p_A	0.34509803921568627
5e7t_A	0.10077519379844961
5e7t_B	0.36013986013986016
5e7t_H	0.45664739884393063
5e8j_A	0.5096774193548387
5e9q_A	0.41568627450980394
5ea2_C	0.4891304347826087
5ean_A	0.16862745098039217
5ec0_A	0.22163588390501318
5ec3_A	0.2579787234042553
5ec6_A	0.13245033112582782
5ecj_A	0.16730038022813687
5ecl_A	0.13333333333333333
5ed4_E	0.5
5ed7_A	0.027777777777777776
5ed8_A	0.4204081632653061
5edj_A	0.10714285714285714
5edp_A	0.4
5ee2_A	0.10655737704918032
5ee5_A	0.41089108910891087
5ees_A	0.3805668016194332
5ef5_A	0.03725490196078431
5ef5_E	0.01764705882352941
5efr_A	0.48635235732009924
5eg7_A	0.11180124223602485
5egf_C	0.24774774774774774
5egh_B	0.26463104325699743
5egn_A	0.6
5egp_A	0.5957446808510638
5eha_A	0.0718954248366013
5ehk_A	0.06862745098039216
5ei0_A	0.0456989247311828
5eik_A	0.021367521367521368
5eio_A	0.2819767441860465
5ej0_A	0.38207547169811323
5ejb_D	0.05652173913043478
5ejl_A	0.37446808510638296
5ejr_A	0.15308151093439365
5ejy_A	0.104
5ek5_B	0.26666666666666666
5ek8_A	0.17058823529411765
5eke_C	0.46905537459283386
5eku_B	0.345821325648415
5ekz_A	0.058823529411764705
5el5_71	0.02962962962962963
5el8_A	0.24882629107981222
5elw_A	0.06030150753768844
5elx_A	0.4296675191815857
5eo2_C	0.41139240506329117
5eo9_A	0.616822429906542
5ep0_A	0.49736842105263157
5ep5_B	0.5289256198347108
5epa_A	0.3798449612403101
5epf_A	0.5064935064935064
5epi_C	0.0784313725490196
5epi_R	0.060784313725490195
5epo_A	0.6743295019157088
5eq9_B	0.20384615384615384
5eqb_A	0.11372549019607843
5eqc_A	0.3873239436619718
5eqn_A	0.14074074074074075
5eqx_A	0.48519362186788156
5er3_A	0.5157232704402516
5er6_A	0.5936254980079682
5erg_A	0.2
5erm_B	0.0732484076433121
5ero_A	0.1362126245847176
5esp_A	0.2363013698630137
5ess_A	0.403921568627451
5esv_G	0.26737967914438504
5esw_A	0.5
5et1_A	0.6948640483383686
5ete_A	0.13380281690140844
5eud_A	0.3788546255506608
5euh_C	0.4647887323943662
5ev7_A	0.16804979253112035
5evf_A	0.22857142857142856
5evj_A	0.5424836601307189
5ew5_A	0.13673469387755102
5ew6_A	0.1493212669683258
5ewp_A	0.4979253112033195
5ewq_A	0.21782178217821782
5ews_D	0.33587786259541985
5ewt_A	0.5182186234817814
5ex0_A	0.317016317016317
5ex1_C	0.17647058823529413
5ex2_A	0.14232209737827714
5ex9_A	0.10869565217391304
5exd_D	0.3680203045685279
5exe_C	0.30254777070063693
5exk_A	0.5359477124183006
5ey3_A	0.1583710407239819
5eyf_B	0.5061728395061729
5eyi_A	0.09417040358744394
5ez2_A	0.1834319526627219
5ez3_B	0.19411764705882353
5ez7_A	0.24517906336088155
5f06_A	0.323943661971831
5f0j_B	0.23529411764705882
5f0n_A	0.3352941176470588
5f0u_A	0.5076923076923077
5f15_A	0.25882352941176473
5f1p_A	0.6446280991735537
5f1q_A	0.28823529411764703
5f1s_A	0.5485436893203883
5f2k_A	0.1871508379888268
5f2t_B	0.38549618320610685
5f37_B	0.2655367231638418
5f3y_A	0.1568627450980392
5f4b_A	0.6127167630057804
5f4z_D	0.4731457800511509
5f55_A	0.3392156862745098
5f5l_A	0.5724137931034483
5f7c_C	0.1784313725490196
5f7j_B	0.3470790378006873
5f7q_E	0.4065656565656566
5f7v_A	0.4020618556701031
5f87_F	0.3232876712328767
5f8v_A	0.3106267029972752
5f9p_A	0.46887966804979253
5f9q_A	0.3422459893048128
5fag_A	0.43333333333333335
5fb5_B	0.13333333333333333
5fby_A	0.37142857142857144
5fc5_A	0.43427230046948356
5fc9_A	0.4842105263157895
5fcd_A	0.6710526315789473
5fce_B	0.5086206896551724
5fcu_G	0.1346153846153846
5ff5_A	0.3281733746130031
5ffn_A	0.4855305466237942
5ffq_A	0.5679611650485437
5fg3_A	0.27647058823529413
5fgn_A	0.3058823529411765
5fgu_A	0.048484848484848485
5fhi_A	0.3627906976744186
5fhy_A	0.10480349344978165
5fhz_F	0.22717149220489977
5fhz_G	0.24458874458874458
5fib_A	0.3941176470588235
5fid_A	0.2814814814814815
5fiq_A	0.2892561983471074
5fjd_B	0.34234234234234234
5fjl_A	0.08088235294117647
5fjn_A	0.24384787472035793
5fjw_F	0.22813688212927757
5fku_A	0.27647058823529413
5fl3_A	0.2542372881355932
5flc_2	0.0027397260273972603
5flu_K	0.2392638036809816
5flv_M	0.056768558951965066
5fly_A	0.3942652329749104
5fm5_M	0.6097560975609756
5fmv_A	0.5384615384615384
5fn0_A	0.26593406593406593
5fno_A	0.056862745098039215
5fo4_B	0.07570977917981073
5fok_A	0.37058823529411766
5foo_A	0.4319654427645788
5foy_A	0.07608695652173914
5fp1_A	0.43137254901960786
5fp2_A	0.3346693386773547
5fpz_A	0.7
5fq0_A	0.6272727272727273
5fq6_M	0.38823529411764707
5fq7_C	0.21666666666666667
5fq8_F	0.2054794520547945
5fq8_G	0.2028301886792453
5fr7_B	0.08904109589041095
5fr8_A	0.39215686274509803
5fra_A	0.30456852791878175
5frd_A	0.60546875
5fsc_A	0.2831858407079646
5fsz_A	0.32653061224489793
5ft0_A	0.08235294117647059
5ftf_A	0.2916666666666667
5ftt_A	0.49236641221374045
5ftt_F	0.6475903614457831
5ftt_G	0.2717391304347826
5ftw_A	0.4470588235294118
5ftx_A	0.3568627450980392
5fu5_A	0.358974358974359
5fuc_A	0.08552631578947369
5fui_A	0.5564516129032258
5fv5_A	0.1751412429378531
5fvj_A	0.41818181818181815
5fx8_U	0.24919093851132687
5fya_B	0.4627450980392157
5fyo_A	0.27181208053691275
5fzp_A	0.45058139534883723
5g06_J	0.16470588235294117
5g0f_A	0.12727272727272726
5g0j_A	0.3058823529411765
5g0y_B	0.4323607427055703
5g1r_G	0.41237113402061853
5g3p_A	0.4801223241590214
5g4j_A	0.3877068557919622
5g56_A	0.5078431372549019
5g5g_B	0.17405063291139242
5g5g_C	0.22549019607843138
5g5r_A	0.30327868852459017
5g5s_A	0.09215686274509804
5g5y_A	0.32793522267206476
5g6t_B	0.44904458598726116
5g6v_A	0.30844155844155846
5gai_I	0.050980392156862744
5gg6_B	0.5050847457627119
5ggi_B	0.3235294117647059
5ghu_A	0.42786069651741293
5gi0_A	0.3524590163934426
5gi4_B	0.44493392070484583
5gij_B	0.7745098039215687
5giz_A	0.46494464944649444
5gj3_A	0.45185185185185184
5gjo_A	0.4051948051948052
5gjs_A	0.059375
5gjx_B	0.4807692307692308
5gk2_A	0.37105263157894736
5gka_A	0.20948616600790515
5gka_B	0.17717717717717718
5gkm_A	0.16883116883116883
5gkv_A	0.2668463611859838
5gky_E	0.13333333333333333
5gl5_A	0.46403712296983757
5gl6_A	0.38461538461538464
5gl9_A	0.3246268656716418
5glj_A	0.2916666666666667
5glw_A	0.2014388489208633
5glx_A	0.07834101382488479
5gm6_b	0.12
5gma_E	0.5709876543209876
5gmc_A	0.4425287356321839
5gmd_A	0.2523076923076923
5gmj_B	0.20089285714285715
5gmt_A	0.3258426966292135
5gmx_A	0.2682926829268293
5gnx_A	0.41685144124168516
5got_A	0.42
5goy_A	0.14901960784313725
5gp4_A	0.32653061224489793
5gq0_A	0.5118343195266272
5gqo_B	0.3877551020408163
5gqt_A	0.3893617021276596
5gqz_A	0.4176470588235294
5grb_B	0.3443396226415094
5gro_A	0.39805825242718446
5gsm_A	0.36666666666666664
5gt1_A	0.3464052287581699
5gt5_A	0.28378378378378377
5gt7_C	0.3836477987421384
5gt9_B	0.5893536121673004
5gu5_A	0.46296296296296297
5gu6_A	0.44297082228116713
5guf_A	0.15822784810126583
5guh_A	0.2
5guj_A	0.2808641975308642
5guq_C	0.14093959731543623
5gv3_B	0.09815950920245399
5gva_A	0.5180327868852459
5gve_B	0.3212121212121212
5gvx_A	0.3601036269430052
5gvy_A	0.1103448275862069
5gw8_B	0.4160839160839161
5gwd_A	0.36401673640167365
5gwe_A	0.12345679012345678
5gwn_A	0.3981264637002342
5gwr_A	0.5679012345679012
5gwy_B	0.08524590163934426
5gx6_A	0.31856540084388185
5gxd_A	0.47843137254901963
5gxe_A	0.48036253776435045
5gxx_A	0.27450980392156865
5gy2_C	0.07692307692307693
5gyd_C	0.10964912280701754
5gyn_A	0.5084745762711864
5gyq_A	0.10650887573964497
5gyy_B	0.0962962962962963
5gza_A	0.2827586206896552
5gzs_A	0.41435185185185186
5h02_A	0.6031746031746031
5h06_B	0.4468937875751503
5h10_C	0.21025641025641026
5h1a_B	0.3292181069958848
5h1j_A	0.4725490196078431
5h1w_A	0.6074074074074074
5h1y_B	0.34285714285714286
5h2d_A	0.03349282296650718
5h34_B	0.20535714285714285
5h36_E	0.17525773195876287
5h3h_B	0.6617100371747212
5h3k_A	0.14313725490196078
5h3w_B	0.12449799196787148
5h3x_A	0.0749063670411985
5h42_B	0.06274509803921569
5h45_B	0.12738853503184713
5h4e_A	0.088
5h4s_A	0.15845070422535212
5h5l_B	0.33668341708542715
5h5t_A	0.05612244897959184
5h5v_C	0.07865168539325842
5h5x_C	0.6070038910505836
5h60_A	0.1611842105263158
5h64_B	0.054901960784313725
5h69_A	0.1111111111111111
5h6i_A	0.14418604651162792
5h6n_A	0.04526748971193416
5h6t_B	0.24843423799582465
5h75_D	0.4577777777777778
5h7d_A	0.3717171717171717
5h7v_A	0.221875
5h7x_E	0.5146198830409356
5h8l_C	0.4950166112956811
5h8w_A	0.2529411764705882
5h92_B	0.19019607843137254
5h9i_A	0.2708333333333333
5ha8_A	0.5542857142857143
5has_A	0.28083989501312334
5hb6_B	0.06993006993006994
5hb7_A	0.328
5hba_A	0.48872180451127817
5hbf_B	0.45176470588235296
5hbh_B	0.040740740740740744
5hc1_D	0.09545454545454546
5hc3_A	0.5436046511627907
5hc8_A	0.19915254237288135
5hca_A	0.32706766917293234
5hcc_C	0.04054054054054054
5hcy_A	0.39403973509933776
5hd2_A	0.07142857142857142
5hdf_B	0.565625
5hdi_A	0.11083123425692695
5hdw_A	0.24427480916030533
5hec_A	0.5760869565217391
5hee_A	0.3435114503816794
5hev_C	0.5619047619047619
5hfk_A	0.30434782608695654
5hft_A	0.07540983606557378
5hgc_A	0.02680965147453083
5hgz_A	0.4881516587677725
5hh7_A	0.11979166666666667
5hh9_A	0.41025641025641024
5hic_A	0.40397350993377484
5hih_A	0.2754491017964072
5hiu_A	0.4643734643734644
5hiw_A	0.10741687979539642
5hj5_B	0.4044943820224719
5hjf_D	0.3675675675675676
5hji_A	0.3982808022922636
5hjn_A	0.10714285714285714
5hk8_A	0.5508474576271186
5hkc_A	0.34210526315789475
5hki_A	0.48
5hl3_A	0.37359550561797755
5hlb_A	0.1
5hm2_A	0.1691542288557214
5hmb_A	0.552
5hmq_D	0.48627450980392156
5hn3_A	0.3674698795180723
5hno_B	0.49404761904761907
5ho1_A	0.5465116279069767
5hoe_A	0.6465116279069767
5hos_A	0.5379746835443038
5hp5_A	0.22549019607843138
5hpn_A	0.4942528735632184
5hqc_A	0.24901960784313726
5hqg_A	0.5123456790123457
5hqh_A	0.25
5hqj_A	0.6782006920415224
5hqw_A	0.3832752613240418
5hr4_J	0.30392156862745096
5hsa_A	0.15098039215686274
5hsg_A	0.7052631578947368
5hsj_A	0.22745098039215686
5hsq_A	0.2930327868852459
5ht6_A	0.25203252032520324
5ht7_A	0.2073170731707317
5hu4_A	0.3310344827586207
5hu7_A	0.1724137931034483
5hup_A	0.2
5huq_A	0.2979214780600462
5hus_A	0.17064846416382254
5huu_A	0.5628997867803838
5hux_A	0.23776223776223776
5hv1_A	0.12745098039215685
5hvk_A	0.3926174496644295
5hw3_A	0.29739776951672864
5hw4_A	0.3991228070175439
5hwf_A	0.4491017964071856
5hwq_A	0.33253588516746413
5hws_C	0.38943894389438943
5hwy_A	0.09
5hx2_A	0.30196078431372547
5hx2_B	0.1377245508982036
5hy0_C	0.0989010989010989
5hyc_A	0.12307692307692308
5hyh_A	0.18815331010452963
5hyx_B	0.8372549019607843
5hyz_A	0.39502762430939226
5hz2_A	0.44072164948453607
5hzd_A	0.09453781512605042
5hzf_A	0.4079601990049751
5hzi_A	0.19747899159663865
5hzl_B	0.42857142857142855
5i0d_A	0.28627450980392155
5i0g_B	0.33725490196078434
5i0i_A	0.07450980392156863
5i0n_A	0.1083844580777096
5i1u_A	0.13
5i20_E	0.30927835051546393
5i25_A	0.17647058823529413
5i2a_B	0.10196078431372549
5i2d_G	0.517948717948718
5i32_A	0.15126050420168066
5i3e_B	0.12931034482758622
5i4e_A	0.06862745098039216
5i5k_B	0.5
5i5n_A	0.13970588235294118
5i61_A	0.00784313725490196
5i65_A	0.04
5i87_A	0.00392156862745098
5i87_B	0.00392156862745098
5i8s_A	0.3743016759776536
5i99_A	0.6507537688442211
5i9j_A	0.3317757009345794
5iai_A	0.43107769423558895
5iaz_A	0.2457627118644068
5ibv_A	0.12654320987654322
5ibz_B	0.288961038961039
5ic5_A	0.5180722891566265
5icc_A	0.42613636363636365
5icq_A	0.25098039215686274
5icu_A	0.5196078431372549
5idj_A	0.47107438016528924
5idu_C	0.2271604938271605
5idy_B	0.625
5if3_A	0.5092592592592593
5if9_A	0.5139442231075697
5ifw_A	0.2568306010928962
5ig9_A	0.3793103448275862
5igo_C	0.5232198142414861
5ihs_A	0.5130718954248366
5ijt_H	0.5089820359281437
5ijt_I	0.4913294797687861
5ijw_B	0.572463768115942
5ik6_A	0.08431372549019608
5iki_B	0.13032581453634084
5ikj_A	0.06919642857142858
5ikl_B	0.3431372549019608
5il0_A	0.38388625592417064
5il1_B	0.3894736842105263
5il5_B	0.23735408560311283
5il6_B	0.26618705035971224
5ila_A	0.415
5ilg_A	0.6490566037735849
5im2_A	0.3167701863354037
5im3_A	0.07450980392156863
5imh_D	0.05353319057815846
5imm_A	0.5
5imu_A	0.0967741935483871
5imy_A	0.10970464135021098
5int_B	0.6161616161616161
5inw_A	0.056716417910447764
5iob_G	0.43653250773993807
5ioj_B	0.4505050505050505
5ioo_A	0.10047846889952153
5iov_B	0.3803921568627451
5ipw_A	0.26862745098039215
5ipx_A	0.05673758865248227
5iqj_A	0.24427480916030533
5iqk_B	0.4666666666666667
5ir2_A	0.26576576576576577
5ir6_A	0.125
5ir6_B	0.0696969696969697
5irm_C	0.22156862745098038
5irr_B	0.39501779359430605
5isv_A	0.5641025641025641
5itg_A	0.2024793388429752
5itq_A	0.09090909090909091
5its_D	0.5
5itw_A	0.6313725490196078
5iuy_C	0.4057649667405765
5iv5_t	0.24479166666666666
5iv5_u	0.13529411764705881
5ivl_B	0.4019370460048426
5ivu_B	0.22727272727272727
5iwd_A	0.06896551724137931
5iwe_A	0.22939068100358423
5iwz_A	0.26344086021505375
5ix3_A	0.5301204819277109
5ix9_A	0.39473684210526316
5ixg_B	0.30177514792899407
5ixh_B	0.2981366459627329
5ixo_A	0.7647058823529411
5ixp_A	0.3816793893129771
5iy8_C	0.05454545454545454
5iy8_E	0.3142857142857143
5iy8_H	0.07333333333333333
5iz3_A	0.1550632911392405
5iz4_A	0.6518218623481782
5iz5_A	0.22745098039215686
5izd_A	0.23481781376518218
5izo_B	0.41875
5j06_B	0.5674418604651162
5j0a_B	0.2607260726072607
5j11_C	0.5210526315789473
5j12_A	0.10236220472440945
5j1d_A	0.10991957104557641
5j1i_A	0.07780979827089338
5j1l_B	0.3516483516483517
5j1m_A	0.35542168674698793
5j1t_B	0.09361702127659574
5j32_A	0.37398373983739835
5j37_C	0.06310679611650485
5j3b_B	0.18435754189944134
5j3e_A	0.06395348837209303
5j3u_A	0.5172413793103449
5j44_A	0.14901960784313725
5j49_A	0.4657534246575342
5j4g_A	0.7171717171717171
5j4z_F	0.02097902097902098
5j5g_B	0.07339449541284404
5j5l_A	0.14473684210526316
5j5u_B	0.22123893805309736
5j5z_B	0.2842323651452282
5j67_C	0.23333333333333334
5j6f_A	0.48295454545454547
5j6p_B	0.11764705882352941
5j6q_A	0.20588235294117646
5j6r_B	0.016826923076923076
5j72_A	0.3058823529411765
5j7o_F	0.00980392156862745
5j7r_B	0.30201342281879195
5j7t_A	0.12352941176470589
5j7y_B	0.03896103896103896
5j7y_S	0.075
5j7y_Y	0.003105590062111801
5j85_A	0.307843137254902
5j8b_z	0.35490196078431374
5j8k_G	0.03137254901960784
5j8k_L	0.013725490196078431
5j8k_M	0.008791208791208791
5j8k_N	0.0
5j98_A	0.1626984126984127
5j98_B	0.15384615384615385
5j98_C	0.12949640287769784
5j9s_A	0.09333333333333334
5j9u_E	0.24232081911262798
5ja2_A	0.2647058823529412
5jab_A	0.4740740740740741
5jb2_A	0.3941176470588235
5jca_L	0.39278131634819535
5jce_B	0.3400673400673401
5jd4_A	0.6056782334384858
5jd5_B	0.5880503144654088
5jd6_A	0.6301369863013698
5jda_A	0.1615598885793872
5jdd_A	0.596958174904943
5je1_A	0.5942622950819673
5je8_B	0.45918367346938777
5jea_D	0.13392857142857142
5jea_I	0.08085106382978724
5jfm_B	0.21238938053097345
5jgw_A	0.4267515923566879
5jh5_A	0.6928838951310862
5jh8_A	0.5457413249211357
5jh9_B	0.1320754716981132
5jhe_A	0.31958762886597936
5jho_A	0.1510204081632653
5jhq_D	0.6781857451403888
5jig_A	0.211864406779661
5jir_A	0.27602905569007263
5jis_C	0.36578171091445427
5jiz_A	0.45695364238410596
5jj5_A	0.4448051948051948
5jk5_A	0.14
5jk9_A	0.2821576763485477
5jkj_A	0.47297297297297297
5jkq_B	0.3546099290780142
5jlb_A	0.1532258064516129
5jld_A	0.13137254901960785
5jm6_A	0.09213483146067415
5jm8_A	0.06470588235294118
5jma_A	0.47474747474747475
5jmb_A	0.2857142857142857
5jmd_A	0.20784313725490197
5jn8_C	0.09848484848484848
5jne_A	0.1737891737891738
5jnm_A	0.3713527851458886
5jnq_A	0.10749185667752444
5jo9_A	0.6485355648535565
5joz_A	0.3510848126232742
5jp0_A	0.43333333333333335
5jp3_A	0.11219512195121951
5jpm_A	0.5176470588235295
5jpn_C	0.1206896551724138
5jpo_A	0.3287037037037037
5jpq_H	0.01749271137026239
5jpq_m	0.003236245954692557
5jpw_A	0.18181818181818182
5jqc_A	0.20161290322580644
5jqk_A	0.1
5jqm_C	0.13559322033898305
5jrk_A	0.3333333333333333
5js6_A	0.5970149253731343
5jsy_A	0.26501766784452296
5jt8_B	0.2532051282051282
5jto_A	0.18064516129032257
5jug_A	0.08928571428571429
5juh_A	0.18248175182481752
5juy_B	0.2725490196078431
5jv4_A	0.22535211267605634
5jvg_H	0.20149253731343283
5jvk_A	0.5224489795918368
5jwg_A	0.049019607843137254
5jwy_A	0.13513513513513514
5jx8_A	0.18061674008810572
5jxl_A	0.07647058823529412
5jy1_A	0.575187969924812
5jy5_A	0.5714285714285714
5jy7_B	0.2725490196078431
5jy9_B	0.0589622641509434
5jyb_A	0.436046511627907
5jym_B	0.47555555555555556
5jyu_A	0.5811965811965812
5jyx_B	0.2018348623853211
5jz9_A	0.6197183098591549
5jze_A	0.0880503144654088
5jzg_C	0.07260726072607261
5jzv_A	0.44
5jzx_A	0.15384615384615385
5k1c_C	0.39803439803439805
5k1s_A	0.4720670391061452
5k2x_A	0.36231884057971014
5k39_A	0.30538922155688625
5k3j_A	0.11960784313725491
5k3w_A	0.15771812080536912
5k59_B	0.10580204778156997
5k5a_B	0.29850746268656714
5k5w_B	0.10176991150442478
5k5x_A	0.3536231884057971
5k5z_D	0.34076433121019106
5k6k_B	0.11864406779661017
5k78_B	0.4928774928774929
5k79_A	0.1111111111111111
5k7v_A	0.11469534050179211
5k7x_A	0.14540059347181009
5k8g_A	0.23529411764705882
5k8k_A	0.4767932489451477
5k9a_A	0.2837209302325581
5k9h_A	0.4235294117647059
5k9z_B	0.6278195488721805
5kak_E	0.4666666666666667
5kas_A	0.4223300970873786
5kau_A	0.45454545454545453
5kbc_B	0.38974358974358975
5kbe_B	0.043689320388349516
5kbf_A	0.46099290780141844
5kbk_A	0.15286624203821655
5kbw_B	0.2573099415204678
5kca_A	0.3333333333333333
5kck_A	0.06896551724137931
5kd2_A	0.14313725490196078
5kda_A	0.0525
5kdm_D	0.016666666666666666
5kdp_C	0.08627450980392157
5kdv_A	0.27450980392156865
5ke1_A	0.33540372670807456
5keh_A	0.07851239669421488
5kej_A	0.3108108108108108
5ket_A	0.4481707317073171
5keu_B	0.2357142857142857
5kf9_A	0.5078864353312302
5khl_B	0.4474708171206226
5kia_A	0.45427728613569324
5kiv_A	0.3320610687022901
5kja_A	0.3091286307053942
5kkg_A	0.20044543429844097
5kkl_A	0.35343035343035345
5kkp_A	0.06483300589390963
5kkw_A	0.47257383966244726
5klh_A	0.16289592760180996
5klq_A	0.08024691358024691
5kmy_A	0.48091603053435117
5knn_A	0.15333333333333332
5kol_A	0.4161849710982659
5kpv_33	0.15490196078431373
5kqb_A	0.4
5kqj_A	0.3081081081081081
5kre_A	0.59375
5ks7_A	0.3170731707317073
5ks8_C	0.4215686274509804
5ksd_A	0.11960784313725491
5kte_H	0.4976303317535545
5ktk_A	0.5199115044247787
5kuc_A	0.03233830845771144
5kut_A	0.49162011173184356
5kva_B	0.5657894736842105
5kvp_A	0.3710691823899371
5kwe_A	0.5882352941176471
5kwy_C	0.46616541353383456
5kxf_A	0.15447154471544716
5kyh_H	0.13636363636363635
5kym_A	0.34024896265560167
5kyw_A	0.3686274509803922
5kzf_K	0.2991967871485944
5kzl_A	0.03902439024390244
5kzt_B	0.2784313725490196
5l09_B	0.35365853658536583
5l0l_A	0.05116279069767442
5l0z_A	0.4580152671755725
5l10_A	0.37790697674418605
5l19_A	0.49333333333333335
5l1n_B	0.3476297968397291
5l1t_A	0.09319899244332494
5l22_B	0.31176470588235294
5l25_A	0.010025062656641603
5l2h_B	0.6122448979591837
5l2p_A	0.6013071895424836
5l2q_D	0.3843537414965986
5l2x_A	0.08856088560885608
5l37_C	0.16279069767441862
5l3t_B	0.17362637362637362
5l3w_A	0.40404040404040403
5l4k_V	0.21843003412969283
5l4k_W	0.5459183673469388
5l4s_A	0.5
5l54_O	0.08
5l59_A	0.13725490196078433
5l6m_J	0.48031496062992124
5l73_A	0.5402298850574713
5l7o_C	0.13768115942028986
5l7r_A	0.2607843137254902
5l84_A	0.32342007434944237
5l8s_D	0.44313725490196076
5l8x_A	0.25
5l9a_A	0.6074766355140186
5l9p_B	0.391812865497076
5l9s_A	0.39263803680981596
5l9w_A	0.14901960784313725
5l9w_b	0.20588235294117646
5la7_A	0.39763779527559057
5lak_C	0.12871287128712872
5lal_B	0.2129032258064516
5lam_A	0.4351851851851852
5lb9_A	0.4383561643835616
5lbd_A	0.11304347826086956
5lbk_A	0.15966386554621848
5lbp_A	0.4387755102040816
5ld2_D	0.22745098039215686
5lda_A	0.4307692307692308
5ldd_F	0.4620253164556962
5ldp_A	0.36
5ldr_A	0.4549019607843137
5ldt_B	0.369727047146402
5ldw_G	0.12549019607843137
5ldy_B	0.40412979351032446
5lej_B	0.4641350210970464
5lem_A	0.659375
5lf2_A	0.3973509933774834
5lf8_A	0.35968379446640314
5lg9_A	0.16025641025641027
5lgd_A	0.0775
5lh9_D	0.35412026726057905
5lhd_C	0.24901960784313726
5lhf_B	0.46411483253588515
5lhk_A	0.09230769230769231
5lhu_A	0.45422535211267606
5li2_F	0.08899297423887588
5lie_B	0.13602015113350127
5liv_A	0.12090680100755667
5ljl_A	0.7414965986394558
5ljm_A	0.04926108374384237
5ljw_A	0.35347432024169184
5lkd_A	0.16477272727272727
5lkm_A	0.4128205128205128
5llw_B	0.23137254901960785
5lmc_A	0.5260545905707196
5lnc_A	0.35714285714285715
5lne_B	0.16666666666666666
5lnm_A	0.5933333333333334
5lo7_B	0.40476190476190477
5lo9_A	0.27176220806794055
5loi_A	0.2557544757033248
5lom_B	0.464
5lp2_A	0.11666666666666667
5lp5_A	0.19411764705882353
5lp5_C	0.15286624203821655
5lp7_D	0.39896373056994816
5lpc_A	0.047058823529411764
5lpe_A	0.3284313725490196
5lq4_B	0.1956989247311828
5lq7_A	0.043689320388349516
5lqd_D	0.49440715883668906
5lrv_A	0.0979020979020979
5ls7_B	0.5625
5lsf_A	0.0823045267489712
5lst_A	0.3392156862745098
5lth_A	0.10778443113772455
5ltv_D	0.30973451327433627
5lu3_A	0.22727272727272727
5luf_B	0.06293706293706294
5luf_F	0.029197080291970802
5luf_G	0.03137254901960784
5luf_I	0.037037037037037035
5luf_N	0.015337423312883436
5luf_P	0.08333333333333333
5lvc_c	0.13452914798206278
5lvf_A	0.2676056338028169
5lvy_A	0.5454545454545454
5lw0_B	0.22549019607843138
5lw6_A	0.28054298642533937
5lwa_A	0.12837837837837837
5lwe_B	0.11578947368421053
5lwg_A	0.0625
5lwx_A	0.3803921568627451
5lx1_A	0.3743455497382199
5lxf_B	0.08053691275167785
5lxk_A	0.5520833333333334
5lxv_C	0.32947976878612717
5ly8_A	0.12608695652173912
5ly9_A	0.024456521739130436
5lz1_A	0.15602836879432624
5lzl_D	0.4791666666666667
5lzz_ii	0.24731182795698925
5m00_G	0.44385026737967914
5m0a_A	0.627906976744186
5m0p_A	0.10613207547169812
5m0t_A	0.24738675958188153
5m11_A	0.4019607843137255
5m1h_A	0.18888888888888888
5m1j_A6	0.3509803921568627
5m1x_D	0.22556390977443608
5m21_H	0.27627627627627627
5m2u_B	0.06542056074766354
5m3e_A	0.4144736842105263
5m41_A	0.0392156862745098
5m43_A	0.42857142857142855
5m4d_A	0.38496583143507973
5m4o_E	0.4431137724550898
5m4s_A	0.10047846889952153
5m4v_A	0.22807017543859648
5m59_H	0.0749063670411985
5m5j_B	0.44551282051282054
5m5w_B	0.056862745098039215
5m60_A	0.5098039215686274
5m6g_A	0.40588235294117647
5m6q_A	0.08444444444444445
5m7h_A	0.47268408551068886
5m7o_A	0.43526785714285715
5m85_A	0.4591194968553459
5m86_A	0.07476635514018691
5m89_B	0.5379939209726444
5m8q_C	0.026905829596412557
5m99_A	0.3438735177865613
5m9f_A	0.21226415094339623
5m9n_A	0.14356435643564355
5mac_A	0.3107822410147992
5mbx_A	0.24152542372881355
5mc1_B	0.24329896907216494
5mc9_A	0.2196078431372549
5mcp_F	0.2046783625730994
5mdh_B	0.3333333333333333
5mdn_A	0.22941176470588234
5mdq_A	0.3657142857142857
5me3_A	0.2235294117647059
5me7_C	0.09340659340659341
5mef_A	0.0784313725490196
5meh_A	0.3219178082191781
5mg3_D	0.1473429951690821
5mg3_F	0.23875432525951557
5mg3_Y	0.056433408577878104
5mgs_H	0.17829457364341086
5mgu_A	0.16461916461916462
5mgx_G	0.4849624060150376
5mgy_H	0.12025316455696203
5mgz_A	0.6826086956521739
5mh3_A	0.11888111888111888
5mha_A	0.4837662337662338
5mhf_D	0.13333333333333333
5mhs_E	0.4095238095238095
5mht_A	0.38837920489296635
5mhw_A	0.3587174348697395
5mif_A	0.6059602649006622
5min_B	0.4216335540838852
5mio_C	0.3270440251572327
5miy_A	0.1889763779527559
5mj7_A	0.4720496894409938
5mjy_B	0.2853185595567867
5mk9_A	0.38095238095238093
5mld_A	0.5277777777777778
5mlf_A	0.09359605911330049
5mlg_A	0.19505494505494506
5mlp_A	0.1803921568627451
5mlq_A	0.24778761061946902
5mlz_A	0.49295774647887325
5mm2_A	0.04395604395604396
5mm2_B	0.016597510373443983
5mmh_A	0.5097087378640777
5mmi_D	0.09049773755656108
5mmi_E	0.0330188679245283
5mmi_F	0.07772020725388601
5mmi_I	0.21897810218978103
5mmj_b	0.1888412017167382
5mmj_f	0.5663716814159292
5mmj_i	0.1875
5mmm_T	0.29651162790697677
5mmm_y	0.3879310344827586
5mnt_B	0.047505938242280284
5mog_B	0.25
5mp4_A	0.467005076142132
5mp9_m	0.13063063063063063
5mpb_W	0.5177664974619289
5mpc_8	0.10126582278481013
5mpi_A	0.14634146341463414
5mpo_B	0.40476190476190477
5mpt_A	0.44591029023746703
5mq3_AK	0.6211180124223602
5mq6_A	0.22941176470588234
5mqc_A	0.09642857142857143
5mqc_B	0.18614718614718614
5mqc_C	0.07307692307692308
5mqf_F	0.495114006514658
5mqo_A	0.28627450980392155
5mqp_E	0.4372549019607843
5mqz_A	0.21254355400696864
5mqz_B	0.21678321678321677
5mr3_B	0.11965811965811966
5mr6_T	0.23737373737373738
5mrc_JJ	0.021505376344086023
5mrc_d	0.14563106796116504
5mre_1	0.14367816091954022
5mre_D	0.04365079365079365
5mre_E	0.145985401459854
5mri_A	0.2549019607843137
5msz_A	0.3487179487179487
5mt2_A	0.2869318181818182
5mtd_A	0.1386861313868613
5mtz_A	0.17058823529411765
5mu4_A	0.2193877551020408
5muf_A	0.46190476190476193
5mun_A	0.038461538461538464
5mus_B	0.10975609756097561
5mv0_B	0.21359223300970873
5mv5_B	0.148
5mv7_A	0.12778904665314403
5mv9_B	0.275
5mwl_A	0.03800475059382423
5mx0_B	0.6078431372549019
5mxc_A	0.23003194888178913
5mxp_A	0.5578231292517006
5my1_Y	0.06862745098039216
5my3_A	0.06796116504854369
5my4_B	0.46543778801843316
5my5_A	0.504
5myi_D	0.1696969696969697
5myj_BP	0.12686567164179105
5myp_A	0.2556701030927835
5mz4_A	0.3156862745098039
5mzf_B	0.4817073170731707
5mzh_B	0.5132530120481927
5mzn_A	0.23529411764705882
5mzy_B	0.39344262295081966
5n06_A	0.44086021505376344
5n0c_A	0.06666666666666667
5n0s_B	0.23267326732673269
5n1t_M	0.3225806451612903
5n2b_A	0.2620689655172414
5n2i_A	0.5955555555555555
5n2s_A	0.20887728459530025
5n2u_D	0.04831932773109244
5n3u_A	0.575187969924812
5n3u_B	0.5117647058823529
5n40_A	0.41761363636363635
5n47_A	0.1
5n4k_A	0.07692307692307693
5n5p_A	0.5797101449275363
5n5p_B	0.10344827586206896
5n6n_C	0.11372549019607843
5n6u_A	0.45294117647058824
5n77_A	0.12062256809338522
5n80_A	0.5446927374301676
5n83_C	0.19387755102040816
5n86_B	0.05714285714285714
5n9d_B	0.3588235294117647
5n9j_Y	0.021621621621621623
5n9y_B	0.1529051987767584
5n9z_I	0.08633093525179857
5na4_A	0.4045226130653266
5na8_A	0.08627450980392157
5naf_A	0.5909090909090909
5nb9_A	0.18045112781954886
5nbp_A	0.24050632911392406
5ncc_A	0.12549019607843137
5ncm_A	0.0546448087431694
5nco_i	0.36666666666666664
5ncr_B	0.2988505747126437
5ncs_A	0.03208556149732621
5nd1_A	0.06274509803921569
5nd1_B	0.06274509803921569
5ndc_B	0.4491017964071856
5ndx_A	0.3764705882352941
5nek_B	0.5242718446601942
5nf3_A	0.13883299798792756
5nf4_A	0.25084745762711863
5nfi_B	0.2924187725631769
5nfq_A	0.5637583892617449
5nfr_A	0.4185303514376997
5nfy_N	0.06015037593984962
5ngh_A	0.14814814814814814
5ngo_A	0.07303370786516854
5nii_B	0.4161073825503356
5nik_D	0.4676470588235294
5nj2_A	0.3088235294117647
5nj9_C	0.10416666666666667
5njb_D	0.10337078651685393
5njl_A	0.1103448275862069
5njo_A	0.48760330578512395
5njx_A	0.4794188861985472
5nkm_D	0.24714828897338403
5nkm_E	0.1168091168091168
5nl8_A	0.07650273224043716
5nla_A	0.3800738007380074
5nmp_A	0.3132075471698113
5nmx_D	0.24205378973105135
5nmz_A	0.0594059405940594
5nnl_B	0.2894736842105263
5nns_A	0.3111111111111111
5nny_B	0.165625
5no5_A	0.4813753581661891
5no7_A	0.06474820143884892
5noa_A	0.3926553672316384
5nod_A	0.18666666666666668
5nok_B	0.3509803921568627
5np0_A	0.045098039215686274
5np9_A	0.2894736842105263
5npl_A	0.3370165745856354
5npw_C	0.1455223880597015
5nq2_B	0.49
5nqg_A	0.08115183246073299
5nr1_A	0.35398230088495575
5nri_A	0.40514469453376206
5nrk_A	0.46153846153846156
5nrn_B	0.4549763033175355
5ntb_A	0.3
5nth_A	0.08627450980392157
5ntt_A	0.33212996389891697
5ntu_A	0.2305194805194805
5nus_A	0.16587677725118483
5nuv_A	0.5614617940199336
5nuz_C	0.08450704225352113
5nv6_A	0.16666666666666666
5nv9_A	0.11666666666666667
5nvs_C	0.002857142857142857
5nvu_H	0.0
5nw4_a	0.0
5nw4_b	0.00980392156862745
5nw5_A	0.24313725490196078
5nws_A	0.11139240506329114
5nx4_A	0.03754266211604096
5nxa_H	0.09433962264150944
5nxb_A	0.3588235294117647
5ny0_A	0.5743440233236151
5nyp_A	0.08450704225352113
5nzz_D	0.2559366754617414
5o0o_B	0.694006309148265
5o0x_A	0.4099616858237548
5o0y_A	0.3611111111111111
5o15_A	0.35986159169550175
5o1l_A	0.06666666666666667
5o1n_A	0.26244343891402716
5o2c_A	0.3179347826086957
5o2k_A	0.5526315789473685
5o2w_A	0.24193548387096775
5o31_P	0.04946996466431095
5o34_A	0.4019138755980861
5o3m_A	0.10547667342799188
5o3z_F	0.61003861003861
5o46_A	0.09649122807017543
5o4n_A	0.2840909090909091
5o5c_B	0.38461538461538464
5o5e_A	0.11811023622047244
5o5u_A	0.34705882352941175
5o60_D	0.03271028037383177
5o63_B	0.12422360248447205
5o65_B	0.42905405405405406
5o6b_A	0.21568627450980393
5o6f_A	0.4268292682926829
5o6u_B	0.06593406593406594
5o7h_F	0.03571428571428571
5o7j_A	0.16
5o7y_A	0.22625698324022347
5o95_B	0.430327868852459
5o9f_A	0.45664739884393063
5oa3_0	0.0918580375782881
5oac_A	0.1032258064516129
5oak_A	0.3111111111111111
5oar_D	0.321285140562249
5obn_A	0.36764705882352944
5oc2_A	0.2743764172335601
5ocd_A	0.15486725663716813
5och_E	0.2627450980392157
5ocm_A	0.43448275862068964
5ocq_B	0.27598566308243727
5ocr_B	0.2446043165467626
5ocs_B	0.5013477088948787
5ocw_A	0.5252918287937743
5ode_A	0.37037037037037035
5odh_E	0.3523489932885906
5odh_J	0.5
5odj_A	0.21787709497206703
5odo_B	0.1607843137254902
5oe3_A	0.4365482233502538
5oe9_C	0.37349397590361444
5oed_A	0.23076923076923078
5oet_B	0.13333333333333333
5oeu_A	0.08478260869565217
5oey_C	0.18404907975460122
5ofl_A	0.5398230088495575
5ofx_H	0.35537190082644626
5oge_G	0.22549019607843138
5ogl_A	0.1803921568627451
5ogx_A	0.4264264264264264
5oi9_A	0.12312312312312312
5oj2_B	0.503921568627451
5oj3_A	0.3695652173913043
5oj7_A	0.2972027972027972
5ojg_A	0.6230769230769231
5ok6_A	0.2968036529680365
5oku_A	0.47157190635451507
5ol5_A	0.05714285714285714
5ol6_A	0.04827586206896552
5ola_A	0.07547169811320754
5olc_A	0.46438746438746437
5olk_A	0.18227848101265823
5olp_A	0.6550925925925926
5olt_A	0.2819843342036554
5olu_A	0.5161290322580645
5onl_A	0.24752475247524752
5onu_A	0.25625
5oon_A	0.1
5ooo_A	0.04216867469879518
5opf_A	0.24742268041237114
5opi_C	0.4457831325301205
5opq_A	0.23333333333333334
5opz_B	0.3609022556390977
5oq2_A	0.5527777777777778
5oql_R	0.47107438016528924
5or3_B	0.0456989247311828
5ore_A	0.5210727969348659
5ot1_A	0.3607843137254902
5otf_A	0.30170316301703165
5ov5_A	0.3448275862068966
5ovk_A	0.6363636363636364
5ovo_A	0.17288135593220338
5ovs_K	0.0855614973262032
5ovu_A	0.08064516129032258
5ovw_A	0.46938775510204084
5ovz_A	0.5173745173745173
5ow0_A	0.3801369863013699
5ow3_C	0.21524663677130046
5ow4_A	0.03375527426160337
5own_A	0.09830508474576272
5oxf_A	0.24705882352941178
5oxp_A	0.3051948051948052
5oxt_A	0.05198776758409786
5oyh_L	0.4648648648648649
5oyj_C	0.5695067264573991
5oyn_A	0.2803921568627451
5oyp_B	0.19665271966527198
5oyp_C	0.08058608058608059
5prn_A	0.21453287197231835
5q1x_A	0.21700879765395895
5qhk_A	0.38461538461538464
5qi1_A	0.3956043956043956
5qoz_A	0.4161073825503356
5r1r_A	0.058823529411764705
5rad_B	0.09883720930232558
5sct_A	0.3468208092485549
5sd6_A	0.37967914438502676
5ssz_A	0.22302158273381295
5suh_A	0.4411764705882353
5sv2_A	0.2740740740740741
5sv5_A	0.6761904761904762
5sv6_A	0.46747967479674796
5sv9_A	0.02100840336134454
5swb_A	0.3590308370044053
5swc_A	0.27802690582959644
5swu_A	0.4302788844621514
5swv_C	0.49411764705882355
5sy4_A	0.5076923076923077
5syd_B	0.2748091603053435
5szn_A	0.4843137254901961
5t09_A	0.35944700460829493
5t0z_A	0.44936708860759494
5t11_B	0.6170212765957447
5t13_A	0.125
5t17_A	0.4117647058823529
5t1o_B	0.09803921568627451
5t1p_D	0.3719512195121951
5t2a_Y	0.15037593984962405
5t2u_A	0.6224066390041494
5t3b_A	0.3406113537117904
5t3p_C	0.38461538461538464
5t3u_A	0.47794117647058826
5t43_A	0.14556962025316456
5t4m_A	0.43804034582132567
5t57_A	0.37681159420289856
5t5d_A	0.31333333333333335
5t5i_J	0.22041763341067286
5t5i_K	0.17472118959107807
5t5i_L	0.14615384615384616
5t5i_P	0.2716049382716049
5t5q_C	0.636734693877551
5t61_S	0.2647058823529412
5t61_p	0.15517241379310345
5t64_A	0.5246305418719212
5t69_A	0.38380281690140844
5t76_A	0.20192307692307693
5t7j_A	0.1459227467811159
5t81_A	0.23856858846918488
5t86_I	0.13821138211382114
5t89_Y	0.5549019607843138
5t8v_A	0.1450980392156863
5t96_B	0.24545454545454545
5t9a_B	0.44901960784313727
5t9c_E	0.4714828897338403
5t9f_B	0.42292490118577075
5t9j_B	0.13810741687979539
5ta1_A	0.4196078431372549
5ta8_A	0.3197278911564626
5tbf_A	0.20714285714285716
5tbk_I	0.41766109785202865
5tcb_A	0.4150197628458498
5tch_H	0.33251231527093594
5te9_A	0.5182481751824818
5ted_B	0.5857142857142857
5teu_B	0.4406779661016949
5tf2_A	0.4970414201183432
5tfm_A	0.51875
5tfq_A	0.3574007220216607
5tfy_D	0.38414634146341464
5tg0_A	0.5328467153284672
5tg5_A	0.19591836734693877
5tgc_D	0.2219626168224299
5tge_A	0.3526315789473684
5th5_A	0.38589211618257263
5thk_G	0.5886792452830188
5thq_B	0.652
5thz_B	0.45219638242894056
5tif_A	0.6263736263736264
5tjj_A	0.38188976377952755
5tkm_A	0.3858695652173913
5tkw_A	0.11864406779661017
5tl4_A	0.17787418655097614
5tls_A	0.31451612903225806
5tma_A	0.4627450980392157
5tmb_A	0.41019955654101997
5tmp_A	0.38571428571428573
5tnv_A	0.6013071895424836
5tnx_A	0.44594594594594594
5to3_B	0.22615803814713897
5tod_D	0.08280254777070063
5tos_A	0.34285714285714286
5tp4_B	0.29584352078239606
5tpk_A	0.5445544554455446
5tpr_A	0.2725
5tqj_A	0.5161290322580645
5tr1_A	0.09411764705882353
5trd_A	0.2237442922374429
5trq_A	0.3462897526501767
5tse_A	0.39705882352941174
5tt0_A	0.6417322834645669
5tt6_A	0.13866666666666666
5tta_A	0.08450704225352113
5tu5_A	0.09764309764309764
5tub_A	0.0626865671641791
5tug_A	0.46956521739130436
5tug_B	0.4846153846153846
5tuo_E	0.08771929824561403
5tv6_A	0.10460251046025104
5tvk_B	0.4669421487603306
5tvm_E	0.15202702702702703
5tvn_A	0.1450381679389313
5tvz_A	0.6213592233009708
5tw7_C	0.4329268292682927
5twa_A	0.062111801242236024
5tx1_N	0.07610993657505286
5tx7_A	0.46439628482972134
5txc_A	0.38235294117647056
5txf_A	0.30423280423280424
5txk_A	0.07255520504731862
5txr_A	0.35490605427974947
5txu_A	0.07017543859649122
5tz5_A	0.28113879003558717
5tz6_A	0.32413793103448274
5tz8_A	0.4568627450980392
5tzb_C	0.10422535211267606
5tzn_G	0.05555555555555555
5tzs_R	0.03529411764705882
5tzs_Y	0.013725490196078431
5tzs_i	0.0
5tzy_A	0.15550239234449761
5u07_E	0.08174386920980926
5u0h_A	0.2901960784313726
5u0l_A	0.2336065573770492
5u1e_A	0.4485981308411215
5u1h_C	0.4796747967479675
5u1s_A	0.18235294117647058
5u22_A	0.48635235732009924
5u23_D	0.4344262295081967
5u2p_A	0.35958005249343833
5u4n_A	0.3514285714285714
5u4o_A	0.3037974683544304
5u4q_A	0.5638629283489096
5u4u_A	0.5031847133757962
5u4v_A	0.4338235294117647
5u4z_A	0.055248618784530384
5u5n_A	0.3333333333333333
5u6b_D	0.3470790378006873
5u6f_A	0.2465277777777778
5u75_A	0.1388888888888889
5u7x_F	0.20388349514563106
5u81_A	0.051490514905149054
5u89_A	0.38235294117647056
5u8k_B	0.46956521739130436
5u8o_B	0.39166666666666666
5u8u_D	0.29559748427672955
5u90_C	0.32335329341317365
5u93_B	0.4906832298136646
5u9c_D	0.5807560137457045
5uan_B	0.08441558441558442
5uao_A	0.2568627450980392
5uay_A	0.2119205298013245
5ub4_B	0.4874551971326165
5uba_A	0.2748091603053435
5ubd_A	0.2413793103448276
5ubl_A	0.056862745098039215
5ubp_A	0.08955223880597014
5ubu_B	0.08459214501510574
5ubv_A	0.4344262295081967
5uc0_A	0.12422360248447205
5uc7_A	0.3619489559164733
5ucg_A	0.34782608695652173
5uct_B	0.17
5ud6_C	0.568561872909699
5udf_A	0.3062200956937799
5udg_A	0.16551724137931034
5udy_A	0.2963917525773196
5udz_A	0.31654676258992803
5ue0_A	0.12857142857142856
5ue9_B	0.4732824427480916
5ueb_B	0.11805555555555555
5uei_A	0.5650406504065041
5uen_A	0.11979166666666667
5uf2_A	0.29596412556053814
5ufa_A	0.43902439024390244
5ufm_A	0.5733333333333334
5uft_A	0.1875
5ufv_A	0.3508771929824561
5ufy_A	0.659217877094972
5ugr_A	0.5077399380804953
5ugz_A	0.5481171548117155
5uib_A	0.5321637426900585
5uid_A	0.4114441416893733
5uif_A	0.5089285714285714
5uin_A	0.48621553884711777
5uiv_A	0.40444444444444444
5uj6_B	0.44901960784313727
5ujc_A	0.11610486891385768
5ujd_A	0.2677165354330709
5ujj_A	0.20179372197309417
5uju_A	0.1803921568627451
5uk5_B	0.08766233766233766
5uke_A	0.056451612903225805
5ukg_A	0.10406091370558376
5ukr_G	0.03864734299516908
5ul2_A	0.42549019607843136
5ulb_A	0.5465465465465466
5uls_A	0.21568627450980393
5um2_A	0.3860759493670886
5um7_B	0.528169014084507
5ume_E	0.4178082191780822
5umt_A	0.2672811059907834
5un0_1	0.3898305084745763
5un2_A	0.48955223880597015
5ung_B	0.1926829268292683
5unl_A	0.5871212121212122
5unm_A	0.40892193308550184
5unq_A	0.5447154471544715
5uof_A	0.5286624203821656
5uot_D	0.23529411764705882
5ups_A	0.46862745098039216
5uqe_D	0.23274161735700197
5uqj_A	0.22966507177033493
5uqp_B	0.6696428571428571
5uqz_A	0.06779661016949153
5urp_A	0.0845771144278607
5us1_A	0.42328042328042326
5usf_A	0.2549019607843137
5usn_A	0.425531914893617
5usw_B	0.46296296296296297
5utm_A	0.37971014492753624
5utt_C	0.35
5uu5_A	0.1930232558139535
5uuj_A	0.2183288409703504
5uun_A	0.22727272727272727
5uv4_A	0.3103448275862069
5uvd_A	0.25229357798165136
5uvg_A	0.382183908045977
5uvm_A	0.2
5uvn_A	0.2692307692307692
5ux0_D	0.12352941176470589
5ux2_A	0.2681818181818182
5ux5_A	0.3235294117647059
5uxa_A	0.2823920265780731
5uxn_A	0.2853932584269663
5uyt_B	0.3089622641509434
5uyy_A	0.4343163538873995
5uz8_A	0.5488958990536278
5uzg_A	0.43333333333333335
5uzn_A	0.5125
5uzx_A	0.6363636363636364
5v0f_A	0.33613445378151263
5v10_A	0.5319148936170213
5v1d_D	0.044534412955465584
5v1q_B	0.42045454545454547
5v1x_D	0.378076062639821
5v2d_A	0.3155737704918033
5v2s_A	0.029411764705882353
5v2z_A	0.28653295128939826
5v3a_A	0.42207792207792205
5v3h_A	0.2054794520547945
5v3s_A	0.136986301369863
5v46_A	0.24206349206349206
5v4q_A	0.05830903790087463
5v50_F	0.13768115942028986
5v54_B	0.12010443864229765
5v57_A	0.3568627450980392
5v69_A	0.049689440993788817
5v6c_B	0.13768115942028986
5v74_A1	0.15789473684210525
5v76_A	0.24271844660194175
5v77_A	0.10377358490566038
5v7y_A	0.42028985507246375
5v8c_A	0.12867647058823528
5v8e_A	0.39672131147540984
5v8f_3	0.21372549019607842
5v8f_7	0.21176470588235294
5v8f_8	0.1607843137254902
5v8f_D	0.29385964912280704
5v8k_A	0.12549019607843137
5v93_T	0.37755102040816324
5v9t_B	0.2568627450980392
5v9x_A	0.39019607843137255
5vae_A	0.32941176470588235
5vae_B	0.3880597014925373
5van_A	0.37058823529411766
5vaw_A	0.3367768595041322
5vaz_B	0.26791277258566976
5vba_A	0.1053921568627451
5vbf_A	0.24686192468619247
5vbl_B	0.1388101983002833
5vcm_B	0.33798882681564246
5vcy_A	0.33783783783783783
5ve2_B	0.398406374501992
5ve5_A	0.44
5ve8_B	0.4980392156862745
5veb_Y	0.3364485981308411
5veg_B	0.7651006711409396
5vft_f	0.19607843137254902
5vg0_A	0.44366197183098594
5vg3_A	0.4738219895287958
5vgj_G	0.06722689075630252
5vgl_A	0.4155844155844156
5vhe_A	0.3686274509803922
5vhu_A	0.48936170212765956
5vhv_A	0.42105263157894735
5vhy_E	0.30726256983240224
5via_A	0.025179856115107913
5vic_E	0.26506024096385544
5vis_A	0.4909090909090909
5vj1_L	0.4420289855072464
5vj2_A	0.06666666666666667
5vj4_A	0.10181818181818182
5vj7_B	0.40070921985815605
5vjc_A	0.4732824427480916
5vjv_A	0.40604026845637586
5vkj_A	0.6025641025641025
5vkq_A	0.5843137254901961
5vky_A	0.27049180327868855
5vl4_A	0.03355704697986577
5vld_F	0.21839080459770116
5vlj_B	0.4576271186440678
5vlq_B	0.09200968523002422
5vn2_C	0.6108949416342413
5vn4_A	0.4177215189873418
5vn5_C	0.40718562874251496
5vn6_A	0.14285714285714285
5vnn_C	0.18248175182481752
5vo3_A	0.3815789473684211
5vog_A	0.4375
5vpn_E	0.23529411764705882
5vpq_A	0.33212996389891697
5vqe_A	0.43137254901960786
5vr6_B	0.4473684210526316
5vrb_C	0.3215686274509804
5vrc_B	0.03070175438596491
5vsu_A	0.43669250645994834
5vt2_A	0.12962962962962962
5vto_A	0.5214723926380368
5vug_A	0.3208955223880597
5vvh_D	0.5714285714285714
5vvs_B	0.050980392156862744
5vx6_A	0.41626794258373206
5vxa_B	0.23595505617977527
5vxc_A	0.4418604651162791
5vxr_H	0.5024154589371981
5vxt_B	0.21794871794871795
5vyl_A	0.10756972111553785
5vym_B	0.3561643835616438
5vzj_A	0.10264900662251655
5w0n_A	0.15303430079155672
5w0p_C	0.13725490196078433
5w0y_A	0.1590909090909091
5w10_A	0.41040462427745666
5w15_A	0.5888888888888889
5w16_A	0.46484375
5w1d_A	0.5185185185185185
5w1e_A	0.322
5w1u_B	0.32941176470588235
5w21_A	0.3509803921568627
5w2i_A	0.18410041841004185
5w35_B	0.2329192546583851
5w3v_A	0.41935483870967744
5w48_A	0.38495575221238937
5w4c_A	0.38202247191011235
5w4t_A	0.5189873417721519
5w57_A	0.4295774647887324
5w5a_B	0.49557522123893805
5w5e_A	0.2934131736526946
5w66_O	0.1980392156862745
5w6l_A	0.2550607287449393
5w70_B	0.391304347826087
5w7d_A	0.296078431372549
5w7k_A	0.6131386861313869
5w8e_A	0.4225352112676056
5w8m_A	0.3826530612244898
5w8n_A	0.45257452574525747
5w8z_A	0.24193548387096775
5w99_A	0.13793103448275862
5wa4_E	0.2108626198083067
5wab_D	0.4588235294117647
5wan_A	0.47214076246334313
5wat_A	0.3
5wb2_A	0.27315914489311166
5wbf_C	0.27586206896551724
5wbs_A	0.0948905109489051
5wc3_K	0.3237410071942446
5wcj_A	0.4864864864864865
5wd6_A	0.1794871794871795
5wdd_B	0.08176100628930817
5wdh_A	0.21476510067114093
5wdu_W	0.4349775784753363
5wec_B	0.6017699115044248
5wee_A	0.10638297872340426
5weh_G	0.13725490196078433
5wg6_A	0.13529411764705881
5wgg_A	0.3704545454545455
5wh8_A	0.48297213622291024
5wh9_D	0.47580645161290325
5whm_C	0.2878787878787879
5whv_J	0.140625
5whz_H	0.36656891495601174
5wid_A	0.7013888888888888
5wii_B	0.2727272727272727
5wje_A	0.49056603773584906
5wjm_A	0.5
5wjs_A	0.6007751937984496
5wk1_A	0.14965986394557823
5wk1_K	0.27702702702702703
5wkr_A	0.11162790697674418
5wkw_A	0.24358974358974358
5wlc_LR	0.03137254901960784
5wlc_LX	0.050980392156862744
5wlc_SK	0.17391304347826086
5wln_A	0.36363636363636365
5wlp_A	0.4896551724137931
5wml_A	0.3787128712871287
5wmm_A	0.3627450980392157
5wnj_A	0.3522727272727273
5wno_A	0.3609271523178808
5wox_A	0.3931034482758621
5woy_A	0.12903225806451613
5wp9_B	0.06382978723404255
5wph_A	0.4972067039106145
5wpw_A	0.40105540897097625
5wq0_D	0.6511627906976745
5wq8_M	0.3225806451612903
5wqg_D	0.4
5wqk_A	0.4334470989761092
5wql_C	0.2901960784313726
5wqw_A	0.14173228346456693
5wrr_B	0.12557077625570776
5wru_E	0.03215434083601286
5ws2_A	0.3326133909287257
5ws4_A	0.4176470588235294
5wsg_e	0.33725490196078434
5wsy_B	0.15757575757575756
5wte_B	0.1152073732718894
5wth_C	0.10569105691056911
5wtn_A	0.21641791044776118
5wtz_A	0.14761904761904762
5wu1_A	0.11359026369168357
5wue_A	0.21182266009852216
5wuf_A	0.16923076923076924
5wug_A	0.3352941176470588
5ww0_A	0.25203252032520324
5wx8_A	0.0
5wxu_B	0.4675
5wxz_A	0.3876651982378855
5wyd_C	0.4198473282442748
5wyj_AB	0.0
5wyk_AC	0.0
5wyk_AG	0.0
5wyk_BC	0.3588235294117647
5wze_B	0.2561247216035635
5wzf_B	0.42748091603053434
5wzj_A	0.35490196078431374
5wzr_A	0.32745098039215687
5wzw_A	0.008130081300813009
5x00_A	0.336
5x04_A	0.40217391304347827
5x0f_A	0.24481327800829875
5x0z_E	0.15135135135135136
5x1x_A	0.5076923076923077
5x2b_L	0.35335689045936397
5x2n_C	0.42725173210161665
5x32_B	0.37851662404092073
5x3d_A	0.6666666666666666
5x3e_A	0.18666666666666668
5x3g_A	0.23694779116465864
5x3t_B	0.48905109489051096
5x49_A	0.23582766439909297
5x4j_A	0.32696390658174096
5x55_A	0.1956521739130435
5x5m_A	0.36097560975609755
5x5s_A	0.28187919463087246
5x5u_A	0.23109243697478993
5x5v_A	0.038135593220338986
5x62_B	0.3669250645994832
5x6o_G	0.12745098039215685
5x6s_A	0.5875912408759124
5x7f_A	0.6767676767676768
5x7j_B	0.4720812182741117
5x7l_B	0.4074074074074074
5x7s_B	0.1627450980392157
5x8g_A	0.4639175257731959
5x8p_j	0.030612244897959183
5x8p_v	0.47368421052631576
5x8z_A	0.06606606606606606
5x9j_B	0.25
5x9k_A	0.3197278911564626
5x9q_A	0.43670886075949367
5x9u_A	0.08906882591093117
5x9y_C	0.17813765182186234
5xaq_A	0.0963855421686747
5xau_A	0.049019607843137254
5xb0_A	0.42857142857142855
5xb6_A	0.6143790849673203
5xb7_F	0.5078431372549019
5xbc_B	0.11864406779661017
5xbj_A	0.122
5xbt_A	0.41697416974169743
5xbu_A	0.1787709497206704
5xc2_B	0.17450980392156862
5xd8_B	0.4332425068119891
5xdc_B	0.23880597014925373
5xdl_A	0.3835616438356164
5xds_A	0.16230366492146597
5xe2_A	0.25961538461538464
5xe5_A	0.1357142857142857
5xe7_B	0.24642857142857144
5xea_B	0.04030226700251889
5xei_A	0.22549019607843138
5xet_C	0.17425742574257425
5xev_A	0.31295843520782396
5xf7_A	0.4870689655172414
5xf9_C	0.4157303370786517
5xfa_A	0.28431372549019607
5xfi_A	0.13157894736842105
5xfm_A	0.30392156862745096
5xfo_A	0.19365079365079366
5xft_A	0.33488372093023255
5xfw_D	0.48253968253968255
5xg3_B	0.2994652406417112
5xgb_A	0.43333333333333335
5xgc_A	0.5348837209302325
5xgp_A	0.12048192771084337
5xgq_B	0.15725806451612903
5xgs_A	0.45226130653266333
5xgv_A	0.35357917570498915
5xhb_A	0.050505050505050504
5xhh_A	0.26666666666666666
5xhw_A	0.49777777777777776
5xhx_A	0.3273809523809524
5xj0_G	0.10236220472440945
5xj6_A	0.165
5xjo_C	0.7111716621253406
5xjx_A	0.788235294117647
5xk8_A	0.21559633027522937
5xka_A	0.40551181102362205
5xkc_A	0.4304932735426009
5xkp_D	0.3037974683544304
5xks_F	0.5573122529644269
5xkt_A	0.5125628140703518
5xls_A	0.08823529411764706
5xmd_B	0.546583850931677
5xmj_B	0.19166666666666668
5xmw_A	0.5592592592592592
5xmz_A	0.13934426229508196
5xn6_D	0.16917293233082706
5xn7_B	0.11960784313725491
5xnc_B	0.3898305084745763
5xne_A	0.15319148936170213
5xnp_A	0.5844875346260388
5xnr_A	0.38441558441558443
5xnz_A	0.05922551252847381
5xoi_A	0.33480176211453744
5xp0_B	0.48175182481751827
5xpg_A	0.1980392156862745
5xpw_A	0.6
5xqi_B	0.057971014492753624
5xqm_A	0.28888888888888886
5xr0_A	0.2727272727272727
5xr2_C	0.42033898305084744
5xs2_A	0.2814207650273224
5xs9_A	0.4088397790055249
5xsd_B	0.6521739130434783
5xsf_A	0.42105263157894735
5xsi_A	0.4624624624624625
5xsv_A	0.15843621399176955
5xta_A	0.058333333333333334
5xtg_B	0.6137339055793991
5xth_w	0.253125
5xtk_A	0.42
5xtz_D	0.08609271523178808
5xu0_B	0.44155844155844154
5xu1_M	0.3384615384615385
5xu6_C	0.044854881266490766
5xuh_A	0.168
5xuk_A	0.2
5xum_A	0.17857142857142858
5xv0_F	0.37656903765690375
5xv1_D	0.046296296296296294
5xvj_A	0.09701492537313433
5xvp_B	0.1597222222222222
5xvr_A	0.4225721784776903
5xw4_B	0.2791327913279133
5xwk_A	0.21568627450980393
5xxb_Y	0.2222222222222222
5xxm_A	0.4235294117647059
5xxu_M	0.21212121212121213
5xy3_A	0.20253164556962025
5xy3_H	0.09375
5xy3_P	0.1935483870967742
5xy3_Z	0.22962962962962963
5xy3_d	0.29292929292929293
5xyi_B	0.0821917808219178
5xyi_U	0.18556701030927836
5xyn_D	0.004878048780487805
5xz3_A	0.27167630057803466
5xzq_A	0.4444444444444444
5xzw_B	0.3641160949868074
5y00_A	0.16956521739130434
5y0e_A	0.08597285067873303
5y0o_A	0.2584541062801932
5y0w_A	0.05063291139240506
5y1f_A	0.5916398713826366
5y1z_B	0.2740740740740741
5y2a_A	0.48825065274151436
5y33_A	0.1576923076923077
5y4l_B	0.2561576354679803
5y4m_A	0.5866666666666667
5y4r_A	0.42857142857142855
5y4t_A	0.5299145299145299
5y57_C	0.5573122529644269
5y58_A	0.2647058823529412
5y58_B	0.2784313725490196
5y5a_A	0.11372549019607843
5y5h_A	0.125
5y5p_D	0.1695906432748538
5y6f_A	0.29646017699115046
5y6i_A	0.31275720164609055
5y6l_A	0.25118483412322273
5y6l_C	0.2411764705882353
5y6l_D	0.13615023474178403
5y6p_S8	0.1691842900302115
5y6q_C	0.2
5y79_A	0.2360655737704918
5y7d_A	0.18633540372670807
5y7p_A	0.06116207951070336
5y8i_A	0.5068493150684932
5y8u_A	0.31835205992509363
5y92_A	0.3875968992248062
5y97_C	0.13636363636363635
5y9h_A	0.11627906976744186
5y9n_B	0.29411764705882354
5y9o_A	0.10723192019950124
5y9p_A	0.2169811320754717
5y9s_D	0.44368600682593856
5ya0_A	0.23333333333333334
5ya6_B	0.12727272727272726
5yab_C	0.49728260869565216
5yag_A	0.5622119815668203
5yal_A	0.5292397660818714
5yb6_A	0.18235294117647058
5ybb_A	0.35523613963039014
5ybe_A	0.6141732283464567
5yca_A	0.23300970873786409
5yck_A	0.36
5ycz_A	0.08426966292134831
5ydg_B	0.22413793103448276
5ydh_A	0.33137254901960783
5ydw_A	0.4880546075085324
5yet_A	0.15113350125944586
5yf0_B	0.47293447293447294
5yfg_A	0.08064516129032258
5yfk_A	0.20853080568720378
5yfp_C	0.027450980392156862
5yge_A	0.40828402366863903
5ygf_A	0.13953488372093023
5ygg_A	0.4774193548387097
5yh1_A	0.2847380410022779
5yh4_A	0.11173184357541899
5yh8_A	0.2627450980392157
5yhh_A	0.3333333333333333
5yhu_A	0.12041884816753927
5yhv_A	0.3756345177664975
5yi6_A	0.0912863070539419
5yij_A	0.09607843137254903
5yio_A	0.1322314049586777
5yiy_A	0.3489010989010989
5yj7_C	0.42244897959183675
5yjj_A	0.05656108597285068
5yjl_D	0.20553359683794467
5yk1_A	0.17206982543640897
5yk6_A	0.07531380753138076
5yki_A	0.28720626631853785
5yko_A	0.2648870636550308
5ykt_A	0.3333333333333333
5ylb_A	0.3689839572192513
5yln_A	0.4511494252873563
5ylo_A	0.4723404255319149
5yly_B	0.4758364312267658
5ym9_A	0.0234375
5ymx_A	0.5445544554455446
5ynf_B	0.144
5ynr_A	0.16666666666666666
5yoy_A	0.4805194805194805
5yoz_A	0.38857142857142857
5yq0_C	0.10855263157894737
5yq3_A	0.10493827160493827
5yq5_B	0.6535947712418301
5yrp_A	0.48660714285714285
5yry_A	0.5086206896551724
5ys9_A	0.1588235294117647
5ysc_A	0.45098039215686275
5ysd_B	0.38046272493573263
5ysz_A	0.6330275229357798
5yt7_A	0.40601503759398494
5yti_A	0.08181818181818182
5yu7_A	0.30980392156862746
5yuq_A	0.43783783783783786
5yux_F	0.2573099415204678
5yvf_A	0.10248447204968944
5yvl_D	0.5
5yvq_B	0.04854368932038835
5yvr_A	0.40694789081885857
5ywn_A	0.5705705705705706
5yws_B	0.36324786324786323
5yww_A	0.3154639175257732
5yx4_A	0.125
5yxi_A	0.31645569620253167
5yxy_C	0.04433497536945813
5yy3_A	0.09607843137254903
5yy7_A	0.2615803814713896
5yym_A	0.1450980392156863
5yys_A	0.10588235294117647
5yyx_A	0.3333333333333333
5yz0_A	0.03529411764705882
5yz1_A	0.16875
5yzn_A	0.4725490196078431
5yzv_C	0.6103448275862069
5yzz_C	0.16216216216216217
5z01_A	0.4491803278688525
5z06_B	0.4470588235294118
5z08_A	0.411214953271028
5z0c_A	0.4223433242506812
5z0f_A	0.035842293906810034
5z0q_B	0.3720316622691293
5z0z_B	0.37333333333333335
5z19_B	0.4235294117647059
5z1b_A	0.42549019607843136
5z1n_A	0.0
5z20_F	0.5684523809523809
5z2c_A	0.3887640449438202
5z2m_B	0.6058394160583942
5z2r_G	0.45098039215686275
5z36_A	0.2792207792207792
5z3k_B	0.474120082815735
5z3m_A	0.41830065359477125
5z3q_B	0.10294117647058823
5z4a_A	0.14245014245014245
5z5b_A	0.532051282051282
5z5c_B	0.3273809523809524
5z5e_B	0.18803418803418803
5z5m_A	0.27472527472527475
5z66_A	0.24313725490196078
5z68_C	0.21715817694369974
5z6d_A	0.2107843137254902
5z6n_B	0.5
5z6v_A	0.5506329113924051
5z79_C	0.20588235294117646
5z7c_A	0.2246376811594203
5z7d_B	0.24937027707808565
5z7q_A	0.1534090909090909
5z87_A	0.40980392156862744
5z8b_A	0.5023923444976076
5z8l_A	0.16666666666666666
5z8t_A	0.2607594936708861
5z9o_A	0.4718498659517426
5z9s_A	0.37058823529411766
5z9t_A	0.5831663326653307
5z9z_A	0.3465346534653465
5za4_A	0.2827868852459016
5zac_A	0.15217391304347827
5zac_B	0.1724137931034483
5zb2_A	0.7263681592039801
5zb3_A	0.13214285714285715
5zb8_A	0.315
5zbf_A	0.6190476190476191
5zbk_A	0.5054945054945055
5zbt_A	0.3113207547169811
5zby_A	0.5384615384615384
5zc1_A	0.1485148514851485
5zcm_A	0.42857142857142855
5zcr_A	0.23137254901960785
5zdh_O	0.3319919517102616
5zdm_A	0.12626262626262627
5ze3_B	0.14221218961625282
5ze8_A	0.2701298701298701
5zef_B	0.4006734006734007
5zep_0	0.015267175572519083
5zer_A	0.596045197740113
5zet_1	0.4
5zey_C	0.11180124223602485
5zh8_A	0.24581005586592178
5zhg_A	0.1419753086419753
5zhh_A	0.15873015873015872
5zhz_A	0.5674603174603174
5zi0_A	0.5806451612903226
5zi1_A	0.09411764705882353
5zi5_A	0.2803921568627451
5zi9_B	0.5
5zib_A	0.3156862745098039
5ziy_A	0.09230769230769231
5zjg_A	0.07396449704142012
5zke_B	0.10614525139664804
5zkg_A	0.20606060606060606
5zki_B	0.16776315789473684
5zkq_B	0.10526315789473684
5zku_F	0.43340857787810383
5zl1_A	0.4934640522875817
5zl6_A	0.3817204301075269
5zl9_A	0.396078431372549
5zlf_B	0.09652509652509653
5zlf_C	0.1048951048951049
5zlg_A	0.21777777777777776
5zlr_A	0.5027027027027027
5zlu_EE	0.3020408163265306
5zm4_D	0.36363636363636365
5zm8_B	0.03389830508474576
5zme_A	0.2980392156862745
5zmm_A	0.16862745098039217
5zmp_A	0.46885245901639344
5zmu_D	0.4634146341463415
5zn7_B	0.30980392156862746
5zng_A	0.5443037974683544
5znm_A	0.0446927374301676
5znq_A	0.4644808743169399
5zqc_D	0.2862903225806452
5zr1_E	0.2673913043478261
5zr2_C	0.41919191919191917
5zr6_A	0.32710280373831774
5zrd_A	0.1392156862745098
5zro_B	0.43410852713178294
5zsr_A	0.4072164948453608
5zsx_A	0.2961783439490446
5ztb_B	0.3440514469453376
5zto_A	0.38095238095238093
5ztp_A	0.33727810650887574
5ztz_A	0.3541147132169576
5zu2_B	0.1411764705882353
5zu5_A	0.33874239350912777
5zum_B	0.10784313725490197
5zuu_C	0.19540229885057472
5zve_A	0.4739583333333333
5zvj_A	0.40468227424749165
5zw2_A	0.26370757180156656
5zwu_A	0.2404692082111437
5zx9_A	0.44242424242424244
5zxd_B	0.3665987780040733
5zy6_B	0.5020408163265306
5zy8_C	0.4306569343065693
5zyn_B	0.2484076433121019
5zyr_A	0.2647058823529412
5zzj_A	0.09411764705882353
5zzq_A	0.37746478873239436
6a09_A	0.10919540229885058
6a0i_A	0.14754098360655737
6a0k_A	0.35777777777777775
6a0n_A	0.25227963525835867
6a0r_A	0.3373493975903614
6a0w_A	0.397212543554007
6a17_A	0.13288288288288289
6a29_E	0.08633093525179857
6a2b_B	0.6063829787234043
6a2s_A	0.37
6a34_A	0.3792134831460674
6a3f_B	0.4308093994778068
6a41_A	0.6229508196721312
6a43_A	0.2857142857142857
6a47_A	0.42410714285714285
6a48_A	0.4
6a4c_A	0.06046511627906977
6a4m_A	0.20817843866171004
6a4r_A	0.46382978723404256
6a51_B	0.189873417721519
6a5b_A	0.42021276595744683
6a5g_B	0.28662420382165604
6a69_B	0.5669291338582677
6a6a_A	0.2459016393442623
6a6e_A	0.3815165876777251
6a6f_A	0.18382352941176472
6a6o_A	0.6066176470588235
6a6x_A	0.2857142857142857
6a6y_A	0.13815789473684212
6a70_B	0.12352941176470589
6a7t_B	0.11594202898550725
6a83_A	0.39215686274509803
6a8i_A	0.389937106918239
6a8k_A	0.30327868852459017
6a8w_A	0.22137404580152673
6a97_A	0.2247191011235955
6a9n_A	0.4954682779456193
6a9s_A	0.07386363636363637
6a9t_A	0.22541966426858512
6a9w_A	0.21708185053380782
6a9y_A	0.18309859154929578
6aae_B	0.6624203821656051
6aam_A	0.36059479553903345
6ac3_B	0.4470588235294118
6acf_A	0.30517711171662126
6acs_B	0.18141592920353983
6acx_A	0.16666666666666666
6ad3_A	0.26666666666666666
6adi_A	0.04066985645933014
6aef_A	0.2336244541484716
6aem_A	0.5952380952380952
6aft_A	0.09803921568627451
6agg_Z	0.24285714285714285
6agh_A	0.07829181494661921
6agi_B	0.08074534161490683
6agq_A	0.6107594936708861
6agz_A	0.3860103626943005
6ah3_C	0.18857142857142858
6ahi_A	0.4117647058823529
6ahp_A	0.4090909090909091
6ahr_B	0.0392156862745098
6ahr_C	0.1043956043956044
6ahr_F	0.12403100775193798
6ahr_L	0.0856353591160221
6ahw_A	0.1728395061728395
6aig_A	0.13953488372093023
6ain_B	0.3924050632911392
6aj4_C	0.14181818181818182
6aje_A	0.40476190476190477
6ajj_A	0.24313725490196078
6ak1_A	0.3648068669527897
6akf_C	0.2849462365591398
6akj_B	0.1
6akv_A	0.31125827814569534
6akz_A	0.16851441241685144
6al2_A	0.15082644628099173
6al5_A	0.021367521367521368
6ali_A	0.4375
6all_B	0.41522491349480967
6alw_A	0.4444444444444444
6am0_A	0.29615384615384616
6am0_F	0.15730337078651685
6amw_A	0.16862745098039217
6ana_K	0.05
6ani_A	0.058823529411764705
6ans_B	0.14905149051490515
6any_A	0.11165048543689321
6aok_A	0.43661971830985913
6ap4_L	0.16292134831460675
6ape_A	0.4471830985915493
6apl_C	0.2581699346405229
6aq3_B	0.18128654970760233
6aqg_C	0.17346938775510204
6aqk_A	0.1574074074074074
6aqn_A	0.29
6aqz_A	0.5838323353293413
6ar0_A	0.3695652173913043
6arb_A	0.4216417910447761
6arh_B	0.5478547854785478
6au1_A	0.45892351274787535
6auf_B	0.4065934065934066
6aun_A	0.5313725490196078
6avj_A	0.2717391304347826
6avv_A	0.5952380952380952
6avy_B	0.5646551724137931
6ax6_B	0.4010152284263959
6axe_A	0.08431372549019608
6ayu_A	0.1786833855799373
6az1_A	0.09777777777777778
6azd_A	0.6278195488721805
6azo_C	0.48484848484848486
6b05_A	0.26666666666666666
6b0t_A	0.11909650924024641
6b12_A	0.1092436974789916
6b15_A	0.4784688995215311
6b1v_A	0.30973451327433627
6b27_A	0.3389830508474576
6b2v_A	0.35580524344569286
6b2y_A	0.28994082840236685
6b3x_A	0.5137614678899083
6b4e_A	0.09797297297297297
6b4i_B	0.07936507936507936
6b4i_F	0.4107981220657277
6b4r_A	0.23742454728370221
6b4s_A	0.40934065934065933
6b57_B	0.13043478260869565
6b5b_A	0.22549019607843138
6b64_B	0.24603174603174602
6b7l_A	0.11724137931034483
6b7o_A	0.06070287539936102
6b8s_B	0.4583333333333333
6b8w_A	0.7684210526315789
6b9m_A	0.24666666666666667
6b9o_B	0.23333333333333334
6b9u_A	0.6188524590163934
6ba1_A	0.4462025316455696
6ba9_A	0.5903614457831325
6baq_F	0.10900473933649289
6bay_A	0.2693069306930693
6bb9_A	0.18888888888888888
6bbk_A	0.08064516129032258
6bc4_A	0.20149253731343283
6bcb_A	0.15172413793103448
6bcs_A	0.6071428571428571
6bd0_A	0.25
6bdc_A	0.35772357723577236
6bdo_D	0.37721518987341773
6bdq_A	0.35135135135135137
6bdt_B	0.20754716981132076
6bea_A	0.535796766743649
6bev_B	0.42105263157894735
6bfg_A	0.3190348525469169
6bfi_B	0.19215686274509805
6bfn_A	0.33554817275747506
6bg8_B	0.3138075313807531
6bgd_A	0.44235924932975873
6bgf_A	0.4521276595744681
6bhc_A	0.29380053908355797
6bhd_A	0.22580645161290322
6bhp_A	0.058823529411764705
6bjp_B	0.20815450643776823
6bk9_A	0.11785714285714285
6bka_A	0.2700534759358289
6bl9_A	0.22641509433962265
6bld_A	0.13768115942028986
6blg_A	0.3962765957446808
6blk_C	0.6329113924050633
6blm_A	0.4251968503937008
6bma_A	0.4517374517374517
6bmc_A	0.28421052631578947
6bo0_A	0.4271356783919598
6bpo_A	0.4196078431372549
6bq5_A	0.4726027397260274
6bqc_A	0.5
6bqm_A	0.4
6bqn_A	0.05239179954441914
6bqn_C	0.06320541760722348
6bqw_A	0.24363636363636362
6brh_B	0.1593625498007968
6brl_A	0.11752988047808766
6brt_A	0.5929824561403508
6bs4_A	0.2909090909090909
6bs4_B	0.323943661971831
6bsu_B	0.3293768545994065
6bt9_B	0.3686274509803922
6btg_A	0.07246376811594203
6btm_B	0.23529411764705882
6btm_C	0.045951859956236324
6btm_D	0.1744186046511628
6btm_F	0.06965174129353234
6bu0_C	0.1171875
6bug_F	0.13768115942028986
6bvg_A	0.1297539149888143
6bwc_C	0.5321100917431193
6bwh_A	0.5072463768115942
6bwl_A	0.6485623003194888
6bwq_A	0.0763888888888889
6bws_C	0.3873239436619718
6bwy_B	0.3468208092485549
6bx1_N	0.025490196078431372
6bx3_A	0.4554140127388535
6bx3_K	0.24170616113744076
6bxa_A	0.6794582392776524
6bxr_A	0.06227106227106227
6by9_A	0.6791044776119403
6byc_A	0.4568627450980392
6bym_A	0.38
6byq_A	0.22364217252396165
6bz5_A	0.29904306220095694
6bzg_B	0.3333333333333333
6bzx_B	0.26153846153846155
6c01_A	0.26862745098039215
6c0f_A	0.23096446700507614
6c0f_q	0.0
6c13_A	0.4137254901960784
6c1q_B	0.17914438502673796
6c26_B	0.33753148614609574
6c29_A	0.3117408906882591
6c2v_A	0.591304347826087
6c30_A	0.43457943925233644
6c33_A	0.26498422712933756
6c3a_A	0.4126984126984127
6c46_A	0.37158469945355194
6c4l_C	0.38004750593824227
6c5v_C	0.10734463276836158
6c62_A	0.25820568927789933
6c66_A	0.043137254901960784
6c66_I	0.03389830508474576
6c66_M	0.13524590163934427
6c66_O	0.08018867924528301
6c6m_A	0.6947368421052632
6c6r_A	0.31263858093126384
6c71_B	0.2909090909090909
6c76_A	0.38095238095238093
6c8r_A	0.5027932960893855
6c8v_A	0.46474358974358976
6c94_A	0.15975103734439833
6c9b_B	0.46612466124661245
6c9d_A	0.28941176470588237
6c9r_A	0.41839762611275966
6c9x_A	0.2725490196078431
6caf_A	0.4444444444444444
6cbk_D	0.3080568720379147
6cbq_A	0.358974358974359
6cc4_A	0.2549019607843137
6cca_A	0.4744897959183674
6cci_A	0.384180790960452
6ccr_A	0.13978494623655913
6cd2_B	0.20253164556962025
6cer_H	0.40181268882175225
6cfw_L	0.0374331550802139
6cfw_M	0.031545741324921134
6cgk_A	0.47959183673469385
6chg_B	0.112565445026178
6chj_B	0.20924574209245742
6ci7_A	0.11232876712328767
6cia_A	0.5070422535211268
6ciz_C	0.15513626834381553
6cj0_A	0.34782608695652173
6cj6_D	0.06626506024096386
6cj7_A	0.05042016806722689
6cjz_A	0.5619047619047619
6ck1_A	0.33866666666666667
6ckg_A	0.2842465753424658
6ckh_A	0.26285714285714284
6ckl_A	0.5955555555555555
6cky_A	0.35555555555555557
6cl4_A	0.4482758620689655
6cmj_A	0.3576388888888889
6cmz_C	0.2748917748917749
6cn7_A	0.052941176470588235
6cnf_R	0.13529411764705881
6cng_A	0.42704626334519574
6cnv_A	0.10404624277456648
6cnz_C	0.11042944785276074
6co1_C	0.3811881188118812
6co9_A	0.24745762711864408
6coi_A	0.55
6cok_A	0.47368421052631576
6con_B	0.10843373493975904
6cpd_B	0.3779527559055118
6cpu_A	0.13529411764705881
6cpy_A	0.34657039711191334
6cqo_D	0.4444444444444444
6cr0_A	0.28837209302325584
6crp_B	0.1659919028340081
6cse_M	0.04176334106728538
6cst_A	0.19506726457399104
6ct6_B	0.4169184290030212
6cth_A	0.3559322033898305
6cul_C	0.37453183520599254
6cuq_B	0.48717948717948717
6cv0_A	0.060784313725490195
6cv6_I	0.6575342465753424
6cv7_A	0.41643835616438357
6cvk_A	0.5186721991701245
6cvs_A	0.15555555555555556
6cvz_A	0.32047477744807124
6cx6_B	0.4744744744744745
6cxi_M	0.5789473684210527
6cyx_E	0.12796208530805686
6cyy_B	0.06363636363636363
6cz7_A	0.24313725490196078
6cz7_B	0.05982905982905983
6czm_E	0.3888888888888889
6czt_A	0.3780487804878049
6czx_A	0.32320441988950277
6d04_A	0.3431372549019608
6d0a_A	0.3990719257540603
6d0g_A	0.48494983277591974
6d0n_B	0.14898989898989898
6d0p_A	0.4930555555555556
6d25_A	0.40643863179074446
6d26_A	0.0894854586129754
6d2c_A	0.13076923076923078
6d2k_A	0.1993006993006993
6d2v_A	0.5841269841269842
6d2w_A	0.42745098039215684
6d30_A	0.35638297872340424
6d3a_A	0.23631123919308358
6d3g_C	0.3487544483985765
6d4k_A	0.24789915966386555
6d69_A	0.523972602739726
6d6r_G	0.20253164556962025
6d6r_K	0.12941176470588237
6d6v_E	0.087248322147651
6d73_B	0.2235294117647059
6d7a_A	0.22180451127819548
6d7y_B	0.12903225806451613
6d8k_D	0.304
6d8v_A	0.2899628252788104
6d97_A	0.21372549019607842
6d9f_B	0.2111801242236025
6da0_A	0.2724867724867725
6da6_A	0.08620689655172414
6dan_B	0.5030487804878049
6dao_A	0.49693251533742333
6dc0_B	0.3962962962962963
6dcd_A	0.14285714285714285
6ddn_A	0.4878048780487805
6ddq_A	0.17751479289940827
6ddt_A	0.36470588235294116
6dee_A	0.3298429319371728
6det_A	0.51440329218107
6dex_A	0.2230769230769231
6dex_B	0.046153846153846156
6df3_C	0.0967741935483871
6dfe_B	0.4369230769230769
6dfl_A	0.35684647302904565
6dft_A	0.109375
6dg0_A	0.42857142857142855
6dg4_A	0.10276679841897234
6dgd_A	0.3176470588235294
6dgi_A	0.37237237237237236
6dgm_B	0.31151832460732987
6dgn_A	0.39855072463768115
6dgv_A	0.3156862745098039
6dhd_D	0.18562874251497005
6dhs_B	0.375
6dht_A	0.3058823529411765
6dio_C	0.07242990654205607
6djt_A	0.4161073825503356
6dkc_F	0.2413793103448276
6dkh_C	0.4479768786127168
6dkn_A	0.11538461538461539
6dlh_A	0.4019607843137255
6dlu_P	0.2372549019607843
6dm8_D	0.35119047619047616
6dm8_G	0.33794466403162055
6dn4_A	0.4290909090909091
6dnm_A	0.12834224598930483
6dnt_A	0.6064516129032258
6dnz_B	0.27899686520376177
6dqx_A	0.1450980392156863
6drh_B	0.11891891891891893
6drh_E	0.16120218579234974
6drm_A	0.08888888888888889
6drv_A	0.4215686274509804
6ds1_B	0.6153846153846154
6ds5_A	0.08125
6dsl_B	0.0423728813559322
6dsp_A	0.6042944785276073
6dt1_A	0.17672413793103448
6dt3_B	0.5138888888888888
6dt7_A	0.045283018867924525
6dtc_A	0.12704918032786885
6dtd_A	0.060784313725490195
6dtg_A	0.27647058823529413
6dtk_E	0.16613418530351437
6dtn_B	0.5793991416309013
6du4_A	0.397212543554007
6du7_F	0.2700892857142857
6dus_A	0.2161290322580645
6dv2_A	0.3333333333333333
6dv2_G	0.4196078431372549
6dvh_A	0.2817258883248731
6dwx_B	0.15384615384615385
6dx2_A	0.14743589743589744
6dx3_B	0.08536585365853659
6dx5_A	0.14792899408284024
6dxp_A	0.529126213592233
6dxu_C	0.4196078431372549
6dxw_A	0.06402439024390244
6dy3_B	0.042735042735042736
6dys_A	0.4507042253521127
6dzi_I	0.20634920634920634
6dzs_A	0.41531322505800466
6e0a_B	0.29770992366412213
6e0k_A	0.21016949152542372
6e0o_A	0.21611721611721613
6e0t_X	0.07661290322580645
6e0w_A	0.4980392156862745
6e12_B	0.02830188679245283
6e18_A	0.18823529411764706
6e1c_A	0.1742857142857143
6e1j_A	0.49144254278728605
6e1r_A	0.5352941176470588
6e20_B	0.3308270676691729
6e29_A	0.5382262996941896
6e2a_A	0.3834355828220859
6e31_A	0.10457516339869281
6e3a_A	0.1388888888888889
6e3b_A	0.3727810650887574
6e3d_A	0.27450980392156865
6e3f_A	0.14285714285714285
6e3l_E	0.5164319248826291
6e4q_A	0.4613861386138614
6e4v_A	0.3764705882352941
6e53_A	0.12745098039215685
6e5c_A	0.38461538461538464
6e6b_A	0.44313725490196076
6e6y_A	0.48880597014925375
6e85_A	0.3323262839879154
6e8e_A	0.15598290598290598
6e9c_A	0.3653444676409186
6e9m_A	0.06666666666666667
6e9t_J	0.20704845814977973
6ea9_A	0.07692307692307693
6eac_A	0.1134453781512605
6eb3_B	0.6492537313432836
6ebn_A	0.22156862745098038
6ebu_A	0.23636363636363636
6ec3_C	0.5048076923076923
6ecb_A	0.596958174904943
6eci_P	0.3560606060606061
6ecr_B	0.47796610169491527
6ecv_A	0.5804195804195804
6ed1_A	0.48627450980392156
6edi_B	0.2182741116751269
6edw_B	0.22156862745098038
6eej_A	0.10606060606060606
6eeq_A	0.37901498929336186
6eez_B	0.45263157894736844
6ef2_G	0.08536585365853659
6ef3_A	0.07692307692307693
6ef6_A	0.3476923076923077
6efi_B	0.375
6efn_A	0.4464751958224543
6efv_A	0.43333333333333335
6eg2_A	0.33137254901960783
6egk_A	0.03908794788273615
6ehd_A	0.33540372670807456
6ehi_D	0.49375
6eic_B	0.6272401433691757
6eio_A	0.30180180180180183
6ej7_A	0.3333333333333333
6ejf_O	0.12408759124087591
6ejf_Q	0.2602739726027397
6ejv_A	0.13761467889908258
6ek4_A	0.06140350877192982
6eka_A	0.16981132075471697
6ekk_B	0.06299212598425197
6eko_A	0.15064102564102563
6ekr_A	0.22112211221122113
6ekt_A	0.05250596658711217
6eld_A	0.42990654205607476
6elu_A	0.05699481865284974
6em0_A	0.2901960784313726
6em1_A	0.12413793103448276
6emk_A	0.11568627450980393
6emk_I	0.0273972602739726
6ems_A	0.2581967213114754
6eny_G	0.1917808219178082
6eo5_A	0.23110151187904968
6eoa_A	0.5958549222797928
6eon_A	0.4
6epd_J	0.3522167487684729
6epd_N	0.3431372549019608
6epi_H	0.1240506329113924
6epk_B	0.225
6epz_C	0.23333333333333334
6eqs_D	0.2727272727272727
6erc_A	0.01764705882352941
6erd_D	0.5176470588235295
6eri_AP	0.2796610169491525
6erj_A	0.2732919254658385
6ero_A	0.27364864864864863
6erq_A	0.1588235294117647
6es4_A	0.2608695652173913
6es9_A	0.24509803921568626
6esk_A	0.5378787878787878
6esp_A	0.2413793103448276
6esz_D	0.38515901060070673
6et9_A	0.32142857142857145
6eu0_G	0.15566037735849056
6eu4_A	0.2549019607843137
6eu8_A	0.041666666666666664
6eud_A	0.40980392156862744
6eug_A	0.27953890489913547
6euj_A	0.2521186440677966
6euo_C	0.2062146892655367
6eus_A	0.4277456647398844
6evg_A	0.42567567567567566
6evj_C	0.054901960784313725
6evs_A	0.5255474452554745
6evu_A	0.11182108626198083
6ewm_F	0.09289617486338798
6ewp_B	0.07017543859649122
6ewq_C	0.3383084577114428
6ewx_A	0.29526462395543174
6ex6_A	0.32745098039215687
6exx_A	0.4430379746835443
6ey4_A	0.19254658385093168
6eyg_A	0.3892857142857143
6eys_B	0.10251046025104603
6eyu_B	0.1336206896551724
6ez3_A	0.21363636363636362
6ez4_A	0.24444444444444444
6ez7_A	0.5
6ezm_A	0.16037735849056603
6f02_C	0.042666666666666665
6f04_A	0.38219895287958117
6f0k_B	0.2372549019607843
6f0k_F	0.112565445026178
6f0x_P	0.04639175257731959
6f1c_A	0.30584192439862545
6f1s_A	0.19863013698630136
6f1t_N	0.0
6f2p_A	0.26862745098039215
6f2s_H	0.022935779816513763
6f2w_A	0.08545034642032333
6f2x_A	0.4861111111111111
6f32_A	0.19815668202764977
6f3a_h	0.4688279301745636
6f3h_B	0.13137254901960785
6f3t_A	0.3843137254901961
6f45_D	0.2620967741935484
6f4n_B	0.38271604938271603
6f70_A	0.3140495867768595
6f72_A	0.1980392156862745
6f74_A	0.20980392156862746
6f75_A	0.44272445820433437
6f7b_A	0.3119533527696793
6f7e_A	0.36538461538461536
6f7k_D	0.5333333333333333
6f89_A	0.14534883720930233
6f8n_B	0.41854636591478694
6f8z_A	0.1588235294117647
6f9g_D	0.2366412213740458
6f9o_A	0.5663430420711975
6fah_E	0.2544529262086514
6fai_k	0.2235294117647059
6fbm_A	0.041176470588235294
6fc0_A	0.10416666666666667
6fcg_A	0.36895674300254455
6fcv_B	0.4465753424657534
6fcx_A	0.30980392156862746
6fd2_A	0.5220264317180616
6fdf_A	0.4369230769230769
6fdg_A	0.38064516129032255
6fdl_A	0.5298013245033113
6fdz_U	0.30943396226415093
6fec_8	0.16120218579234974
6fes_A	0.4520547945205479
6fey_B	0.6328502415458938
6ff1_A	0.5942028985507246
6ffl_A	0.4281984334203655
6ffy_A	0.23137254901960785
6fg7_A	0.5025906735751295
6fhg_A	0.38461538461538464
6fhn_A	0.27647058823529413
6fho_A	0.3532608695652174
6fht_B	0.2549019607843137
6fio_A	0.3517915309446254
6fj1_A	0.21739130434782608
6fjc_A	0.3384615384615385
6fjw_A	0.19665271966527198
6fjy_B	0.2852233676975945
6fk3_A	0.2529411764705882
6fkf_e	0.2748091603053435
6fkg_B	0.0546448087431694
6fkk_A	0.21176470588235294
6fkm_A	0.12352941176470589
6fkx_A	0.6111111111111112
6fln_B	0.22888283378746593
6flz_A	0.09722222222222222
6fm5_A	0.2611464968152866
6fmg_A	0.4928571428571429
6fn6_A	0.30196078431372547
6fnd_A	0.17966903073286053
6fnp_B	0.32857142857142857
6fnu_A	0.5135135135135135
6fon_A	0.3333333333333333
6fpg_F	0.041353383458646614
6fpx_A	0.1864406779661017
6fpy_A	0.48823529411764705
6fq1_A	0.4695121951219512
6fqa_A	0.4759825327510917
6fqb_E	0.46963562753036436
6fqe_B	0.47352941176470587
6frl_B	0.22967479674796748
6fsl_A	0.08057851239669421
6fsz_GG	0.22362869198312235
6fsz_MM	0.3607843137254902
6ftf_B	0.47079037800687284
6fu4_A	0.24579124579124578
6fub_A	0.5432098765432098
6fuc_A	0.32592592592592595
6ful_A	0.3263598326359833
6fv4_B	0.412987012987013
6fvi_A	0.528169014084507
6fvr_C	0.14838709677419354
6fvu_M	0.31353919239904987
6fvw_d	0.0873015873015873
6fvy_H	0.3333333333333333
6fw2_A	0.17567567567567569
6fw5_A	0.5665236051502146
6fw9_A	0.2733812949640288
6fwr_A	0.17647058823529413
6fwt_A	0.34657039711191334
6fwv_A	0.3176470588235294
6fwx_B	0.6410256410256411
6fwy_A	0.22142857142857142
6fx6_A	0.1308016877637131
6fxd_A	0.4140625
6fxj_A	0.30677290836653387
6fxl_A	0.567741935483871
6fyj_A	0.12709832134292565
6fze_A	0.05741626794258373
6fzv_D	0.4364406779661017
6g0b_A	0.2697201017811705
6g0z_A	0.3724137931034483
6g1b_B	0.48466257668711654
6g1o_A	0.2777777777777778
6g1z_B	0.2129817444219067
6g2a_A	0.2077562326869806
6g2d_C	0.24509803921568626
6g2g_B	0.5054945054945055
6g2i_H	0.24299065420560748
6g3g_A	0.07847082494969819
6g3n_A	0.19325842696629214
6g40_A	0.16455696202531644
6g43_A	0.047058823529411764
6g49_A	0.2534722222222222
6g4j_A	0.42124542124542125
6g4w_s	0.00784313725490196
6g59_A	0.3798449612403101
6g5q_B	0.13385826771653545
6g62_A	0.5043478260869565
6g6i_B	0.4326923076923077
6g6s_A	0.4105263157894737
6g71_A	0.12213740458015267
6g7g_A	0.1565217391304348
6g80_B	0.584070796460177
6g9z_A	0.2727272727272727
6gaw_BO	0.043478260869565216
6gbc_A	0.3215130023640662
6gbh_A	0.12578616352201258
6gbi_A	0.16346153846153846
6gbs_B	0.021021021021021023
6gc1_C	0.4372549019607843
6gcj_A	0.10743801652892562
6gcz_A	0.21691973969631237
6gd2_A	0.5119047619047619
6gdr_A	0.23828125
6gdu_A	0.48214285714285715
6geb_B	0.22911051212938005
6gef_A	0.2422680412371134
6geh_A	0.4375
6gen_R	0.13381995133819952
6gen_Y	0.27293064876957496
6geu_A	0.24193548387096775
6gf6_B	0.12727272727272726
6gfa_A	0.3439153439153439
6gff_I	0.6411764705882353
6gg2_A	0.15587044534412955
6ggo_A	0.20603015075376885
6gh8_B	0.13636363636363635
6ghf_A	0.24761904761904763
6gho_B	0.354014598540146
6ghq_A	0.50187265917603
6gi5_B	0.4833948339483395
6gic_B	0.2869198312236287
6git_A	0.42998027613412226
6giy_G	0.08783783783783784
6gj1_A	0.011764705882352941
6gj1_D	0.18181818181818182
6gkw_A	0.10256410256410256
6gkx_A	0.30597014925373134
6gl0_A	0.525679758308157
6gmb_A	0.35359116022099446
6gmm_A	0.10623556581986143
6gn6_F	0.4135514018691589
6gn8_C	0.10377358490566038
6gnc_A	0.3623693379790941
6gne_B	0.5748987854251012
6gnf_A	0.4666666666666667
6gng_B	0.492156862745098
6gny_C	0.12149532710280374
6goc_A	0.4617117117117117
6gpa_A	0.5987261146496815
6gq3_A	0.29273084479371314
6gq8_A	0.2018348623853211
6grd_A	0.11793611793611794
6gre_B	0.15942028985507245
6grf_B	0.12322274881516587
6grh_D	0.04292929292929293
6grt_B	0.5882352941176471
6gs1_A	0.3326271186440678
6gs2_A	0.44715447154471544
6gtp_A	0.4722222222222222
6gua_A	0.19019607843137254
6gum_B	0.07207207207207207
6guo_D	0.4521452145214521
6gup_A	0.47941176470588237
6gvb_A	0.4962025316455696
6gvw_B	0.22137404580152673
6gvw_D	0.4895397489539749
6gw5_A	0.07888040712468193
6gw6_A	0.19310344827586207
6gwt_w	0.2823529411764706
6gwu_A	0.27403846153846156
6gx9_A	0.41568627450980394
6gxr_A	0.03888888888888889
6gxs_B	0.19008264462809918
6gxz_D	0.11363636363636363
6gy4_B	0.35
6gyb_E	0.242152466367713
6gyb_F	0.17073170731707318
6gyh_A	0.17777777777777778
6gys_I	0.1607843137254902
6gyu_A	0.2576832151300236
6gyu_E	0.09607843137254903
6gzf_A	0.24770642201834864
6gzt_A	0.1760299625468165
6gzu_A	0.2033195020746888
6h03_G	0.04790419161676647
6h08_B	0.050505050505050504
6h0a_A	0.40412979351032446
6h0c_A	0.5344827586206896
6h0g_B	0.15211970074812967
6h0n_A	0.5225464190981433
6h25_D	0.11904761904761904
6h25_E	0.11149825783972125
6h2b_C	0.1935483870967742
6h2l_B	0.11442786069651742
6h2t_A	0.4166666666666667
6h30_A	0.46271929824561403
6h31_A	0.37149532710280375
6h3i_B	0.3828125
6h3j_C	0.15113350125944586
6h3p_A	0.05714285714285714
6h3s_A	0.09068627450980392
6h3w_A	0.06504065040650407
6h3x_A	0.06334841628959276
6h41_A	0.47572815533980584
6h42_A	0.30025445292620867
6h4n_y	0.2792022792022792
6h5l_A	0.039525691699604744
6h5l_B	0.2727272727272727
6h65_C	0.17857142857142858
6h6v_F	0.11434977578475336
6h77_B	0.4205298013245033
6h82_Q	0.16593886462882096
6h82_R	0.17714285714285713
6h82_b	0.4
6h8n_B	0.5
6h8o_A	0.10526315789473684
6hau_A	0.12087912087912088
6haw_A	0.3036529680365297
6hb3_B	0.35
6hbd_A	0.6688524590163935
6hbv_A	0.3888888888888889
6hbz_B	0.43333333333333335
6hc6_C	0.43137254901960786
6hcd_D	0.7555555555555555
6hce_A	0.095
6hci_B	0.6666666666666666
6hd0_D	0.41333333333333333
6hd1_C	0.3669724770642202
6hd5_u	0.3872340425531915
6hd5_v	0.4658385093167702
6hdd_A	0.11176470588235295
6hdp_A	0.24938875305623473
6he0_A	0.3857442348008386
6he6_A	0.23076923076923078
6hf2_A	0.38153846153846155
6hfo_A	0.13636363636363635
6hfz_C	0.48247978436657685
6hg1_A	0.2857142857142857
6hg4_B	0.1451990632318501
6hgc_A	0.09539473684210527
6hhk_B	0.17777777777777778
6hhm_A	0.3028322440087146
6hif_Y	0.5813953488372093
6hip_A	0.3076923076923077
6hiv_BC	0.4560669456066946
6hiv_DQ	0.29296875
6hix_AF	0.033936651583710405
6hix_Aj	0.14695340501792115
6hix_BG	0.4263322884012539
6hix_BZ	0.2
6hiy_CZ	0.13245033112582782
6hj5_A	0.060810810810810814
6hke_B	0.46621621621621623
6hki_A	0.3326530612244898
6hlx_A	0.3054989816700611
6hly_A	0.39375
6hnd_B	0.3404255319148936
6hnj_A	0.6195286195286195
6hnq_B	0.5283018867924528
6hom_A	0.4542124542124542
6hos_A	0.40375586854460094
6hox_A	0.20902612826603326
6hp2_A	0.5454545454545454
6hpd_A	0.4647058823529412
6hph_A	0.24880382775119617
6hpi_A	0.056962025316455694
6hq7_A	0.46419098143236076
6hq8_A	0.12352941176470589
6hqa_A	0.1627450980392157
6hqz_A	0.2987012987012987
6hr5_A	0.35904255319148937
6hrb_A	0.0803921568627451
6hrg_A	0.463519313304721
6hrk_A	0.022222222222222223
6hrl_A	0.5644599303135889
6hrs_B	0.08376963350785341
6hs7_a	0.052941176470588235
6hsj_B	0.36923076923076925
6hsw_A	0.46208530805687204
6ht9_B	0.18037974683544303
6htj_A	0.3697478991596639
6htk_A	0.4505208333333333
6htq_x	0.3284457478005865
6hul_A	0.5269709543568465
6hus_A	0.3808411214953271
6hux_A	0.45257452574525747
6hv6_A	0.06143344709897611
6hvd_A	0.36713286713286714
6hvn_A	0.09142857142857143
6hwh_Y	0.08235294117647059
6hwj_A	0.1985981308411215
6hxa_A	0.56
6hxf_A	0.38596491228070173
6hxi_B	0.34901960784313724
6hxj_A	0.37202380952380953
6hxp_A	0.0390625
6hxq_A	0.5116959064327485
6hxs_A	0.08870967741935484
6hy3_A	0.21189591078066913
6hyj_B	0.4484304932735426
6hzd_A	0.36363636363636365
6hzf_A	0.3411764705882353
6hzm_B	0.307843137254902
6hzn_A	0.29215686274509806
6i02_B	0.17254901960784313
6i07_A	0.5131578947368421
6i1c_A	0.5277777777777778
6i1d_B	0.3522727272727273
6i1f_A	0.3032069970845481
6i1p_W	0.11811023622047244
6i1t_A	0.4074074074074074
6i28_A	0.42857142857142855
6i34_B	0.3176470588235294
6i3g_A	0.3235908141962422
6i50_A	0.47770700636942676
6i53_A	0.10888252148997135
6i5b_A	0.10537190082644628
6i5r_A	0.34813084112149534
6i5s_A	0.24719101123595505
6i5u_A	0.39100346020761245
6i5x_C	0.4367816091954023
6i60_B	0.4411764705882353
6i6m_B	0.4117647058823529
6i6o_B	0.49056603773584906
6i79_A	0.6346863468634686
6i7s_G	0.29411764705882354
6i7t_F	0.3813559322033898
6i86_A	0.28846153846153844
6i89_A	0.20072992700729927
6i8w_A	0.6258064516129033
6i97_A	0.36470588235294116
6i9a_A	0.45253863134657835
6i9e_H	0.11643835616438356
6i9k_A	0.13870967741935483
6i9w_A	0.6447876447876448
6ia5_E	0.5483870967741935
6iah_A	0.2916666666666667
6ian_E	0.39880952380952384
6ib8_B	0.2037037037037037
6ibb_A	0.16611295681063123
6ibi_C	0.23870967741935484
6ibl_A	0.28211586901763225
6ibw_A	0.24279835390946503
6ica_C	0.3888888888888889
6ici_A	0.2529411764705882
6icm_D	0.25287356321839083
6ico_A	0.09593023255813954
6id6_A	0.4966887417218543
6idr_A	0.3470319634703196
6idw_A	0.2919254658385093
6idy_A	0.4489311163895487
6ie0_A	0.4697406340057637
6ied_A	0.23624595469255663
6if2_A	0.1076923076923077
6ifb_B	0.1037037037037037
6ifd_B	0.5512820512820513
6ifn_B	0.06397306397306397
6ifr_H	0.031161473087818695
6ift_A	0.4623287671232877
6ig2_C	0.09352517985611511
6igb_A	0.5785123966942148
6igf_E	0.018648018648018648
6igg_A	0.24705882352941178
6igo_C	0.5901639344262295
6igs_B	0.49700598802395207
6igx_D	0.3588235294117647
6ih1_D	0.41350210970464135
6ihc_F	0.40522875816993464
6ihj_A	0.20809248554913296
6ii2_A	0.4196078431372549
6iic_A	0.0797872340425532
6iic_B	0.084
6iic_C	0.07905138339920949
6iiv_A	0.2017353579175705
6ij1_A	0.4281437125748503
6ijb_B	0.4588235294117647
6ijc_B	0.20980392156862746
6ijf_C	0.32515337423312884
6ijk_A	0.45353159851301117
6ijn_A	0.3812316715542522
6ik8_A	0.3215686274509804
6il7_A	0.46153846153846156
6il9_A	0.14285714285714285
6ils_B	0.46006389776357826
6ilu_A	0.08888888888888889
6im9_A	0.37551020408163266
6imc_D	0.21470588235294116
6ime_A	0.16842105263157894
6ine_A	0.2388663967611336
6ini_A	0.4288888888888889
6inn_A	0.12941176470588237
6inw_B	0.4076923076923077
6ioh_A	0.4693333333333333
6iom_B	0.14358974358974358
6iow_B	0.24705882352941178
6ioy_B	0.23690773067331672
6iqt_A	0.2222222222222222
6iqv_A	0.35294117647058826
6iqy_A	0.42745098039215684
6ird_C	0.3
6iri_A	0.2336448598130841
6iru_A	0.5172413793103449
6irv_A	0.08502024291497975
6is2_A	0.6776859504132231
6is9_A	0.4222222222222222
6isk_A	0.325
6isq_A	0.5077881619937694
6ist_C	0.22065727699530516
6isv_B	0.4281524926686217
6itd_A	0.45121951219512196
6itf_A	0.005235602094240838
6itu_A	0.1095890410958904
6itw_A	0.07692307692307693
6iu4_A	0.10222222222222223
6iuc_A	0.49242424242424243
6iuq_B	0.33783783783783783
6iuy_A	0.3784313725490196
6iv3_A	0.10948905109489052
6iva_A	0.08333333333333333
6ivc_F	0.22807017543859648
6iw6_A	0.136986301369863
6iwy_A	0.11202185792349727
6ix4_B	0.48860759493670886
6ixh_A	0.362962962962963
6ixj_A	0.5936254980079682
6ixm_A	0.6330645161290323
6ixq_A	0.0741687979539642
6ixy_B	0.29955947136563876
6iym_A	0.16967509025270758
6iyo_A	0.22802850356294538
6iyx_A	0.030973451327433628
6iyy_A	0.4326923076923077
6iz2_A	0.3586206896551724
6iz8_C	0.03418803418803419
6izh_A	0.4492753623188406
6izk_A	0.3591549295774648
6izr_h	0.2922636103151863
6izt_A	0.3937007874015748
6j0n_J	0.12352941176470589
6j0n_P	0.0803921568627451
6j0n_X	0.1806615776081425
6j0n_t	0.11970074812967581
6j0y_A	0.4
6j1h_A	0.42549019607843136
6j28_A	0.24347826086956523
6j2y_A	0.031914893617021274
6j2z_B	0.18556701030927836
6j39_A	0.33695652173913043
6j3g_A	0.26037735849056604
6j3i_A	0.052941176470588235
6j3q_A	0.10404624277456648
6j4b_A	0.34146341463414637
6j57_A	0.18571428571428572
6j5g_A	0.1260053619302949
6j5t_K	0.3058103975535168
6j5v_A	0.28431372549019607
6j5y_A	0.15879828326180256
6j61_A	0.0743801652892562
6j6a_A	0.1085972850678733
6j6g_C	0.2803921568627451
6j6g_Q	0.1678082191780822
6j6q_R	0.23371647509578544
6j6u_B	0.17058823529411765
6j72_A	0.35294117647058826
6j79_A	0.27647058823529413
6j7c_A	0.16012084592145015
6j7k_A	0.32987012987012987
6j7t_A	0.27586206896551724
6j9c_D	0.07142857142857142
6jal_A	0.3629807692307692
6jau_A	0.21554770318021202
6jbd_A	0.3694915254237288
6jbh_A	0.36742424242424243
6jbj_A	0.2529411764705882
6jbn_A	0.0741687979539642
6jbs_A	0.3333333333333333
6jbz_D	0.4880952380952381
6jc0_D	0.2978723404255319
6jc4_A	0.08
6jch_A	0.2324159021406728
6jcn_A	0.2028985507246377
6jd4_A	0.3448275862068966
6jdd_A	0.42613636363636365
6jdo_A	0.3651877133105802
6jdp_A	0.11203319502074689
6je8_A	0.31130063965884863
6jf1_A	0.4576923076923077
6jf8_A	0.11949685534591195
6jfw_C	0.5035460992907801
6jh5_A	0.2672413793103448
6jhb_B	0.6325757575757576
6jhd_A	0.09036144578313253
6jil_B	0.43288590604026844
6jir_A	0.21010638297872342
6jix_A	0.37583892617449666
6jj7_A	0.3139784946236559
6jja_A	0.17532467532467533
6jjj_A	0.1456953642384106
6jka_C	0.5263157894736842
6jkb_A	0.5204918032786885
6jkc_A	0.2792207792207792
6jkg_A	0.6342592592592593
6jkp_A	0.35904255319148937
6jks_D	0.4573170731707317
6jku_A	0.37402597402597404
6jl2_A	0.4139650872817955
6jl7_A	0.1463963963963964
6jly_E	0.34299516908212563
6jly_G	0.371900826446281
6jm7_A	0.49066666666666664
6jms_A	0.403125
6jmt_D	0.26285714285714284
6jn8_A	0.3969465648854962
6jn9_A	0.2840095465393795
6jo0_A	0.14285714285714285
6jom_A	0.1933534743202417
6joo_A	0.12156862745098039
6jp6_B	0.48484848484848486
6jp8_E	0.2603550295857988
6jph_A	0.2823529411764706
6jpk_A	0.3643031784841076
6jq9_B	0.2505175983436853
6jqh_B	0.22745098039215686
6jqm_C	0.24509803921568626
6jr8_A	0.30392156862745096
6jrl_A	0.3720430107526882
6js9_A	0.16111111111111112
6jsb_A	0.10552763819095477
6jsc_B	0.16666666666666666
6jsj_A	0.23529411764705882
6jt5_A	0.3154034229828851
6jt6_A	0.12307692307692308
6jta_A	0.0784313725490196
6jtd_A	0.4025157232704403
6jtj_B	0.4046242774566474
6jun_A	0.2968299711815562
6jut_A	0.3400673400673401
6jv9_B	0.34949494949494947
6jvv_B	0.16165413533834586
6jwk_B	0.32124352331606215
6jx5_A	0.08465608465608465
6jxc_A	0.058823529411764705
6jxg_A	0.45098039215686275
6jxk_B	0.11808118081180811
6jxn_B	0.5801886792452831
6jxr_n	0.4878048780487805
6jy5_B	0.14634146341463414
6jyv_A	0.2188449848024316
6jyy_B	0.4049586776859504
6jyz_A	0.45054945054945056
6jzb_A	0.09561752988047809
6jzf_A	0.24183006535947713
6jzk_A	0.2
6k0b_A	0.0873015873015873
6k0b_C	0.4155844155844156
6k0h_A	0.5791044776119403
6k0o_A	0.07692307692307693
6k0v_A	0.6470588235294118
6k0w_A	0.3058823529411765
6k1q_A	0.11707317073170732
6k1r_A	0.40327868852459015
6k1t_A	0.5953177257525084
6k2c_A	0.08053691275167785
6k2e_A	0.5
6k2f_A	0.12318840579710146
6k2l_A	0.47580645161290325
6k35_A	0.3941176470588235
6k4e_B	0.3780487804878049
6k5g_A	0.271523178807947
6k5j_A	0.48823529411764705
6k60_H	0.10843373493975904
6k68_J	0.4954954954954955
6k6l_B	0.07224334600760456
6k6r_A	0.42276422764227645
6k73_B	0.3696682464454976
6k7z_A	0.5270758122743683
6k80_A	0.5211267605633803
6k8h_B	0.3741496598639456
6k8v_A	0.5450980392156862
6k8z_B	0.4228187919463087
6k93_A	0.06276150627615062
6k97_A	0.2757352941176471
6k9c_A	0.19230769230769232
6ka4_A	0.27450980392156865
6kaj_A	0.35201793721973096
6kbh_A	0.10588235294117647
6kbn_C	0.5833333333333334
6kcf_A	0.3916083916083916
6kcv_A	0.26229508196721313
6kd0_A	0.565597667638484
6kd5_A	0.05343511450381679
6kd7_A	0.1620795107033639
6ket_A	0.47413793103448276
6kex_A	0.29512893982808025
6kfn_A	0.674496644295302
6kfs_A	0.2782258064516129
6kfw_A	0.11793611793611794
6kg8_A	0.4838709677419355
6kgj_A	0.13861386138613863
6khm_K	0.5641025641025641
6khp_A	0.37755102040816324
6khr_A	0.3123209169054441
6khu_A	0.46564885496183206
6khx_B	0.4075829383886256
6ki1_B	0.07653061224489796
6ki3_B	0.4766666666666667
6kia_A	0.20588235294117646
6kih_A	0.6025
6kil_A	0.5929203539823009
6kim_A	0.3430232558139535
6kjc_B	0.21686746987951808
6kji_A	0.5270655270655271
6kjj_A	0.2853185595567867
6kjk_A	0.34328358208955223
6kjx_A	0.23741007194244604
6kkk_A	0.3123359580052493
6kkm_E	0.17664670658682635
6kko_C	0.5748031496062992
6kli_A	0.36666666666666664
6kme_A	0.045774647887323945
6kmo_A	0.6242424242424243
6kms_C	0.5904761904761905
6kn5_A	0.23555555555555555
6kn9_E	0.23134328358208955
6knb_A	0.3844444444444444
6knb_C	0.17269076305220885
6kne_A	0.33727810650887574
6ko5_A	0.1884422110552764
6koe_B	0.296875
6kog_A	0.3119266055045872
6kol_A	0.52
6kor_A	0.4251497005988024
6kpb_C	0.35714285714285715
6kpm_A	0.4135593220338983
6kqb_A	0.38064516129032255
6kqs_A	0.492156862745098
6ks5_B	0.06389776357827476
6ks6_d	0.07450980392156863
6kss_A	0.3509803921568627
6ksu_A	0.24660633484162897
6ksw_A	0.10784313725490197
6ksy_B	0.41522491349480967
6ktr_C	0.03676470588235294
6ktv_A	0.419953596287703
6kty_A	0.09090909090909091
6ku3_B	0.20754716981132076
6ku5_B	0.15942028985507245
6kua_H	0.5609756097560976
6kub_A	0.19473684210526315
6kue_A	0.42813455657492355
6kun_A	0.23129251700680273
6kuu_B	0.03333333333333333
6kvr_A	0.2019607843137255
6kwy_F	0.10204081632653061
6kwy_c	0.2372549019607843
6kxd_B	0.3983516483516483
6kxf_A	0.3598014888337469
6kxh_B	0.5816326530612245
6kxu_C	0.35490196078431374
6ky1_A	0.21666666666666667
6ky4_A	0.47191011235955055
6kyb_B	0.3393939393939394
6kyf_A	0.16058394160583941
6kyk_A	0.5988857938718662
6kyq_A	0.3238993710691824
6kys_B	0.28688524590163933
6kz8_A	0.23333333333333334
6kzs_A	0.12373737373737374
6l07_A	0.21176470588235294
6l08_A	0.34035087719298246
6l0l_A	0.45121951219512196
6l1l_B	0.3791348600508906
6l25_A	0.47843137254901963
6l2c_A	0.35323383084577115
6l2f_A	0.6101694915254238
6l2t_C	0.00980392156862745
6l2u_A	0.3592233009708738
6l30_A	0.1568627450980392
6l3a_B	0.11959287531806616
6l3w_A	0.32550335570469796
6l4h_A	0.5847750865051903
6l4o_A	0.34265734265734266
6l5d_B	0.11065573770491803
6l6d_A	0.176056338028169
6l77_A	0.028037383177570093
6l7o_A	0.05660377358490566
6l7o_B	0.12778904665314403
6l7o_N	0.1891891891891892
6l7q_A	0.034482758620689655
6l7y_A	0.024630541871921183
6l7z_A	0.5042735042735043
6l85_B	0.07231920199501247
6l8h_A	0.13948497854077252
6l8o_A	0.2725490196078431
6l8u_C	0.5676855895196506
6l9w_D	0.07746478873239436
6la0_A	0.41944444444444445
6lad_A	0.3553299492385787
6lai_A	0.313953488372093
6lan_A	0.2706766917293233
6lb9_A	0.19130434782608696
6lba_A	0.23605150214592274
6lbe_B	0.46938775510204084
6lbj_B	0.16158536585365854
6lbr_A	0.15294117647058825
6lbu_A	0.22702702702702704
6lcc_A	0.029333333333333333
6lce_A	0.39803439803439805
6lci_A	0.08024691358024691
6lck_A	0.37160751565762007
6lcp_B	0.07446808510638298
6ld9_C	0.4072164948453608
6ldo_A	0.3937007874015748
6le2_A	0.49517684887459806
6le3_G	0.5846774193548387
6leb_A	0.10476190476190476
6lek_A	0.07567567567567568
6leo_A	0.042682926829268296
6lf2_B	0.183206106870229
6lfg_A	0.2607843137254902
6lfn_A	0.42081447963800905
6lg0_B	0.451685393258427
6lgi_A	0.2411764705882353
6lgn_z	0.03137254901960784
6lgq_C	0.5203619909502263
6lgv_A	0.11254019292604502
6lh4_A	0.3702127659574468
6lh7_A	0.2007168458781362
6lh8_A	0.046052631578947366
6li0_A	0.3832199546485261
6lii_A	0.46956521739130436
6lir_A	0.4461538461538462
6liy_B	0.19387755102040816
6lj3_A	0.06097560975609756
6lj9_A	0.14705882352941177
6ljc_C	0.23076923076923078
6ljl_A	0.22941176470588234
6lk8_A	0.11372549019607843
6lk8_E	0.12745098039215685
6lkc_B	0.2627450980392157
6lke_A	0.28738317757009346
6lkg_D	0.18128654970760233
6lkk_A	0.4421768707482993
6lkv_F	0.3971631205673759
6lkx_A	0.19501133786848074
6lkz_C	0.11618257261410789
6ll8_A	0.3006535947712418
6lln_A	0.6610878661087866
6llx_B	0.24186046511627907
6ln0_A	0.14588235294117646
6ln2_A	0.10983981693363844
6lnh_C	0.31140350877192985
6lnr_A	0.18835616438356165
6lnw_B	0.37209302325581395
6lo8_B	0.3806818181818182
6lod_F	0.09113924050632911
6loe_D	0.25862068965517243
6loi_A	0.17972350230414746
6loi_D	0.21973094170403587
6lp4_A	0.35714285714285715
6lpf_B	0.12352941176470589
6lpm_A	0.5341365461847389
6lpv_A	0.16359447004608296
6lpw_B	0.18577981651376146
6lqq_5C	0.3764705882352941
6lqs_M3	0.10697674418604651
6lr1_A	0.37250554323725055
6lrf_B	0.19411764705882353
6lsa_C	0.00819672131147541
6lsd_B	0.14074074074074075
6lsr_3	0.16862745098039217
6lsu_A	0.3803921568627451
6lsv_A	0.21893491124260356
6lt4_C	0.3411764705882353
6lt9_F	0.19672131147540983
6ltj_L	0.37339055793991416
6ltq_D	0.4186046511627907
6ltr_A	0.06274509803921569
6lu4_A	0.2910602910602911
6lum_K	0.23481781376518218
6lum_P	0.22156862745098038
6lup_A	0.2247191011235955
6lup_B	0.5729166666666666
6lvc_C	0.1568627450980392
6lvo_A	0.4430379746835443
6lvp_A	0.4144486692015209
6lw5_A	0.18501170960187355
6lwt_B	0.1631578947368421
6lx2_A	0.20784313725490197
6lxd_A	0.052941176470588235
6lxy_B	0.3569023569023569
6lyc_A	0.6181818181818182
6lyx_B	0.5655737704918032
6lz7_A	0.28252032520325204
6lzy_A	0.3722466960352423
6m0q_A	0.0496031746031746
6m15_A	0.047058823529411764
6m1c_A	0.657608695652174
6m1y_A	0.047058823529411764
6m20_B	0.3807531380753138
6m2a_A	0.42063492063492064
6m2i_A	0.4209039548022599
6m31_A	0.19285714285714287
6m35_B	0.01935483870967742
6m36_H	0.6831683168316832
6m37_C	0.4782608695652174
6m3a_A	0.47619047619047616
6m3i_A	0.11075949367088607
6m3n_A	0.3582089552238806
6m40_A	0.30606860158311344
6m48_A	0.3784313725490196
6m4f_G	0.3392156862745098
6m4i_A	0.20915032679738563
6m4j_A	0.3976945244956772
6m4p_A	0.15608465608465608
6m5a_A	0.16862745098039217
6m5f_B	0.4880546075085324
6m5n_A	0.6254826254826255
6m5y_A	0.08888888888888889
6m63_A	0.08333333333333333
6m64_A	0.09359605911330049
6m6r_A	0.10240963855421686
6m7d_A	0.0825242718446602
6m7z_E	0.30855018587360594
6m8m_A	0.4463276836158192
6m8o_A	0.559322033898305
6m8t_A	0.5343915343915344
6m99_A	0.050980392156862744
6m9a_C	0.12101910828025478
6m9m_A	0.5072463768115942
6mab_A	0.21561338289962825
6mag_A	0.2978723404255319
6mal_A	0.5346534653465347
6mbh_A	0.32167832167832167
6mca_A	0.30869565217391304
6mcb_C	0.13008130081300814
6mcc_C	0.1
6mcp_A	0.22549019607843138
6md3_C	0.07777777777777778
6mdh_A	0.37583892617449666
6mdn_D	0.22549019607843138
6mds_A	0.37254901960784315
6mev_A	0.3313782991202346
6mf5_B	0.007633587786259542
6mfa_A	0.6005509641873278
6mfd_A	0.5282051282051282
6mfh_A	0.52
6mfl_A	0.4507042253521127
6mfu_A	0.37962962962962965
6mfv_B	0.396078431372549
6mfz_A	0.35294117647058826
6mg9_A	0.4787234042553192
6mgd_A	0.2939189189189189
6mh5_B	0.304
6mhd_A	0.3073770491803279
6mhl_A	0.26862745098039215
6mi5_X	0.1452991452991453
6mib_A	0.40370370370370373
6mit_G	0.16056338028169015
6mix_A	0.22156862745098038
6mjz_A	0.025821596244131457
6mk2_A	0.13022113022113022
6mkb_B	0.49696969696969695
6mkk_A	0.4716312056737589
6mlt_A	0.3215686274509804
6mlu_A	0.058823529411764705
6mly_C	0.2823529411764706
6mm1_D	0.11851851851851852
6mn5_D	0.26153846153846155
6mna_A	0.20809248554913296
6mni_A	0.3449612403100775
6mnz_A	0.0744047619047619
6moj_B	0.4840182648401826
6mol_A	0.577433628318584
6mou_A	0.5013927576601671
6mpa_B	0.4617169373549884
6mpb_A	0.07847533632286996
6mps_A	0.20784313725490197
6mpz_A	0.31690140845070425
6mq5_A	0.5085470085470085
6mqf_B	0.13114754098360656
6mr3_A	0.3836734693877551
6mrj_B	0.44366197183098594
6mrm_C	0.3746031746031746
6mrn_A	0.19583333333333333
6mro_A	0.6855670103092784
6mrs_A	0.33766233766233766
6ms3_A	0.3509803921568627
6mt2_B	0.09392265193370165
6mtc_v	0.4124293785310734
6mtg_B	0.4212328767123288
6muk_A	0.3526170798898072
6muq_A	0.2883895131086142
6mus_F	0.05305039787798409
6mut_E	0.06993006993006994
6muu_A	0.22549019607843138
6muw_S	0.09465020576131687
6mv2_A	0.4101123595505618
6mvu_A	0.16470588235294117
6mw4_A	0.37450980392156863
6mw7_C	0.1627450980392157
6mwi_C	0.34177215189873417
6mx1_A	0.5128205128205128
6mx7_C	0.1
6mxv_B	0.44621513944223107
6myk_B	0.1386861313868613
6myv_C	0.4803921568627451
6mza_A	0.4701492537313433
6mzc_B	0.21764705882352942
6mzf_Z	0.4686868686868687
6mzp_A	0.11146496815286625
6n04_B	0.31693989071038253
6n0z_B	0.2415902140672783
6n10_A	0.12158808933002481
6n1a_A	0.4326424870466321
6n1f_D	0.4647887323943662
6n1x_A	0.6896551724137931
6n1z_A	0.37254901960784315
6n2a_A	0.4194312796208531
6n2b_B	0.21971830985915494
6n2c_A	0.16625916870415647
6n2o_A	0.31176470588235294
6n2o_B	0.3161512027491409
6n30_G	0.13732394366197184
6n39_A	0.38366336633663367
6n3h_A	0.5361842105263158
6n44_A	0.2517985611510791
6n4v_BC	0.050387596899224806
6n51_B	0.4372549019607843
6n5g_A	0.5386904761904762
6n64_C	0.08
6n67_A	0.061855670103092786
6n6q_B	0.14508928571428573
6n7e_D	0.27586206896551724
6n7p_X	0.12941176470588237
6n8a_B	0.08247422680412371
6n8e_A	0.21764705882352942
6n8n_S	0.0
6n8o_W	0.23607427055702918
6n8o_Y	0.0390625
6n8s_A	0.27647058823529413
6n91_A	0.46706586826347307
6n9a_B	0.4075829383886256
6n9j_B	0.3960674157303371
6n9q_D	0.44765342960288806
6n9y_A	0.07058823529411765
6nag_A	0.358974358974359
6nak_D	0.30303030303030304
6nan_A	0.22033898305084745
6nau_A	0.6377245508982036
6nbe_N	0.46774193548387094
6nbg_A	0.4297520661157025
6nbj_A	0.36243386243386244
6nbo_A	0.5128205128205128
6nbp_A	0.3983739837398374
6nbr_A	0.6012658227848101
6nby_D	0.1626984126984127
6nby_K	0.28773584905660377
6nc9_A	0.40210526315789474
6nci_A	0.4362745098039216
6ncl_a4	0.13725490196078433
6ncl_a6	0.31137724550898205
6ncr_A	0.1608187134502924
6ncw_A	0.49411764705882355
6ncz_C	0.44901960784313727
6nd4_H	0.2784313725490196
6nd4_N	0.47843137254901963
6nd4_Q	0.38823529411764707
6ndi_A	0.6153846153846154
6ndl_A	0.35294117647058826
6ndn_A	0.4014778325123153
6ndr_A	0.39893617021276595
6nds_A	0.40327868852459015
6ndx_B	0.12844036697247707
6ne4_B	0.7010309278350515
6nef_A	0.03931203931203931
6neq_F	0.41935483870967744
6ner_E	0.3118279569892473
6neu_A	0.31786542923433875
6nf1_A	0.11372549019607843
6nf4_A	0.07125890736342043
6nfe_B	0.451505016722408
6nff_A	0.28823529411764703
6nhi_A	0.16071428571428573
6nhj_S	0.05536332179930796
6nhz_A	0.0891089108910891
6ni0_A	0.22764227642276422
6nif_A	0.05660377358490566
6niq_A	0.30798479087452474
6njd_B	0.08900523560209424
6njk_B	0.3085399449035813
6njm_I	0.01834862385321101
6njm_J	0.056338028169014086
6njp_D	0.3026634382566586
6njw_A	0.3557692307692308
6nkd_A	0.5666666666666667
6nke_A	0.5742971887550201
6nkf_A	0.574750830564784
6nkh_A	0.5938697318007663
6nki_A	0.45224719101123595
6nkl_B	0.4740740740740741
6nko_A	0.21428571428571427
6nlp_A	0.4034090909090909
6nm5_M	0.04580152671755725
6nmi_A	0.29215686274509806
6nmi_B	0.1627450980392157
6nmn_A	0.2727272727272727
6nmy_F	0.3814814814814815
6no5_A	0.2175732217573222
6nob_A	0.4019607843137255
6noi_A	0.13942307692307693
6nok_A	0.4280701754385965
6nop_B	0.5152671755725191
6nor_A	0.5329512893982808
6not_A	0.23921568627450981
6noz_A	0.06048387096774194
6np6_A	0.4934210526315789
6npa_A	0.14893617021276595
6npo_A	0.2725490196078431
6nps_A	0.2784313725490196
6nq8_A	0.11057692307692307
6nqc_A	0.47950819672131145
6nr1_A	0.43727598566308246
6nrr_A	0.6105263157894737
6nru_I	0.3793103448275862
6ns4_A	0.06666666666666667
6nsi_A	0.35789473684210527
6nt2_A	0.3303030303030303
6ntz_A	0.26975476839237056
6nu8_A	0.3401639344262295
6nu9_A	0.05357142857142857
6nud_J	0.1980392156862745
6nvm_A	0.45491803278688525
6nvo_A	0.515
6nvy_B	0.056862745098039215
6nw9_C	0.4215686274509804
6nwo_D	0.45454545454545453
6nwx_B	0.30569948186528495
6nwz_A	0.3333333333333333
6nx5_A	0.4457831325301205
6nxe_B	0.03137254901960784
6ny5_A	0.3911917098445596
6nyf_D	0.3235294117647059
6nyq_C	0.10658307210031348
6nz0_Z	0.7157894736842105
6nz2_A	0.09574468085106383
6nz4_A	0.21841541755888652
6nzx_A	0.15789473684210525
6o0a_A	0.45691906005221933
6o1e_A	0.13921113689095127
6o1f_I	0.07344632768361582
6o1m_R	0.44274809160305345
6o1o_A	0.00196078431372549
6o1o_B	0.02867383512544803
6o1z_A	0.29444444444444445
6o25_G	0.4789915966386555
6o2b_E	0.5166666666666667
6o2d_B	0.5310344827586206
6o2k_B	0.5492957746478874
6o2m_A	0.24313725490196078
6o2v_A	0.05185185185185185
6o38_A	0.2725490196078431
6o3h_A	0.11246943765281174
6o4d_B	0.23333333333333334
6o4o_A	0.10650887573964497
6o59_A	0.08627450980392157
6o60_C	0.9074550128534704
6o6w_A	0.06802721088435375
6o76_B	0.1951219512195122
6o7a_D	0.43984220907297833
6o8b_B	0.23529411764705882
6o8w_S	0.28431372549019607
6o93_A	0.2969543147208122
6o9n_A	0.13529411764705881
6oao_F	0.4410480349344978
6oaw_B	0.023255813953488372
6ob0_A	0.4004524886877828
6ob7_A	0.2440944881889764
6ob8_A	0.5374592833876222
6obv_A	0.3020833333333333
6od8_A	0.1956521739130435
6odj_K	0.0
6odm_5	0.023255813953488372
6odm_C	0.041176470588235294
6oea_A	0.05426356589147287
6oec_L	0.5617283950617284
6oef_K	0.00392156862745098
6oew_B	0.5271966527196653
6ofb_B	0.31176470588235294
6ofc_B	0.4215686274509804
6ofr_A	0.3509803921568627
6ofs_A	0.2196078431372549
6ofu_B	0.4393939393939394
6oh9_A	0.37831858407079644
6ohh_B	0.3125
6ohk_A	0.6647058823529411
6ohp_A	0.33725490196078434
6ohx_A	0.13432835820895522
6oid_A	0.25259515570934254
6oif_R	0.2730496453900709
6oil_A	0.44594594594594594
6oit_F	0.08187134502923976
6oiu_C	0.2784313725490196
6oj0_Z	0.20555555555555555
6oj1_A	0.41832669322709165
6ojd_A	0.6299559471365639
6ok1_B	0.37404580152671757
6okh_A	0.21910112359550563
6om5_A	0.07539682539682539
6om8_D	0.5149572649572649
6oma_A	0.13712374581939799
6ome_A	0.16633266533066132
6omk_A	0.3405275779376499
6onb_B	0.5636363636363636
6onn_B	0.4198473282442748
6onp_A	0.45023696682464454
6ont_A	0.7024793388429752
6ooq_A	0.3852040816326531
6op6_A	0.5234042553191489
6opc_Z	0.37254901960784315
6opm_C	0.1615598885793872
6orb_A	0.21372549019607842
6org_A	0.4888888888888889
6ori_A	0.10761154855643044
6orm_A	0.588957055214724
6ort_A	0.11913357400722022
6os0_A	0.10886075949367088
6osu_A	0.2324455205811138
6otj_B	0.20649651972157773
6otu_A	0.24509803921568626
6ov0_A	0.23556581986143188
6ov8_A	0.15151515151515152
6ovc_A	0.09146341463414634
6ovf_A	0.16233766233766234
6ovk_B	0.19753086419753085
6ovm_R	0.3145539906103286
6ow0_A	0.5294117647058824
6ow4_F	0.6373239436619719
6owe_B	0.4107142857142857
6owf_CP	0.2
6oxb_C	0.05660377358490566
6oxc_B	0.30392156862745096
6oxd_A	0.10980392156862745
6oxm_A	0.3688118811881188
6oyc_A	0.3152610441767068
6oyc_B	0.3764705882352941
6oyc_C	0.31290322580645163
6oz6_D	0.10416666666666667
6ozb_C	0.36787564766839376
6ozd_B	0.21568627450980393
6ozf_B	0.3466666666666667
6ozj_B	0.3
6p0f_A	0.18285714285714286
6p0x_A	0.0625
6p0y_A	0.350597609561753
6p1g_A	0.47244094488188976
6p1j_A	0.2196078431372549
6p20_D	0.20689655172413793
6p22_D	0.15328467153284672
6p29_A	0.29850746268656714
6p2k_B	0.4
6p2l_A	0.3431372549019608
6p2n_A	0.33137254901960783
6p2r_A	0.21176470588235294
6p3e_A	0.35365853658536583
6p3k_B	0.1271186440677966
6p44_B	0.4358974358974359
6p4o_F	0.20374220374220375
6p57_B	0.09322033898305085
6p5b_A	0.023195876288659795
6p5r_A	0.1396103896103896
6p61_A	0.6476683937823834
6p66_C	0.4108695652173913
6p6f_B	0.7133333333333334
6p6j_A	0.23921568627450981
6p6j_B	0.25882352941176473
6p74_A	0.3254901960784314
6p78_A	0.40869565217391307
6p7b_A	0.436241610738255
6p7q_C	0.22727272727272727
6p7r_A	0.4043321299638989
6p7y_A	0.06976744186046512
6p82_B	0.20198675496688742
6p8c_A	0.3611111111111111
6p8r_B	0.13095238095238096
6p8v_C	0.37293729372937295
6p8v_G	0.178125
6pa3_A	0.5209580838323353
6paj_B	0.458128078817734
6pal_A	0.551980198019802
6pbm_A	0.3826291079812207
6pbz_A	0.33814432989690724
6pc0_B	0.34297520661157027
6pcc_A	0.36724565756823824
6pcu_E	0.5042372881355932
6pdk_A	0.14516129032258066
6pdt_A	0.262
6ped_B	0.03937007874015748
6pej_A	0.5758754863813229
6peu_B	0.13766233766233765
6pev_A	0.09623430962343096
6pew_I	0.058823529411764705
6pgl_A	0.2706422018348624
6pgv_A	0.2565789473684211
6phe_B	0.5
6pi8_B	0.4454022988505747
6pi9_A	0.4576923076923077
6pif_G	0.08627450980392157
6pif_H	0.050505050505050504
6pii_A	0.5238095238095238
6pij_A	0.08831908831908832
6pkv_C	0.25882352941176473
6pl0_B	0.29215686274509806
6pl5_B	0.15098039215686274
6plj_A	0.5740740740740741
6pll_A	0.5847457627118644
6plm_B	0.06666666666666667
6pnl_A	0.6190476190476191
6pnq_B	0.15789473684210525
6pnt_A	0.4379391100702576
6poj_A	0.14383561643835616
6ppf_E	0.12371134020618557
6ppf_R	0.34375
6ppi_A	0.026634382566585957
6ppo_B	0.0851063829787234
6ppp_H	0.4148936170212766
6pqh_B	0.1837160751565762
6pqx_A	0.07916666666666666
6psg_C	0.21686746987951808
6psi_A	0.19642857142857142
6pt4_B	0.2854122621564482
6pt8_A	0.15428571428571428
6ptd_A	0.2702702702702703
6ptm_A	0.2372549019607843
6ptv_D	0.1942257217847769
6puq_A	0.5847953216374269
6pv4_C	0.39215686274509803
6pvg_A	0.26741573033707866
6pwj_A	0.47794117647058826
6pwu_A	0.047058823529411764
6pwv_D	0.07282913165266107
6pwy_B	0.1607843137254902
6pwz_B	0.413953488372093
6px3_S	0.18454935622317598
6pxa_E	0.26244343891402716
6pxe_F	0.3503184713375796
6pxl_K	0.2727272727272727
6pxs_A	0.2891891891891892
6pxu_B	0.44509803921568625
6py8_K	0.6744186046511628
6pyx_A	0.5950920245398773
6pzj_A	0.23484848484848486
6pzn_A	0.631578947368421
6q0b_7	0.06378132118451026
6q10_A	0.32432432432432434
6q1f_S	0.030100334448160536
6q1i_B	0.4813753581661891
6q1m_A	0.31932773109243695
6q1q_B	0.14685314685314685
6q2f_A	0.3333333333333333
6q2m_A	0.4549019607843137
6q2o_E	0.27058823529411763
6q2p_B	0.4812286689419795
6q2v_A	0.026845637583892617
6q3g_BK	0.08396946564885496
6q3g_CO	0.2375249500998004
6q3v_A	0.031914893617021274
6q3x_A	0.27735368956743
6q40_A	0.34177215189873417
6q4s_A	0.06493506493506493
6q4x_A	0.24605678233438485
6q50_A	0.33647798742138363
6q55_A	0.2928416485900217
6q56_B	0.5811965811965812
6q5g_A	0.3701923076923077
6q5u_C	0.19796954314720813
6q5u_O	0.1693548387096774
6q5u_R	0.152
6q63_A	0.3156862745098039
6q64_A	0.4263803680981595
6q6b_A	0.38345864661654133
6q6i_A	0.4137254901960784
6q75_A	0.4290322580645161
6q7i_A	0.39215686274509803
6q8n_A	0.5327102803738317
6qaz_A	0.078125
6qb7_A	0.2894736842105263
6qbr_B	0.048672566371681415
6qc2_a1	0.28018223234624146
6qc8_D4	0.10893246187363835
6qcm_N	0.5847457627118644
6qd5_A	0.10674157303370786
6qd6_G	0.20042643923240938
6qdi_A	0.48299319727891155
6qe6_A	0.5530973451327433
6qe8_A	0.09289617486338798
6qek_A	0.5897435897435898
6qem_G	0.4100418410041841
6qey_A	0.3058823529411765
6qfg_A	0.28699551569506726
6qfo_A	0.2725490196078431
6qg6_I	0.26218097447795824
6qgi_A	0.08433734939759036
6qgm_d	0.21764705882352942
6qgt_B	0.06529209621993128
6qh4_C	0.37681159420289856
6qhe_A	0.5900383141762452
6qhg_A	0.09243697478991597
6qhn_A	0.22532188841201717
6qi5_Q	0.3760217983651226
6qii_G	0.3715415019762846
6qix_A	0.08069164265129683
6qj3_A	0.3254901960784314
6qkj_A	0.2446043165467626
6qkl_C	0.16097560975609757
6qkr_B	0.49607843137254903
6qlh_A	0.4519230769230769
6qm2_A	0.11382113821138211
6qm3_A	0.2835820895522388
6qmm_B	0.4714285714285714
6qp0_A	0.5106382978723404
6qp1_B	0.4271356783919598
6qp8_A	0.21372549019607842
6qpf_B	0.047058823529411764
6qpi_A	0.03896103896103896
6qpk_B	0.12658227848101267
6qpq_A	0.24378109452736318
6qps_A	0.6912751677852349
6qrj_A	0.5399568034557235
6qsp_B	0.3907563025210084
6qsr_B	0.3815789473684211
6qss_B	0.46579804560260585
6qt8_A	0.532871972318339
6qt9_Y	0.2222222222222222
6qu6_A	0.1111111111111111
6qur_A	0.46113989637305697
6qv5_A	0.23183391003460208
6qvf_B	0.14450867052023122
6qvi_A	0.21176470588235294
6qvp_E	0.2980769230769231
6qw5_A	0.24019607843137256
6qw6_R	0.42452830188679247
6qwo_B	0.41106719367588934
6qwr_A	0.46919431279620855
6qwt_A	0.09978768577494693
6qx4_B	0.46862745098039216
6qx6_A	0.07954545454545454
6qxa_A	0.09803921568627451
6qxn_A	0.24202127659574468
6qyi_B	0.16666666666666666
6qyk_A	0.37058823529411766
6qz0_2N	0.25842696629213485
6qz4_A	0.35294117647058826
6qz9_0A	0.044673539518900345
6qzh_A	0.16666666666666666
6qzk_A	0.15294117647058825
6qzt_A	0.31277533039647576
6r02_C	0.08970976253298153
6r0j_A	0.12432432432432433
6r0w_N	0.1588235294117647
6r0x_E	0.36363636363636365
6r1a_A	0.11607142857142858
6r1h_A	0.5271739130434783
6r1j_J	0.16287878787878787
6r1m_B	0.12093023255813953
6r1v_A	0.36486486486486486
6r2h_A	0.05759162303664921
6r2j_B	0.5151515151515151
6r2q_B	0.4196078431372549
6r2s_C	0.06688963210702341
6r3m_A	0.4514285714285714
6r3w_A	0.32298136645962733
6r45_A	0.3942307692307692
6r4m_C	0.34
6r58_D	0.2777777777777778
6r5k_H	0.4416243654822335
6r5w_A	0.24561403508771928
6r6h_O	0.0803921568627451
6r77_A	0.11494252873563218
6r7f_E	0.19292604501607716
6r7f_V	0.19375
6r7p_A	0.3503184713375796
6r7u_B	0.2824675324675325
6r82_A	0.06077348066298342
6r86_s	0.08636363636363636
6r8u_A	0.34352941176470586
6r99_A	0.031578947368421054
6ra3_A	0.602996254681648
6rao_C	0.14814814814814814
6rao_F	0.33557046979865773
6rao_I	0.11286681715575621
6rap_A	0.30201342281879195
6rap_E	0.28363636363636363
6ras_I	0.20554272517321015
6rb7_A	0.5606557377049181
6rbk_B	0.22767857142857142
6rd8_3	0.37142857142857144
6rdl_2	0.4875283446712018
6rdn_S	0.1624548736462094
6rdr_X	0.19607843137254902
6rfg_A	0.15555555555555556
6rfl_O	0.0784313725490196
6rfl_Y	0.4019607843137255
6rfy_D	0.36363636363636365
6rgl_D	0.16580310880829016
6rgo_A	0.40672782874617736
6rgz_D	0.6639344262295082
6rh5_A	0.15217391304347827
6riw_A	0.2235294117647059
6riy_B	0.06870229007633588
6rjr_A	0.10891089108910891
6rk0_A	0.2383177570093458
6rke_A	0.2867647058823529
6rkf_A	0.33134328358208953
6rkl_A	0.3686746987951807
6rkw_A	0.09019607843137255
6rkw_B	0.16862745098039217
6rl5_G	0.4052132701421801
6rlb_D	0.336322869955157
6rlb_E	0.3333333333333333
6rm3_LCC	0.27884615384615385
6rm3_LDD	0.14705882352941177
6rm3_LFF	0.2604166666666667
6rm3_LG0	0.26666666666666666
6rm3_LH0	0.059782608695652176
6rm3_LO0	0.19653179190751446
6rm3_SB0	0.05714285714285714
6rm3_SGG	0.4727272727272727
6rm3_SM0	0.33613445378151263
6rm3_SQ0	0.23684210526315788
6rm3_SU0	0.07291666666666667
6rm3_SW0	0.1732283464566929
6rmo_I	0.25
6rn5_A	0.17314487632508835
6roh_A	0.06470588235294118
6row_B	0.03333333333333333
6row_E	0.20735785953177258
6row_G	0.19653179190751446
6rpo_u	0.21890547263681592
6rpq_A	0.23293172690763053
6rpv_A	0.16666666666666666
6rpx_A	0.3412698412698413
6rqa_A	0.4254658385093168
6rre_D	0.06323185011709602
6rs4_A	0.5174603174603175
6rtd_B	0.3798283261802575
6rth_A	0.10912698412698413
6rtl_A	0.10835913312693499
6rtv_A	0.3549222797927461
6ru4_A	0.4384057971014493
6rui_O	0.21031746031746032
6ruj_A	0.3495702005730659
6rul_A	0.3007246376811594
6rup_A	0.3783783783783784
6ruu_B	0.34265734265734266
6ruz_A	0.36794582392776526
6rw0_A	0.45272206303724927
6rx4_B	0.09762532981530343
6rxg_A	0.07858546168958742
6rxp_B	0.31063829787234043
6rxu_UR	0.41387024608501116
6rxu_UT	0.2411764705882353
6rxu_UU	0.3352941176470588
6rxv_CX	0.3707865168539326
6rxx_CG	0.39663461538461536
6rxx_CH	0.14910025706940874
6rxx_CI	0.23137254901960785
6rxz_UD	0.4568627450980392
6ry1_A	0.3146341463414634
6ryk_A	0.39849624060150374
6s0f_A	0.4788732394366197
6s0z_X	0.4482758620689655
6s1f_A	0.3711340206185567
6s21_A	0.3065843621399177
6s24_A	0.42549019607843136
6s2o_A	0.01646090534979424
6s2r_A	0.48717948717948717
6s2x_AAA	0.4896755162241888
6s3k_A	0.10588235294117647
6s3t_A	0.3983957219251337
6s44_A	0.13013698630136986
6s47_Bi	0.3254901960784314
6s4c_A	0.5891891891891892
6s4f_B	0.44966442953020136
6s4m_A	0.4014084507042254
6s50_A	0.07258064516129033
6s5i_A	0.24358974358974358
6s5m_A	0.5196078431372549
6s5w_A	0.5660377358490566
6s5y_A	0.22699386503067484
6s67_A	0.12053571428571429
6s6b_C	0.03896103896103896
6s6b_H	0.022435897435897436
6s6b_K	0.06470588235294118
6s6q_B	0.8470588235294118
6s6v_A	0.4689119170984456
6s6y_C	0.17735849056603772
6s6y_D	0.09740259740259741
6s7j_A	0.07042253521126761
6s7o_G	0.41362530413625304
6s7v_A	0.3253968253968254
6s8b_I	0.0528169014084507
6s8b_J	0.023157894736842106
6s8f_F	0.0
6s8t_A	0.07013574660633484
6s98_B	0.033112582781456956
6s9f_B	0.6433333333333333
6s9u_A	0.22745098039215686
6s9v_B	0.241869918699187
6s9z_A	0.1471698113207547
6sak_A	0.0948905109489051
6sau_B	0.36425339366515835
6sbp_A	0.4149377593360996
6sbr_A	0.25098039215686274
6sce_A	0.3137254901960784
6scl_C	0.4178082191780822
6scx_A	0.3201219512195122
6scy_B	0.348993288590604
6sd6_C	0.5185185185185185
6sdk_C	0.36683417085427134
6sdu_A	0.19369369369369369
6se1_A	0.4789272030651341
6sei_A	0.2971014492753623
6seq_A	0.37410071942446044
6ser_A	0.27755102040816326
6sf0_A	0.23921568627450981
6sg8_B	0.18110236220472442
6sg9_F4	0.24313725490196078
6sg9_FL	0.278125
6sg9_Uh	0.027450980392156862
6sga_FW	0.2388663967611336
6sgb_F7	0.4372549019607843
6sgb_F8	0.03725490196078431
6sgb_FA	0.28431372549019607
6sgb_FB	0.04509283819628647
6sgb_FD	0.22588832487309646
6sgb_FF	0.25245098039215685
6sgb_FH	0.07570977917981073
6sgb_UY	0.01282051282051282
6sgf_B	0.5151515151515151
6sgy_A	0.05721393034825871
6shc_A	0.07692307692307693
6shl_B	0.15151515151515152
6shl_C	0.1417624521072797
6shm_A	0.415929203539823
6shu_A	0.6075949367088608
6sih_A	0.07991803278688525
6sj5_A	0.39285714285714285
6sjl_E	0.2529411764705882
6sjr_A	0.419672131147541
6sjt_AAA	0.1574074074074074
6sjx_A	0.03296703296703297
6skf_BE	0.054901960784313725
6skg_Aj	0.14728682170542637
6skg_BJ	0.12280701754385964
6skg_BV	0.22727272727272727
6skg_BW	0.2823529411764706
6sl1_A	0.4019607843137255
6sl4_A	0.37333333333333335
6sl9_AAA	0.437984496124031
6slf_A	0.3969849246231156
6slk_B	0.49142857142857144
6sln_D	0.2033195020746888
6sm7_B	0.4610169491525424
6sme_D	0.5588235294117647
6smo_G	0.36619718309859156
6smp_B	0.3213429256594724
6smq_E	0.3607843137254902
6sms_A	0.17450980392156862
6smt_B	0.4844290657439446
6sn1_B	0.35785288270377735
6snh_X	0.1440501043841336
6snj_A	0.4198473282442748
6snk_A	0.6117021276595744
6sno_A	0.3431372549019608
6snr_A	0.32587064676616917
6snw_E	0.3299319727891156
6soe_A	0.36607142857142855
6soy_A	0.06191950464396285
6sp0_A	0.24873096446700507
6spb_Z	0.43859649122807015
6sqg_E	0.12735849056603774
6sqx_A	0.13347921225382933
6sr6_C	0.30196078431372547
6srb_B	0.27467811158798283
6ss2_AAA	0.45625
6ssh_A	0.08900523560209424
6ssp_D	0.11371237458193979
6ssp_J	0.11784511784511785
6st0_A	0.4899328859060403
6st5_A	0.12352941176470589
6std_A	0.4329268292682927
6stx_C	0.3
6sty_A	0.3383838383838384
6su3_A	0.13671875
6su8_A	0.045454545454545456
6su9_A	0.34915254237288135
6sum_A	0.32238805970149254
6svo_A	0.3392156862745098
6sw4_B	0.6262626262626263
6swb_B	0.6615384615384615
6swh_E	0.28
6swj_A	0.47317073170731705
6sws_A	0.415929203539823
6sx4_BBB	0.40980392156862744
6sxo_A	0.15733333333333333
6sy9_A	0.3355048859934853
6syu_A	0.4228855721393035
6sz9_A	0.18816067653276955
6sz9_B	0.04247104247104247
6sz9_C	0.18316831683168316
6sza_C	0.22661122661122662
6szc_A	0.1794871794871795
6t0b_b	0.2838983050847458
6t0q_A	0.3352941176470588
6t14_BBB	0.06967213114754098
6t1z_A	0.44274809160305345
6t2b_B	0.44419134396355353
6t2n_AAA	0.25539568345323743
6t2p_BBB	0.24793388429752067
6t2r_AAA	0.23387096774193547
6t2t_A	0.31004366812227074
6t3e_B	0.39692307692307693
6t3x_A	0.13679245283018868
6t3z_A	0.1152073732718894
6t58_A	0.13725490196078433
6t5a_E	0.025362318840579712
6t5k_C	0.49107142857142855
6t5l_A	0.4732142857142857
6t65_C	0.5596330275229358
6t6y_A	0.5691699604743083
6t76_A	0.4423076923076923
6t7g_AAA	0.43333333333333335
6t84_A	0.05056179775280899
6t85_A	0.26143790849673204
6t8d_X	0.03380281690140845
6t8y_BBB	0.5493333333333333
6t9m_AAA	0.46285714285714286
6ta6_D	0.4289855072463768
6tad_A	0.16483516483516483
6tav_A	0.44313725490196076
6tba_A1	0.42857142857142855
6tbm_N	0.008955223880597015
6tbm_Q	0.08506224066390042
6tbn_B	0.5714285714285714
6tbu_A	0.11960784313725491
6tca_A	0.3072463768115942
6tcz_J	0.08823529411764706
6tcz_K	0.043689320388349516
6td3_B	0.34534534534534533
6td9_B	0.1862348178137652
6tdv_A	0.03292181069958848
6tdw_B	0.23547400611620795
6te9_E	0.5
6teb_C	0.19402985074626866
6teh_C	0.07876712328767123
6teh_D	0.15945330296127563
6tej_B	0.2627450980392157
6tek_A	0.47391304347826085
6tfo_C	0.47641509433962265
6tgc_A	0.24705882352941178
6tgc_B	0.3176470588235294
6tgf_D	0.3509803921568627
6tgv_C	0.570694087403599
6th0_A	0.5625
6th1_R	0.041666666666666664
6th6_Ad	0.12105263157894737
6th6_BL	0.17142857142857143
6thh_C	0.1411764705882353
6thm_D	0.27445652173913043
6thq_B	0.20930232558139536
6ti2_A	0.27607361963190186
6tit_A	0.027777777777777776
6tj2_A	0.5267489711934157
6tji_A	0.175
6tjr_A	0.4647058823529412
6tjv_D	0.13179916317991633
6tjv_F	0.10784313725490197
6tjv_H	0.022900763358778626
6tjv_P	0.04929577464788732
6tjv_Q	0.17567567567567569
6tjz_A	0.07784431137724551
6tk9_A	0.36162361623616235
6tku_A	0.5549019607843138
6tl1_A	0.05714285714285714
6tlb_A	0.0972972972972973
6tld_C	0.3436754176610978
6tm8_A	0.01639344262295082
6tmf_H	0.12
6tmk_d1	0.1888111888111888
6tml_f7	0.4734042553191489
6tml_g1	0.14705882352941177
6tmr_A	0.06615776081424936
6tmu_A	0.1607843137254902
6tn6_A	0.513978494623656
6tne_A	0.7129629629629629
6tnh_A	0.2463768115942029
6tnm_A	0.43333333333333335
6tnz_A	0.18235294117647058
6tnz_B	0.3689095127610209
6to1_A	0.2725490196078431
6toa_A	0.005405405405405406
6top_A	0.4025974025974026
6tor_B	0.3688118811881188
6tp5_A	0.25135135135135134
6tpb_A	0.5257731958762887
6tpi_A	0.2631578947368421
6tpl_A	0.5656565656565656
6tpn_A	0.35294117647058826
6tpq_B	0.36065573770491804
6tpw_A	0.616
6tq8_A	0.6260162601626016
6tqd_B	0.529126213592233
6tqo_X	0.049019607843137254
6tqp_A	0.11971830985915492
6tr0_A	0.40487804878048783
6tr4_A	0.4209486166007905
6trh_C	0.23896103896103896
6trq_C	0.05357142857142857
6tru_B	0.075
6trv_BBB	0.35374149659863946
6tsv_A	0.40298507462686567
6tsz_U	0.3541666666666667
6ttb_A	0.5287009063444109
6ttj_C	0.3287981859410431
6ttl_A	0.1524008350730689
6tua_A	0.36054421768707484
6tug_B	0.3421686746987952
6tui_D	0.29743589743589743
6tui_O4	0.1447811447811448
6tux_A	0.22727272727272727
6tv1_A	0.2675438596491228
6tv9_A	0.49731182795698925
6tvp_B	0.6401028277634961
6txr_A	0.434640522875817
6ty4_A	0.2196078431372549
6tz1_A	0.0392156862745098
6tz1_B	0.1536926147704591
6tze_A	0.42990654205607476
6tzk_A	0.35920177383592017
6u05_A	0.2542372881355932
6u08_F	0.2032520325203252
6u0a_A	0.06018518518518518
6u0o_A	0.15725806451612903
6u0o_B	0.1736111111111111
6u0p_C	0.26666666666666666
6u10_A	0.5018587360594795
6u11_A	0.12658227848101267
6u1b_A	0.39819004524886875
6u1d_B	0.3773006134969325
6u1q_A	0.5048076923076923
6u1s_A	0.0935483870967742
6u2a_A	0.3407821229050279
6u2l_II	0.08235294117647059
6u2m_A	0.41379310344827586
6u3i_A	0.35294117647058826
6u3j_A	0.20392156862745098
6u42_3X	0.2760942760942761
6u42_5L	0.4764705882352941
6u45_A	0.29411764705882354
6u4b_A	0.39215686274509803
6u4z_A	0.42917547568710357
6u62_A	0.32745098039215687
6u6t_B	0.6420664206642066
6u6u_R	0.5126903553299492
6u7a_D	0.3776223776223776
6u7b_B	0.11363636363636363
6u7d_A	0.25496688741721857
6u7l_A	0.15
6u7v_A	0.09482758620689655
6u83_A	0.44155844155844154
6u8j_D	0.25935828877005346
6u8y_H	0.16632443531827515
6u8y_J	0.3615819209039548
6u8y_l	0.032171581769437
6u8y_m	0.06312292358803986
6u8y_x	0.11764705882352941
6u9d_B	0.4745098039215686
6uak_A	0.5656565656565656
6uaq_A	0.47717842323651455
6uaw_A	0.4653846153846154
6uax_A	0.5232558139534884
6uay_B	0.4713114754098361
6ub6_A	0.3134920634920635
6ub8_I	0.4457831325301205
6ubc_A	0.4609375
6ubl_A	0.12796208530805686
6ubz_A	0.0392156862745098
6uca_D	0.2764423076923077
6ucz_B	0.5132075471698113
6ud7_A	0.14553990610328638
6ue2_D	0.27058823529411763
6ueh_A	0.4132231404958678
6uek_A	0.1411764705882353
6uex_A	0.2145748987854251
6uf3_A	0.24803149606299213
6ugd_E	0.34294871794871795
6ugm_N	0.40931372549019607
6uh2_B	0.5803921568627451
6uh6_A	0.10437710437710437
6uhi_A	0.02702702702702703
6uhx_B	0.6732283464566929
6ui3_A	0.5756676557863502
6ui4_A	0.0803921568627451
6ui5_A	0.32193158953722334
6uio_A	0.21428571428571427
6ujc_B	0.3649025069637883
6uje_A	0.5581395348837209
6uke_X	0.09302325581395349
6ukj_A	0.2057142857142857
6ulg_G	0.3870967741935484
6ulg_N	0.043478260869565216
6ulo_A	0.15141955835962145
6ulw_B	0.4176470588235294
6um1_A	0.1568627450980392
6umm_E	0.12536443148688048
6umr_A	0.21052631578947367
6unc_B	0.5354609929078015
6unv_A	0.40225563909774437
6uo8_A	0.4019607843137255
6uo8_B	0.40980392156862744
6uof_A	0.3025210084033613
6uqj_A	0.41106719367588934
6urf_D	0.27647058823529413
6urg_A	0.17254901960784313
6uro_B	0.46296296296296297
6ury_A	0.09328358208955224
6usf_A	0.11637931034482758
6ust_C	0.3275862068965517
6ut5_A	0.2
6ut6_D	0.3493150684931507
6ut6_G	0.23303834808259588
6ut7_G	0.20772946859903382
6utu_C	0.07662835249042145
6uuf_A	0.4409937888198758
6uut_A	0.5521739130434783
6uv0_B	0.3432098765432099
6uv6_C	0.6477272727272727
6uv8_A	0.34972677595628415
6uvn_J	0.14395886889460155
6uvz_A	0.42231075697211157
6uwi_g	0.2647058823529412
6ux2_A	0.24901960784313726
6uxc_B	0.5174418604651163
6uxd_A	0.08415841584158416
6uxu_A	0.43666666666666665
6uxw_Q	0.24494949494949494
6uy4_A	0.423728813559322
6uy8_A	0.34146341463414637
6uz7_Bq	0.03686635944700461
6uzc_F	0.046370967741935484
6uzt_A	0.11568627450980393
6v04_A	0.2788104089219331
6v0a_B	0.0990990990990991
6v0c_A	0.2725490196078431
6v0t_A	0.23880597014925373
6v2t_B	0.3466135458167331
6v3p_C	0.5339805825242718
6v3q_A	0.49557522123893805
6v43_A	0.34334763948497854
6v4a_C	0.3352941176470588
6v4l_A	0.12526096033402923
6v4m_A	0.05521472392638037
6v4v_A	0.5104895104895105
6v55_A	0.23921568627450981
6v59_A	0.14081145584725538
6v62_A	0.10743801652892562
6v6h_A	0.03725490196078431
6v6n_A	0.224
6v6s_k	0.17297297297297298
6v72_A	0.4330357142857143
6v7g_A	0.5574229691876751
6v7x_B	0.32905982905982906
6v81_A	0.4470588235294118
6v82_A	0.4897959183673469
6v8i_CK	0.3862433862433862
6v91_A	0.3744075829383886
6v9h_C	0.6259259259259259
6vbb_A	0.33043478260869563
6vbs_D	0.3018867924528302
6vbv_7	0.3411764705882353
6vby_A	0.125531914893617
6vcd_B	0.6274509803921569
6vcm_A	0.24363636363636362
6vd9_A	0.5616438356164384
6vde_A	0.20980392156862746
6ve1_C	0.5522388059701493
6ve2_Q	0.1511111111111111
6ve3_A	0.3761467889908257
6ve6_A	0.556390977443609
6vee_A	0.2391304347826087
6vfp_A	0.48291571753986334
6vfs_A	0.3728813559322034
6vft_C	0.5333333333333333
6vfy_F	0.45394736842105265
6vg1_A	0.4647058823529412
6vg3_B	0.37992831541218636
6vg4_A	0.503921568627451
6vgl_A	0.3475409836065574
6vgv_A	0.06206896551724138
6vh5_D	0.4148936170212766
6vh9_A	0.5529411764705883
6vhf_A	0.08571428571428572
6vhi_A	0.5925925925925926
6vhy_C	0.3980392156862745
6vij_B	0.43455497382198954
6vin_A	0.07692307692307693
6vj2_A	0.31365313653136534
6vji_A	0.16470588235294117
6vjr_A	0.1454183266932271
6vjv_B	0.34375
6vk3_B	0.08571428571428572
6vl1_A	0.04195804195804196
6vld_B	0.2857142857142857
6vlo_A	0.5862068965517241
6vls_D	0.32745098039215687
6vly_A	0.5870307167235495
6vm6_B	0.20227272727272727
6vna_B	0.35526315789473684
6vnw_B	0.4137254901960784
6vnw_G	0.08333333333333333
6vo5_A	0.2515527950310559
6vo6_D	0.6527331189710611
6vow_A	0.4792176039119804
6vpb_B	0.37037037037037035
6vpd_A	0.42483660130718953
6vph_A	0.3274647887323944
6vpt_A	0.3105590062111801
6vpu_B	0.39826839826839827
6vqr_E	0.1388888888888889
6vqv_D	0.06209150326797386
6vqv_J	0.03857566765578635
6vqw_A	0.05
6vr7_A	0.4
6vr8_I	0.3879668049792531
6vrr_A	0.5118110236220472
6vs4_A	0.4170403587443946
6vs7_A	0.4278728606356968
6vtg_A	0.08823529411764706
6vtj_A	0.4915254237288136
6vtl_A	0.033632286995515695
6vtv_B	0.49206349206349204
6vu8_A	0.32577319587628867
6vve_A	0.2049469964664311
6vvo_A	0.33705357142857145
6vvo_E	0.4046242774566474
6vvr_B	0.5203252032520326
6vvw_D	0.45081967213114754
6vwf_A	0.22
6vwp_A	0.29195402298850576
6vwq_A	0.28
6vxc_B	0.06666666666666667
6vy9_A	0.06818181818181818
6vyd_A	0.06578947368421052
6vye_B	0.42857142857142855
6vzu_A	0.1728395061728395
6vzy_A	0.34051724137931033
6vzz_A	0.3663101604278075
6w04_A	0.4170403587443946
6w08_B	0.03932584269662921
6w0p_A	0.2411764705882353
6w18_E	0.1206896551724138
6w1h_A	0.06
6w1i_B	0.5463917525773195
6w1k_A	0.07692307692307693
6w2d_h	0.07738095238095238
6w2e_r	0.06354515050167224
6w2w_A	0.30357142857142855
6w32_B	0.15625
6w38_A	0.1782477341389728
6w3h_D	0.23129251700680273
6w4q_C	0.42549019607843136
6w5e_A	0.20168067226890757
6w5y_B	0.012269938650306749
6w66_B	0.8373333333333334
6w6a_A	0.5542168674698795
6w6m_A	0.32281553398058255
6w6p_f	0.5051546391752577
6w6v_E	0.04142011834319527
6w6v_F	0.17088607594936708
6w6v_G	0.15079365079365079
6w7x_A	0.3708791208791209
6w8d_C	0.3163841807909605
6w8m_B	0.35185185185185186
6w8p_B	0.11032863849765258
6w8r_A	0.3489010989010989
6w8u_d	0.35714285714285715
6w98_A	0.23137254901960785
6wb4_B	0.43137254901960786
6wc3_A	0.11372549019607843
6wc7_G	0.3056872037914692
6wcd_A	0.4394904458598726
6wcl_A	0.45681818181818185
6wcs_A	0.16210045662100456
6wes_A	0.10126582278481013
6wg5_A	0.12601626016260162
6wgm_A	0.39473684210526316
6wgr_C	0.3230769230769231
6wh0_A	0.3333333333333333
6wh3_R	0.005988023952095809
6wh5_A	0.13440860215053763
6whb_A	0.3345070422535211
6whj_B	0.408955223880597
6whl_G	0.17886178861788618
6whp_A	0.2546728971962617
6wi1_A	0.3843137254901961
6wi5_A	0.5111111111111111
6wi7_A	0.09223300970873786
6wil_A	0.3176470588235294
6wim_A	0.3509803921568627
6win_A	0.20714285714285716
6wje_A	0.38095238095238093
6wjl_I	0.38596491228070173
6wjl_K	0.4434782608695652
6wjv_A	0.19411764705882353
6wkd_B	0.08469055374592833
6wkk_G	0.04
6wkt_A	0.3113207547169811
6wku_A	0.054901960784313725
6wm3_O	0.072
6wm7_B	0.28627450980392155
6wmp_A	0.04888888888888889
6wmp_B	0.09565217391304348
6wmw_B	0.020833333333333332
6wn0_B	0.4413145539906103
6wn5_A	0.3793103448275862
6wn6_C	0.5795454545454546
6wng_A	0.07081545064377683
6wns_A	0.4512820512820513
6wnx_A	0.4170731707317073
6wo6_A	0.1798780487804878
6woo_f	0.24761904761904763
6wpi_A	0.2784313725490196
6wpu_A	0.28018223234624146
6wpx_B	0.5232815964523282
6wqc_A	0.4402730375426621
6wqm_D	0.18149466192170818
6wqs_A	0.1843137254901961
6wsk_A	0.08362369337979095
6wt8_A	0.08426966292134831
6wt9_A	0.22591362126245848
6wta_A	0.4233576642335766
6wtb_B	0.17450980392156862
6wte_A	0.492156862745098
6wti_A	0.15490196078431373
6wu1_A	0.1901840490797546
6wuc_I	0.21176470588235294
6wum_B	0.28314606741573034
6wut_C	0.1867816091954023
6wuu_B	0.12149532710280374
6wwd_D	0.31155778894472363
6wxe_2	0.06470588235294118
6wxq_B	0.5377358490566038
6wxu_B	0.18681318681318682
6wym_A	0.5876288659793815
6wzn_A	0.3065217391304348
6wzt_A	0.048582995951417005
6x1l_A	0.36923076923076925
6x1n_A	0.3904761904761905
6x1o_C	0.09215686274509804
6x23_A	0.3146067415730337
6x2k_2	0.01764705882352941
6x2q_A	0.05785123966942149
6x33_B	0.08823529411764706
6x38_A	0.6559139784946236
6x3a_A	0.6372549019607843
6x3b_A	0.6266666666666667
6x41_A	0.11750599520383694
6x44_B	0.2262210796915167
6x4t_A	0.44285714285714284
6x64_GV	0.0
6x6j_NX	0.06097560975609756
6x6u_B	0.08383233532934131
6x74_A	0.17084282460136674
6x7p_A	0.29372937293729373
6x7r_A	0.41509433962264153
6x80_E	0.0784313725490196
6x8m_A	0.18928571428571428
6x91_H	0.3
6x9d_A	0.21176470588235294
6x9o_A	0.4
6xa3_A	0.11491442542787286
6xau_A	0.20168067226890757
6xax_B	0.6323529411764706
6xb3_A	0.08547008547008547
6xb5_A	0.041666666666666664
6xb6_A	0.03347280334728033
6xbo_A	0.22884012539184953
6xbq_A	0.3402777777777778
6xcg_A	0.2781954887218045
6xcs_A	0.25
6xd4_A	0.13755458515283842
6xdh_B	0.034383954154727794
6xeh_A	0.552
6xep_A	0.2974683544303797
6xfa_A	0.034482758620689655
6xgq_A	0.06515580736543909
6xgq_a	0.14516129032258066
6xgr_A	0.07272727272727272
6xgz_B	0.6078431372549019
6xh5_B	0.382183908045977
6xhk_A	0.501577287066246
6xhq_A	0.5485232067510548
6xhz_A	0.08854166666666667
6xi1_BBB	0.1596244131455399
6xi2_A	0.3058823529411765
6xi3_AAA	0.4072164948453608
6xi6_A	0.1524163568773234
6xj0_A	0.41141732283464566
6xj7_A	0.24232081911262798
6xjh_B	0.1752988047808765
6xji_C	0.4827586206896552
6xjj_A	0.26804123711340205
6xk2_A	0.378125
6xkz_n	0.2229299363057325
6xl2_A	0.5291828793774319
6xl3_A	0.20179372197309417
6xl7_A	0.13445378151260504
6xlj_G	0.376865671641791
6xlp_A	0.25882352941176473
6xm1_C	0.23137254901960785
6xm7_A	0.23565573770491804
6xn1_B	0.35435435435435436
6xn4_J	0.045307443365695796
6xn5_B	0.0673758865248227
6xn7_A	0.20392156862745098
6xn8_A	0.5019607843137255
6xo3_A	0.21283783783783783
6xod_B	0.1144578313253012
6xof_A	0.27169811320754716
6xp5_R	0.057971014492753624
6xp8_A	0.3778801843317972
6xpd_A	0.2508250825082508
6xpp_D	0.20608899297423888
6xpw_C	0.15822784810126583
6xr0_M	0.17450980392156862
6xr1_A	0.12352941176470589
6xrk_A	0.5042016806722689
6xru_A	0.6116504854368932
6xs4_A	0.08431372549019608
6xt4_A	0.17446808510638298
6xt5_B	0.36091954022988504
6xt6_A	0.13692946058091288
6xt9_I	0.2980392156862745
6xtd_A	0.05303030303030303
6xtr_A	0.2706270627062706
6xtz_A	0.04513064133016627
6xu4_A	0.13333333333333333
6xu6_CB	0.03864734299516908
6xu6_Cf	0.22929936305732485
6xu6_DA	0.36
6xub_B	0.38095238095238093
6xuv_A	0.1450980392156863
6xux_A	0.1607843137254902
6xv2_A	0.18471337579617833
6xvu_D	0.5460992907801419
6xwe_A	0.30392156862745096
6xwx_E	0.21764705882352942
6xxj_A	0.2640449438202247
6xyb_C	0.21296296296296297
6xyu_A	0.31176470588235294
6xyw_AH	0.2545454545454545
6xyw_AI	0.08695652173913043
6xyw_AP	0.025490196078431372
6xyw_Ad	0.10047846889952153
6xyw_Ae	0.13194444444444445
6xyw_Ak	0.10236220472440945
6xyw_Am	0.08450704225352113
6xyw_Ao	0.11320754716981132
6xyw_As	0.38016528925619836
6xyw_BE	0.27873563218390807
6xyw_Be	0.18181818181818182
6xyw_Bg	0.1953125
6xyw_Bj	0.4146341463414634
6xyz_A	0.4692556634304207
6xz0_A	0.26
6xz4_A	0.23026315789473684
6xz6_A	0.11267605633802817
6y04_A	0.38461538461538464
6y0k_AAA	0.3740053050397878
6y1w_A	0.24554455445544554
6y2j_FFF	0.36626506024096384
6y2k_A	0.46078431372549017
6y2p_C	0.18333333333333332
6y3c_A	0.029411764705882353
6y3p_A	0.18611111111111112
6y43_A	0.018018018018018018
6y48_B	0.2196078431372549
6y4b_A	0.27450980392156865
6y4f_A	0.11940298507462686
6y4l_B	0.08648648648648649
6y56_A	0.1780821917808219
6y57_Sf	0.10256410256410256
6y6c_A	0.4661016949152542
6y6e_A	0.39915966386554624
6y6p_A	0.061224489795918366
6y7c_M	0.168
6y7f_B	0.0859375
6y87_A	0.29148936170212764
6y88_B	0.5132075471698113
6y98_A	0.4
6y9c_A	0.16712328767123288
6y9j_A	0.41810344827586204
6y9m_B	0.10945273631840796
6y9t_A	0.29215686274509806
6ya1_A	0.22560975609756098
6ya4_A	0.5180722891566265
6ya7_A	0.3342857142857143
6yah_M	0.1658878504672897
6yaj_DDD	0.4630225080385852
6yak_AAA	0.34397163120567376
6yaq_A	0.2665330661322645
6yav_A	0.23529411764705882
6yb5_A	0.4444444444444444
6yb9_A	0.3031026252983294
6ybh_D	0.3926940639269406
6ybk_A	0.34901960784313724
6ybp_J	0.1782178217821782
6yc8_A	0.6666666666666666
6yca_A	0.3769230769230769
6ycq_A	0.19020172910662825
6ycx_B	0.060784313725490195
6ydp_Bp	0.14432989690721648
6ydw_Ae	0.18041237113402062
6ydw_BQ	0.07657657657657657
6ye5_A	0.3813559322033898
6yeg_A	0.3023255813953488
6yf6_A	0.6357142857142857
6yg6_A	0.35563380281690143
6ygb_B	0.07450980392156863
6ygd_A	0.5534591194968553
6ygq_A	0.23140495867768596
6ygu_C	0.13488372093023257
6yhh_A	0.34509803921568627
6yhk_A	0.054901960784313725
6yhr_A	0.39019607843137255
6yhv_A	0.22941176470588234
6yi1_A	0.3617021276595745
6yiz_A	0.5734597156398105
6yj1_A	0.42011834319526625
6yj5_q	0.3954248366013072
6yj6_B	0.08661417322834646
6yj9_A	0.23776223776223776
6yjb_A	0.20711974110032363
6yji_A	0.23060796645702306
6yjk_A	0.165625
6yjp_C	0.5866666666666667
6ylh_0	0.3108433734939759
6ylh_7	0.2627450980392157
6ylh_v	0.2647058823529412
6ynw_d	0.11194029850746269
6yny_g1	0.04
6ynz_t	0.32054794520547947
6yo9_A	0.3391959798994975
6yoa_A	0.3695652173913043
6yp6_A	0.2706422018348624
6ypa_B	0.48698884758364314
6ypb_A	0.5307692307692308
6ype_A	0.28780487804878047
6ypx_AAA	0.24778761061946902
6yq4_B	0.4125
6yra_A	0.18627450980392157
6yra_B	0.09019607843137255
6yrf_A	0.03725490196078431
6yro_A	0.27941176470588236
6ysg_A	0.3137254901960784
6yt3_B	0.3670212765957447
6ytt_C	0.12745098039215685
6yu6_B	0.09192825112107623
6yu8_A	0.21641791044776118
6yub_A	0.45390070921985815
6yup_D	0.01524390243902439
6yv9_B	0.5635838150289018
6yvr_BBB	0.3595744680851064
6yw5_44	0.06153846153846154
6yw5_WW	0.23796033994334279
6ywe_6	0.20146520146520147
6ywe_B	0.20245398773006135
6ywe_I	0.15966386554621848
6ywe_K	0.07142857142857142
6ywe_KK	0.24193548387096775
6ywe_N	0.2781954887218045
6ywe_XX	0.19117647058823528
6ywe_d	0.10212765957446808
6ywe_e	0.16115702479338842
6ywe_f	0.044897959183673466
6ywo_A	0.1497175141242938
6ywv_n	0.11290322580645161
6ywx_BB	0.19655172413793104
6ywx_C	0.07166123778501629
6ywx_DD	0.08275862068965517
6ywx_FF	0.5213675213675214
6ywy_88	0.2569593147751606
6yx5_B	0.25958702064896755
6yxa_A	0.19607843137254902
6yxp_B	0.09558823529411764
6yxq_B	0.09343434343434344
6yxs_A	0.26740947075208915
6yxx_AV	0.08839779005524862
6yxx_BQ	0.1926605504587156
6yxx_BR	0.12244897959183673
6yxx_E3	0.05955334987593052
6yxx_E4	0.3548387096774194
6yxx_E5	0.03363914373088685
6yxx_EA	0.4411764705882353
6yxx_EC	0.2761394101876676
6yxx_ED	0.03529411764705882
6yxx_EH	0.05417607223476298
6yxx_Ul	0.008403361344537815
6yxy_AE	0.041474654377880185
6yxy_AO	0.09090909090909091
6yxy_BD	0.0405727923627685
6yxy_EB	0.34901960784313724
6yxy_EF	0.3509933774834437
6yxy_EL	0.13137254901960785
6yxy_EM	0.33636363636363636
6yxy_EN	0.23529411764705882
6yxy_EQ	0.2951167728237792
6yyh_A	0.4362549800796813
6z00_A	0.44871794871794873
6z03_A	0.08823529411764706
6z05_A	0.31797235023041476
6z0c_A	0.22110552763819097
6z0w_C	0.2558139534883721
6z1f_3	0.3591549295774648
6z1p_AK	0.02459016393442623
6z1p_AM	0.1111111111111111
6z1p_Ac	0.04961832061068702
6z1p_Ae	0.05637982195845697
6z1p_An	0.14556962025316456
6z1p_Ap	0.09243697478991597
6z1p_Av	0.22330097087378642
6z1p_Az	0.08860759493670886
6z1p_BI	0.18627450980392157
6z1p_BK	0.550561797752809
6z1p_BM	0.0528169014084507
6z1p_Bg	0.375
6z1p_Bj	0.02631578947368421
6z1q_BBB	0.37388724035608306
6z1s_A	0.03937007874015748
6z1w_A	0.3391304347826087
6z29_A	0.3879310344827586
6z2l_A	0.07614213197969544
6z2p_A	0.351123595505618
6z34_A	0.39267015706806285
6z3e_A	0.38396624472573837
6z3o_AAA	0.29213483146067415
6z3u_D	0.05732484076433121
6z3u_E	0.3157894736842105
6z3w_A	0.0
6z3w_I	0.14634146341463414
6z3y_B	0.10880829015544041
6z42_C	0.3949843260188088
6z46_B	0.053811659192825115
6z46_V	0.06521739130434782
6z4w_A	0.45652173913043476
6z55_A	0.2905027932960894
6z5h_AAA	0.15490196078431373
6z5s_W	0.30851063829787234
6z5u_F	0.20725388601036268
6z69_B	0.5659340659340659
6z6c_BBB	0.2996845425867508
6z6d_A	0.3465553235908142
6z70_A	0.30405405405405406
6z7b_A	0.06315789473684211
6z7p_A	0.20980392156862746
6z8e_B	0.021568627450980392
6z8h_A	0.07407407407407407
6z96_A	0.43870967741935485
6z9c_A	0.32945736434108525
6za0_A	0.4125
6za2_B	0.2549019607843137
6za6_B	0.06651884700665188
6zas_A	0.43768115942028984
6zb6_C	0.3656387665198238
6zb9_B	0.4594594594594595
6zbs_A	0.16037735849056603
6zby_A	0.4050632911392405
6zc2_A	0.11678832116788321
6zca_X	0.054901960784313725
6ze7_B	0.11960784313725491
6zea_A	0.5064935064935064
6zfs_A	0.31519274376417233
6zft_A	0.30068337129840544
6zfz_A	0.12331838565022421
6zg3_H	0.2946859903381642
6zg8_H	0.2556390977443609
6zgd_A	0.125
6zgj_A	0.05844155844155844
6zgq_B	0.032467532467532464
6zgs_A	0.452970297029703
6zhh_D	0.11960784313725491
6zhk_B	0.3698630136986301
6zif_A	0.42592592592592593
6zik_G	0.23161764705882354
6zj3_LW	0.14903846153846154
6zj3_Lc	0.10344827586206896
6zj3_Lt	0.17117117117117117
6zj3_SQ	0.1885245901639344
6zj5_AAA	0.430939226519337
6zjm_G	0.05054945054945055
6zjy_L	0.11176470588235295
6zjy_M	0.11134903640256959
6zk3_A	0.49216300940438873
6zk8_A	0.4853658536585366
6zl7_B	0.5875
6zll_A	0.6043613707165109
6zlt_B	0.3941176470588235
6zlv_B	0.3465909090909091
6zlz_B	0.03773584905660377
6zm1_C	0.24705882352941178
6zm5_AI	0.48175182481751827
6zme_SO	0.5214285714285715
6zmg_A	0.09302325581395349
6zmp_A	0.5105263157894737
6zmq_A	0.10784313725490197
6zmv_A	0.463768115942029
6znj_A	0.403921568627451
6znl_J	0.25065963060686014
6znp_A	0.3764705882352941
6znx_A	0.4666666666666667
6zpa_A	0.1676300578034682
6zpk_A	0.25949367088607594
6zpn_A	0.3411764705882353
6zps_AAA	0.3588235294117647
6zq3_A	0.3160377358490566
6zqc_UO	0.4178498985801217
6zqc_UR	0.34854771784232363
6zqd_UT	0.28431372549019607
6zqf_JL	0.4628975265017668
6zqk_C	0.5146726862302483
6zqw_A	0.12698412698412698
6zr7_AAA	0.6712328767123288
6zrd_A	0.44282238442822386
6zre_B	0.387308533916849
6zrk_C	0.0975609756097561
6zrx_CCC	0.2
6zs0_AAA	0.1671309192200557
6zse_b	0.02702702702702703
6zss_A	0.10465116279069768
6zsu_B	0.1986970684039088
6zsv_B	0.13870967741935483
6zt0_A	0.5035460992907801
6zth_D	0.32489451476793246
6ztz_D	0.03117505995203837
6ztz_K	0.047058823529411764
6zu2_AAA	0.15873015873015872
6zu5_LCC	0.38
6zu5_LDD	0.20388349514563106
6zu5_LF0	0.15384615384615385
6zu5_LFF	0.20192307692307693
6zu5_LH0	0.2554347826086957
6zu5_LZ0	0.2125984251968504
6zu5_SGG	0.5635179153094463
6zu5_SQ0	0.2992125984251969
6zui_A	0.0997624703087886
6zva_A	0.49473684210526314
6zvp_A	0.14192139737991266
6zw0_A	0.10702341137123746
6zwj_A	0.34375
6zxc_A	0.5290102389078498
6zxg_k	0.39767441860465114
6zxr_A	0.09433962264150944
6zxt_B	0.42857142857142855
6zy4_E	0.10038610038610038
6zy7_B	0.2235294117647059
6zyl_A	0.3769230769230769
6zym_p	0.46153846153846156
6zyv_A	0.14285714285714285
6zyw_Y	0.07254901960784314
6zzb_A	0.1164021164021164
6zzf_A	0.08536585365853659
6zzh_AAA	0.09141274238227147
6zzl_A	0.17254901960784313
6zzp_A	0.6150943396226415
6zzz_A	0.1732283464566929
7a02_R	0.4375
7a0k_A	0.3170731707317073
7a0n_A	0.30788804071246817
7a0t_B	0.0736196319018405
7a1i_A	0.056074766355140186
7a1r_A	0.2809917355371901
7a2d_A	0.4438202247191011
7a3q_A	0.21505376344086022
7a3w_B	0.4641638225255973
7a56_A	0.059665871121718374
7a57_B	0.0779510022271715
7a59_B	0.049019607843137254
7a5e_A	0.1893491124260355
7a5o_E	0.1
7a5p_z	0.3456521739130435
7a62_C	0.1272264631043257
7a66_B	0.32558139534883723
7a6g_A	0.5841584158415841
7a6h_G	0.20634920634920634
7a7d_c	0.4647058823529412
7a7e_B	0.5284090909090909
7a8s_A	0.17894736842105263
7a9j_A	0.441351888667992
7a9x_A	0.3137254901960784
7aa4_A	0.1794871794871795
7aah_A	0.061224489795918366
7aak_A	0.2898550724637681
7aao_A	0.38524590163934425
7aaq_A	0.3675564681724846
7aaw_A	0.44126984126984126
7ab4_F	0.19411764705882353
7aba_A	0.1278772378516624
7abv_A	0.14224137931034483
7abw_B	0.15342465753424658
7ad3_E	0.37962962962962965
7ad3_F	0.5251572327044025
7ad5_A	0.08064516129032258
7adm_C	0.2823529411764706
7adr_A	0.37209302325581395
7adr_E	0.33047210300429186
7adz_0C	0.26903553299492383
7ae5_D	0.14915966386554622
7aef_q	0.25882352941176473
7aek_3A	0.052941176470588235
7ag1_Z	0.5016835016835017
7ag4_D	0.32
7agj_A	0.09803921568627451
7ahd_A	0.34901960784313724
7ahh_C	0.35602094240837695
7ahi_5J	0.3228346456692913
7ahr_B	0.4634146341463415
7ahs_B	0.6029411764705882
7aia_AAA	0.24324324324324326
7aih_H	0.1111111111111111
7aih_X	0.08547008547008547
7aik_A	0.17133956386292834
7aj0_D	0.31137724550898205
7aj9_A	0.08739837398373984
7ajt_EC	0.11475409836065574
7aju_CH	0.41541755888650966
7akv_G	0.8266033254156769
7akw_A	0.16591928251121077
7al7_A	0.5
7alt_A	0.07407407407407407
7am1_B	0.06666666666666667
7am2_BY	0.2727272727272727
7aml_A	0.2823529411764706
7aml_B	0.029605263157894735
7amv_W	0.40784313725490196
7amy_A	0.0821529745042493
7anb_AAA	0.2926315789473684
7ane_ac	0.023529411764705882
7ane_x	0.07450980392156863
7ane_y	0.11307420494699646
7anu_A	0.4431818181818182
7anw_A	0.3568627450980392
7anz_B	0.20243902439024392
7ao3_A	0.052805280528052806
7aoc_G	0.09375
7aoh_B	0.043137254901960784
7aoh_G	0.15822784810126583
7aoo_A	0.38095238095238093
7aor_z	0.10392156862745099
7apd_B	0.23875432525951557
7apk_F	0.4807121661721068
7aqh_A	0.043010752688172046
7ar8_P	0.5120481927710844
7ar8_S	0.22580645161290322
7ar9_L	0.12549019607843137
7ar9_M	0.1278538812785388
7ar9_N	0.06133333333333333
7arc_P	0.5389048991354467
7arc_S	0.14736842105263157
7ard_E	0.35319148936170214
7asd_DA	0.34382566585956414
7ase_H	0.09090909090909091
7ase_s	0.19661016949152543
7asz_A	0.515695067264574
7atl_AAA	0.2572178477690289
7auk_A	0.43452380952380953
7avc_AAA	0.07692307692307693
7avh_A	0.11976047904191617
7avm_A	0.1986970684039088
7awe_V	0.05527638190954774
7awv_A	0.4523809523809524
7ax1_A	0.3627450980392157
7ax7_A	0.4682926829268293
7ay1_D	0.11730205278592376
7ayx_B	0.15404040404040403
7azn_A	0.288135593220339
7azq_A	0.10552763819095477
7b04_C	0.03767123287671233
7b04_G	0.07579462102689487
7b0m_AAA	0.4173441734417344
7b0n_O	0.10119047619047619
7b0u_t	0.3759124087591241
7b17_B	0.368
7b1b_A	0.6431372549019608
7b1s_C	0.06792452830188679
7b1w_F	0.6153846153846154
7b1x_A	0.5993377483443708
7b24_aa	0.3780487804878049
7b24_dd	0.39759036144578314
7b2n_E	0.4894894894894895
7b2s_A	0.313953488372093
7b3a_A	0.2717391304347826
7b3n_B	0.4235294117647059
7b4m_A	0.10893246187363835
7b5h_AD	0.052941176470588235
7b5h_AJ	0.2411764705882353
7b5h_AM	0.30718954248366015
7b5h_BA	0.07058823529411765
7b5i_CD	0.323943661971831
7b66_A	0.4409937888198758
7b6h_A	0.30392156862745096
7b73_A	0.6208333333333333
7b7p_A	0.45
7b8b_A	0.7317073170731707
7b93_L	0.10196078431372549
7b95_A	0.18235294117647058
7b9p_A	0.049019607843137254
7b9v_H	0.19426048565121412
7bao_A	0.30392156862745096
7bax_A	0.4088669950738916
7bb9_A	0.2506265664160401
7bbv_A	0.5704697986577181
7bby_A	0.49498327759197325
7bc7_A	0.40046296296296297
7bcj_A	0.2887323943661972
7bcz_A	0.1487603305785124
7bfq_B	0.2568627450980392
7bgd_b	0.12883435582822086
7bgg_A	0.7314814814814815
7bgl_k	0.11437908496732026
7bgo_BBB	0.2097902097902098
7bgs_B	0.14728682170542637
7bhc_A	0.1415525114155251
7bi7_A	0.5197132616487455
7bii_B	0.33725490196078434
7bip_A	0.46200607902735563
7biz_A	0.3786610878661088
7bjq_A	0.298876404494382
7bk8_A	0.23958333333333334
7bkb_f	0.43795620437956206
7bkb_h	0.2146118721461187
7bkb_j	0.17557251908396945
7bkb_k	0.20984455958549222
7bkc_b	0.43243243243243246
7bkc_e	0.21654501216545013
7bkd_A	0.43529411764705883
7bkf_A	0.45907473309608543
7bkp_A	0.3411764705882353
7bl1_CCC	0.08627450980392157
7blh_AAAA	0.528169014084507
7bll_A	0.21176470588235294
7bly_A	0.4583333333333333
7bm6_A	0.2529411764705882
7bmk_A	0.2832512315270936
7bn6_B	0.46194225721784776
7bn9_A	0.1803921568627451
7bny_B	0.07142857142857142
7bob_A	0.5
7bow_A	0.024242424242424242
7bp3_A	0.3680203045685279
7bpn_A	0.25806451612903225
7bps_B	0.12222222222222222
7bq9_A	0.06535947712418301
7bqa_A	0.04477611940298507
7bqd_A	0.25
7bqi_A	0.13793103448275862
7bqk_A	0.38344226579520696
7bqr_A	0.15328467153284672
7bqs_A	0.2459016393442623
7bqx_C	0.05202312138728324
7br0_A	0.3584905660377358
7brc_A	0.5058823529411764
7brm_D	0.4980544747081712
7btg_A	0.4267515923566879
7btj_C	0.3425287356321839
7btq_A	0.31856540084388185
7btq_F	0.26862745098039215
7btr_E	0.2526041666666667
7btx_C	0.06514657980456026
7bu2_B	0.43952802359882004
7bv0_A	0.23178807947019867
7bv5_A	0.27350427350427353
7bva_A	0.4875
7bvf_A	0.1411764705882353
7bvh_A	0.18235294117647058
7bvj_A	0.4281150159744409
7bvp_D	0.2411764705882353
7bvr_F	0.3
7bvs_A	0.6103448275862069
7bvs_B	0.3509933774834437
7bvt_A	0.3657289002557545
7bvy_A	0.2912912912912913
7bw6_r	0.04481792717086835
7bwb_A	0.34698275862068967
7bwg_A	0.3731958762886598
7bwh_A	0.13636363636363635
7bwk_D	0.143646408839779
7bwr_B	0.056862745098039215
7bwt_A	0.017605633802816902
7bxc_K	0.6045454545454545
7bxd_A	0.6712328767123288
7bxo_E	0.416
7by3_D	0.3770491803278688
7bye_B	0.28703703703703703
7byf_C	0.08270676691729323
7byj_A	0.1148036253776435
7byy_A	0.48333333333333334
7bz6_B	0.43575418994413406
7bzc_A	0.09019607843137255
7bzy_11	0.403921568627451
7bzz_A	0.05504587155963303
7c0o_B	0.3677581863979849
7c0q_A	0.13978494623655913
7c1s_A	0.23325635103926096
7c1z_A	0.38202247191011235
7c23_A	0.4896907216494845
7c2h_G	0.15736040609137056
7c2o_A	0.410958904109589
7c2x_A	0.3877551020408163
7c36_A	0.437125748502994
7c39_A	0.22254335260115607
7c3b_C	0.4550898203592814
7c3f_S	0.20175438596491227
7c3m_A	0.07254901960784314
7c4c_A	0.2289156626506024
7c4d_A	0.6436781609195402
7c4h_A	0.16228070175438597
7c4j_I	0.09411764705882353
7c51_A	0.4322916666666667
7c5v_A	0.24390243902439024
7c5x_A	0.03359683794466403
7c6h_A	0.3904761904761905
7c6o_A	0.37254901960784315
7c73_A	0.03333333333333333
7c77_A	0.7803921568627451
7c77_B	0.23809523809523808
7c7a_B	0.06470588235294118
7c7d_A	0.6843137254901961
7c7u_A	0.22156862745098038
7c83_A	0.1593625498007968
7c8z_A	0.15404699738903394
7c8z_B	0.32919254658385094
7c9m_C	0.49230769230769234
7cav_B	0.25675675675675674
7cb8_A	0.21065989847715735
7cbb_A	0.0803921568627451
7cbc_A	0.09090909090909091
7cbd_A	0.25733634311512416
7cbn_A	0.3215686274509804
7ccc_B	0.14327485380116958
7ccd_A	0.029585798816568046
7cce_A	0.11320754716981132
7cch_A	0.5177664974619289
7ccm_C	0.09523809523809523
7cd1_A	0.15
7cd7_A	0.12121212121212122
7ce1_K	0.5465465465465466
7cea_A	0.40804597701149425
7ceb_A	0.4627450980392157
7cf8_D	0.46808510638297873
7cfb_A	0.019230769230769232
7cfd_F	0.16483516483516483
7cfe_A	0.5700934579439252
7cfl_A	0.3543307086614173
7cfu_I	0.5314285714285715
7cfv_A	0.051094890510948905
7cg1_A	0.5227272727272727
7cg9_A	0.2708333333333333
7cgp_B	0.2927536231884058
7ch1_A	0.049019607843137254
7ch7_D	0.45660377358490567
7ch8_A	0.32
7cha_K	0.5306122448979592
7chk_A	0.12048192771084337
7chk_C	0.046511627906976744
7chu_A	0.49607843137254903
7chx_A	0.5604395604395604
7ci2_A	0.09584664536741214
7cif_A	0.20784313725490197
7cix_A	0.5555555555555556
7cjs_B	0.1232876712328767
7cjy_A	0.07254901960784314
7cl4_F	0.3543859649122807
7clu_A	0.4970414201183432
7clx_A	0.15555555555555556
7cmc_A	0.22435897435897437
7cmg_A	0.23613963039014374
7cml_B	0.2955223880597015
7cn3_C	0.3037249283667622
7cnr_A	0.17357512953367876
7coj_A	0.26066350710900477
7col_A	0.4607142857142857
7coy_bL	0.10204081632653061
7cp5_O	0.31277533039647576
7cp7_A	0.29069767441860467
7cpx_A	0.307843137254902
7cpy_C	0.38935574229691877
7cqy_D	0.5560344827586207
7crc_B	0.3843137254901961
7crw_A	0.13261648745519714
7cs1_A	0.4607329842931937
7csh_A	0.5480769230769231
7csm_A	0.16129032258064516
7csp_A	0.18461538461538463
7csz_A	0.5371428571428571
7ct4_C	0.35446685878962536
7ct8_A	0.5424242424242425
7ctp_A	0.07254901960784314
7ctq_A	0.32867132867132864
7ctv_A	0.3177257525083612
7cui_A	0.06358381502890173
7cuj_A	0.06976744186046512
7cv2_A	0.13872832369942195
7cv9_A	0.2893258426966292
7cx2_R	0.13909774436090225
7cxv_B	0.3516819571865443
7cxz_A	0.37551020408163266
7cy1_A	0.3416666666666667
7cy6_A	0.34705882352941175
7cyn_A	0.6333333333333333
7cys_A	0.17865429234338748
7cz6_C	0.31746031746031744
7cz9_B	0.2627450980392157
7cze_A	0.09019607843137255
7czf_B	0.07058823529411765
7czj_A	0.38144329896907214
7d09_C	0.47368421052631576
7d0l_B	0.047058823529411764
7d18_A	0.46075085324232085
7d1b_A	0.4139072847682119
7d1d_A	0.40476190476190477
7d27_A	0.41478439425051333
7d2m_B	0.22321428571428573
7d2o_A	0.023809523809523808
7d34_A	0.5569620253164557
7d38_A	0.4791666666666667
7d3u_A	0.10196078431372549
7d3u_D	0.11568627450980393
7d4c_A	0.20392156862745098
7d4i_X2	0.0070921985815602835
7d51_B	0.42168674698795183
7d53_A	0.4859437751004016
7d55_A	0.11494252873563218
7d59_C	0.05507246376811594
7d5i_B	0.08285714285714285
7d5m_A	0.42930591259640105
7d5p_B	0.3801452784503632
7d5s_RI	0.13095238095238096
7d5t_BE	0.40588235294117647
7d62_A	0.21428571428571427
7d63_RZ	0.3568627450980392
7d6l_A	0.5
7d6v_A	0.17450980392156862
7d6v_B	0.15481171548117154
7d73_A	0.36117936117936117
7d78_D	0.6296296296296297
7d87_A	0.20297029702970298
7d8f_A	0.5683760683760684
7d8m_A	0.031042128603104215
7d8o_A	0.049079754601226995
7d8q_A	0.1206896551724138
7d8u_A	0.49295774647887325
7d97_B	0.48404255319148937
7d9f_A	0.18235294117647058
7d9m_B	0.13043478260869565
7da9_A	0.3582474226804124
7db5_A	0.3392156862745098
7dbe_B	0.20180722891566266
7dbl_A	0.46919431279620855
7dbs_A	0.2619047619047619
7dbu_A	0.13664596273291926
7dbw_A	0.12048192771084337
7dc9_D	0.36024844720496896
7dck_A	0.483739837398374
7dcn_A	0.06043956043956044
7dda_A	0.02459016393442623
7dde_A	0.06470588235294118
7ddy_B	0.61
7deg_A	0.2019607843137255
7deg_B	0.4557823129251701
7dei_B	0.07692307692307693
7dek_F	0.33495145631067963
7dex_A	0.1391304347826087
7df2_A	0.18823529411764706
7df7_B	0.6554621848739496
7dfp_A	0.13134328358208955
7dfq_A	0.38949671772428884
7dgw_A	0.23404255319148937
7dgy_A	0.15151515151515152
7dhw_A	0.09215686274509804
7di1_A	0.17391304347826086
7djk_A	0.49607843137254903
7djl_A	0.4143763213530655
7dk9_A	0.32547169811320753
7dkf_A1	0.2708333333333333
7dkk_A	0.1797752808988764
7dkm_A	0.46405228758169936
7dko_A	0.1
7dl9_A	0.3308641975308642
7dlm_B	0.625
7dm0_A	0.40119760479041916
7dm2_A	0.37425149700598803
7dm9_A	0.1242603550295858
7dmb_A	0.5251396648044693
7dme_A	0.2435064935064935
7dmf_A	0.25396825396825395
7dmw_A	0.49
7dmx_D	0.12962962962962962
7dn2_1	0.48412698412698413
7dn2_d	0.07008086253369272
7dn9_A	0.07692307692307693
7dnm_A	0.4732142857142857
7dnm_B	0.3283582089552239
7dnu_A	0.18218623481781376
7do5_G	0.6466165413533834
7dod_B	0.08235294117647059
7dog_A	0.5078369905956113
7doq_A	0.2656716417910448
7dov_A	0.5202702702702703
7dp0_B	0.3183856502242152
7dqk_B	0.3277661795407098
7dqx_C	0.18125
7dqx_D	0.1784313725490196
7dqx_E	0.24232081911262798
7drc_C	0.6333333333333333
7drg_B	0.036011080332409975
7drj_A	0.18421052631578946
7drp_A	0.3557692307692308
7drs_A	0.08235294117647059
7drt_A	0.04790419161676647
7dsj_A	0.09917355371900827
7dsl_A	0.39065817409766457
7dsl_B	0.09913793103448276
7dsu_B	0.34285714285714286
7du3_B	0.30275229357798167
7dup_A	0.28627450980392155
7dv3_A	0.42727272727272725
7dv7_B	0.5229357798165137
7dve_A	0.1927710843373494
7dvq_3	0.23137254901960785
7dvq_V	0.22435897435897437
7dvq_Y	0.4142857142857143
7dwc_A	0.5795454545454546
7dww_A	0.10465116279069768
7dxo_A	0.5568181818181818
7dym_A	0.08771929824561403
7dz4_C	0.5734265734265734
7dzz_B	0.40298507462686567
7e0d_A	0.15098039215686274
7e0l_A	0.2240325865580448
7e1y_A	0.3
7e24_D	0.6215139442231076
7e2a_A	0.44664031620553357
7e36_A	0.4169278996865204
7e36_B	0.41265822784810124
7e38_A	0.2715654952076677
7e3t_A	0.47126436781609193
7e3w_B	0.4560669456066946
7e3z_A	0.6032388663967612
7e43_B	0.25
7e4h_A	0.2072892938496583
7e4h_B	0.07886435331230283
7e4m_A	0.13333333333333333
7e4n_A	0.08620689655172414
7e5u_C	0.09066666666666667
7e6v_A	0.3349282296650718
7e76_A	0.24705882352941178
7e7l_A	0.11176470588235295
7e7m_C	0.7007042253521126
7e82_D	0.11923076923076924
7e82_a	0.10441767068273092
7e8k_B	0.28292682926829266
7e8n_C	0.06074766355140187
7e97_D	0.09655172413793103
7e9s_A	0.19607843137254902
7ea4_A	0.023529411764705882
7eap_A	0.43529411764705883
7eaw_A	0.22156862745098038
7ebd_A	0.0379746835443038
7ebe_A	0.24509803921568626
7ebl_B	0.041916167664670656
7ebo_A	0.5371900826446281
7ebp_A	0.23333333333333334
7ec1_A	0.45617529880478086
7ecd_A	0.14338235294117646
7ecq_A	0.22285714285714286
7edb_A	0.26571428571428574
7edd_A	0.3392156862745098
7edr_B	0.13114754098360656
7edz_B	0.3758169934640523
7eea_A	0.6764705882352942
7eeb_E	0.10392156862745099
7eeb_F	0.10196078431372549
7eeb_G	0.11960784313725491
7eeb_H	0.17254901960784313
7eeb_L	0.1588235294117647
7eeh_B	0.29411764705882354
7eei_A	0.045098039215686274
7eel_A	0.12602739726027398
7eel_H	0.4642857142857143
7eet_A	0.44542772861356933
7eew_A	0.33137254901960783
7eey_D	0.5153061224489796
7ef7_A	0.4279661016949153
7eft_B	0.26548672566371684
7egk_B	0.6055045871559633
7ehg_E	0.6102941176470589
7ehi_A	0.37450980392156863
7ehq_A	0.3694581280788177
7ehs_A	0.284688995215311
7eib_A	0.16610169491525423
7eih_A	0.1588235294117647
7eiu_A	0.3310810810810811
7ej3_B	0.10224438902743142
7ejb_A	0.47674418604651164
7ejh_A	0.6482213438735178
7ejw_A	0.44525547445255476
7ekd_A	0.22448979591836735
7eko_I	0.17511520737327188
7eko_J	0.2909090909090909
7eko_K	0.351931330472103
7eko_L	0.41711229946524064
7eko_O	0.14814814814814814
7ekp_B	0.08838383838383838
7ekq_P	0.23157894736842105
7ekq_Q	0.43414634146341463
7ekq_R	0.39690721649484534
7ekw_B	0.23921568627450981
7ekz_A	0.3493975903614458
7ele_A	0.25882352941176473
7elv_E	0.38164251207729466
7eme_A	0.3220338983050847
7emf_T	0.03626943005181347
7emf_Y	0.4857142857142857
7emo_A	0.10215053763440861
7emz_A	0.04316546762589928
7en2_B	0.2803921568627451
7en4_A	0.025423728813559324
7en7_A	0.5287958115183246
7ena_2	0.36623376623376624
7ena_r	0.10194174757281553
7enc_8	0.3210702341137124
7enc_a	0.0255863539445629
7eni_C	0.10317460317460317
7enj_W	0.21764705882352942
7eo3_A	0.25177304964539005
7eof_B	0.20441988950276244
7eoz_A	0.41286307053941906
7ep2_A	0.5104895104895105
7ep5_A	0.4801587301587302
7ep9_A	0.3941176470588235
7epm_A	0.41194029850746267
7epn_B	0.45255474452554745
7epp_a	0.17365269461077845
7epq_A	0.38175675675675674
7epu_A	0.49130434782608695
7epw_A	0.3297587131367292
7eq1_R	0.11619718309859155
7eqh_A	0.12735849056603774
7eqx_A	0.5125
7eqx_C	0.45484949832775917
7er8_A	0.6231884057971014
7erl_A	0.3509803921568627
7erv_A	0.3449197860962567
7es1_A	0.4583333333333333
7es4_A	0.26541554959785524
7esg_A	0.21764705882352942
7esr_A	0.455026455026455
7ess_B	0.47019867549668876
7esv_C	0.13108614232209737
7esx_A	0.17494089834515367
7et0_C	0.16470588235294117
7etj_M	0.049145299145299144
7etj_m	0.06896551724137931
7etl_A	0.3945578231292517
7etw_B	0.028985507246376812
7etx_A	0.4322033898305085
7eu1_B	0.049019607843137254
7eu9_A	0.0803921568627451
7eun_B	0.4343065693430657
7eus_B	0.024054982817869417
7ev9_B	0.10454545454545454
7evg_A	0.31220657276995306
7evn_E	0.37448559670781895
7ews_A	0.018518518518518517
7exf_B	0.3392156862745098
7exk_A	0.4055299539170507
7ext_N8	0.16608996539792387
7exz_A	0.4660493827160494
7ey0_B	0.1095890410958904
7eyl_A	0.5578947368421052
7eym_A	0.6145833333333334
7eyo_A	0.4279835390946502
7eyr_A	0.35125448028673834
7ezd_B	0.5542857142857143
7ezg_A	0.5454545454545454
7ezi_A	0.48297213622291024
7ezn_A	0.2914285714285714
7ezt_A	0.3156862745098039
7ezx_zP	0.2391304347826087
7f05_C	0.4422535211267606
7f06_A	0.5082872928176796
7f17_B	0.1643192488262911
7f1n_A	0.3784860557768924
7f1t_A	0.13947990543735225
7f28_A	0.3399014778325123
7f28_B	0.32564102564102565
7f2j_A	0.47863247863247865
7f2v_A	0.11
7f2z_A	0.336283185840708
7f37_A	0.37267080745341613
7f38_A	0.14049586776859505
7f39_A	0.13664596273291926
7f43_B	0.15
7f47_A	0.08823529411764706
7f4b_A	0.34868421052631576
7f4s_D	0.14418604651162792
7f52_A	0.03725490196078431
7f5a_E	0.3851132686084142
7f5i_A	0.3660130718954248
7f5v_A	0.3509803921568627
7f61_A	0.15282392026578073
7f66_J	0.28823529411764703
7f6d_G	0.05421686746987952
7f6e_B	0.5278592375366569
7f6h_A	0.15737704918032788
7f6l_B	0.28368794326241137
7f74_A	0.29380053908355797
7f76_B	0.6127167630057804
7f7d_A	0.3700787401574803
7f8b_A	0.46938775510204084
7f8e_A	0.4080717488789238
7f8h_C	0.3435114503816794
7f8l_A	0.07692307692307693
7f91_A	0.4198473282442748
7f9a_A	0.15030060120240482
7f9o_6	0.4110787172011662
7f9o_7	0.09779179810725552
7fas_A	0.03725490196078431
7fav_A	0.17100371747211895
7fby_A	0.43790849673202614
7fc0_E	0.49242424242424243
7fc2_A	0.4153846153846154
7fcc_A	0.4383561643835616
7fcj_A	0.44594594594594594
7fd5_B	0.29215686274509806
7fda_Y	0.13125
7fdc_O	0.04591836734693878
7fdl_A	0.06857142857142857
7fdp_B	0.16377171215880892
7fds_B	0.19491525423728814
7fe2_A	0.17058823529411765
7fe4_B	0.27058823529411763
7fe5_A	0.2275132275132275
7fea_B	0.37626262626262624
7fed_D	0.1636904761904762
7fee_A	0.36419753086419754
7fev_A	0.4288939051918736
7ff4_A	0.6178571428571429
7ff5_A	0.40476190476190477
7ffp_A	0.4
7fga_D	0.5494186046511628
7fgd_A	0.08527131782945736
7fgp_A	0.2928759894459103
7fgq_A	0.2578947368421053
7fgx_D	0.22745098039215686
7fgz_A	0.23076923076923078
7fh4_B	0.5071428571428571
7fh8_A	0.43137254901960786
7fhc_A	0.13071895424836602
7fhr_A	0.11899313501144165
7fi3_C	0.12745098039215685
7fi9_B	0.125
7fib_A	0.5414634146341464
7fif_A	0.1
7fik_E	0.20588235294117646
7fik_J	0.011764705882352941
7fik_Y	0.19174041297935104
7fir_C	0.42105263157894735
7fiu_A	0.0962962962962963
7fiv_B	0.11764705882352941
7fj3_h	0.08868501529051988
7fs5_E	0.4138755980861244
7jfs_A	0.40588235294117647
7jgs_C	0.20588235294117646
7jgt_A	0.6630434782608695
7jh4_A	0.3004484304932735
7jhj_R	0.1371841155234657
7jhy_a	0.013157894736842105
7ji4_A	0.664
7jid_A	0.5052264808362369
7jil_J	0.12666666666666668
7jil_M	0.050359712230215826
7jil_R	0.2692307692307692
7jil_S	0.359375
7jil_c	0.16666666666666666
7jil_k	0.4766355140186916
7jil_n	0.22105263157894736
7jj9_A	0.279826464208243
7jjv_B	0.2777777777777778
7jk2_A	0.3690773067331671
7jk4_D	0.3401360544217687
7jk4_G	0.3763440860215054
7jk9_K	0.5474683544303798
7jka_A	0.6083333333333333
7jl4_A	0.3263157894736842
7jlv_A	0.38672768878718533
7jlz_A	0.553921568627451
7jmn_P	0.06470588235294118
7jmt_C	0.03636363636363636
7jn7_B	0.058823529411764705
7jo7_B	0.28888888888888886
7joo_C	0.41284403669724773
7joo_K	0.5083333333333333
7jp2_A	0.5709969788519638
7jpj_A	0.32265446224256294
7jpp_C	0.1784313725490196
7jpp_E	0.31773399014778325
7jpt_A	0.11960784313725491
7jq6_D	0.296195652173913
7jqn_I	0.10843373493975904
7jqq_A	0.290519877675841
7jqy_B	0.6020408163265306
7jqz_A	0.5850340136054422
7jr6_A	0.345
7jr7_A	0.2784313725490196
7jr9_A	0.08267716535433071
7jrd_A	0.1411764705882353
7jrg_B	0.2975929978118162
7jri_A	0.21369294605809128
7jrl_A	0.4223194748358862
7jrp_M	0.2936344969199179
7jsd_B	0.33203125
7jsj_A	0.1794871794871795
7jti_A	0.35313531353135313
7jti_B	0.3851132686084142
7jti_C	0.37333333333333335
7jtk_X	0.5646437994722955
7jtu_B	0.046632124352331605
7jtw_A	0.0888030888030888
7jtz_B	0.06993006993006994
7ju4_l	0.7706422018348624
7jua_A	0.23708920187793428
7jul_A	0.2698412698412698
7jv7_B	0.12258064516129032
7jv8_C	0.3411764705882353
7jve_A	0.3675889328063241
7jvi_A	0.27315914489311166
7jw2_A	0.3059360730593607
7jw6_A	0.3141592920353982
7jw9_A	0.42592592592592593
7jxw_A	0.3715277777777778
7jxw_D	0.37630662020905925
7jzj_B	0.10486891385767791
7k0p_E	0.3599137931034483
7k15_A	0.3934065934065934
7k18_B	0.19402985074626866
7k1u_A	0.3438735177865613
7k1w_F	0.1277056277056277
7k1y_G	0.013725490196078431
7k2v_A	0.08
7k2v_P	0.09090909090909091
7k34_C	0.42081447963800905
7k36_I	0.0784313725490196
7k3m_A	0.20816326530612245
7k3z_A	0.12352941176470589
7k47_A	0.3868131868131868
7k5b_Q	0.4479166666666667
7k5k_A	0.11176470588235295
7k66_A	0.3627450980392157
7k6b_A	0.2971014492753623
7k6v_FB	0.09019607843137255
7k6y_A	0.13309352517985612
7k74_A	0.15123456790123457
7k7j_A	0.34265734265734266
7k7u_J	0.20855614973262032
7k7v_A	0.0625
7k80_G	0.6103448275862069
7k9y_A	0.14823529411764705
7kah_D	0.1257606490872211
7kam_D	0.22478991596638656
7kaw_C	0.1627450980392157
7kc0_A	0.1607843137254902
7kcg_A	0.09090909090909091
7kd7_A	0.43137254901960786
7kdc_A	0.5277777777777778
7kdp_A	0.03333333333333333
7kf3_A	0.5828729281767956
7kfl_A	0.15730337078651685
7kfu_C	0.11372549019607843
7kgc_C	0.41935483870967744
7kgm_A	0.08235294117647059
7kgv_B	0.0594059405940594
7kh1_F5	0.15594059405940594
7khs_A	0.43207126948775054
7kii_A	0.1941747572815534
7kik_A	0.12396694214876033
7kiu_A	0.4448669201520912
7kj7_B	0.21804511278195488
7kjk_E4	0.30701754385964913
7kjk_E5	0.29559748427672955
7kl7_A	0.43506493506493504
7kl9_D	0.175
7kld_B	0.14150943396226415
7klj_A	0.5061728395061729
7km3_F	0.5
7kmt_B	0.19157894736842104
7kmx_a	0.2375
7kmy_A	0.3118279569892473
7kn8_B	0.33137254901960783
7koe_A	0.3971631205673759
7koe_C	0.2990867579908676
7koe_D	0.2608695652173913
7kom_A	0.08955223880597014
7kos_A	0.0738255033557047
7kp2_A	0.13768115942028986
7kpj_E	0.24770642201834864
7kpr_A	0.3200992555831266
7kpt_A	0.28883495145631066
7kpv_B	0.1
7kpv_D	0.050980392156862744
7kpz_B	0.47619047619047616
7kq4_A	0.049019607843137254
7kq8_A	0.3333333333333333
7kqa_A	0.4780058651026393
7kql_T	0.5636363636363636
7kqr_A	0.08250825082508251
7kra_H	0.328
7krj_C	0.16541353383458646
7krk_C	0.639344262295082
7ksf_A	0.13333333333333333
7ksp_A	0.12264150943396226
7kuz_C	0.5
7kv2_AAA	0.23142250530785563
7kv7_BBB	0.31007751937984496
7kw9_A	0.1404494382022472
7kwd_A	0.2156448202959831
7kx0_A	0.4857142857142857
7kyc_A	0.06666666666666667
7kyc_B	0.0748663101604278
7kyj_B	0.4793814432989691
7kyp_A	0.4322033898305085
7kyq_A	0.21304347826086956
7kyx_A	0.35516372795969775
7kyz_A	0.4787234042553192
7kzw_A	0.2578125
7l07_A	0.4766355140186916
7l08_7	0.06397306397306397
7l08_s	0.07124681933842239
7l0j_A	0.0392156862745098
7l0j_B	0.22018348623853212
7l15_B	0.49321266968325794
7l16_A	0.3598233995584989
7l1k_B	0.07058823529411765
7l1w_A	0.09795918367346938
7l26_B	0.3418181818181818
7l2z_F	0.25098039215686274
7l32_B	0.30612244897959184
7l3o_B	0.20698254364089774
7l48_A	0.21372549019607842
7l4a_A	0.3901345291479821
7l4g_B	0.44313725490196076
7l5s_A	0.19019607843137254
7l6j_A	0.5539906103286385
7l6l_B	0.48633879781420764
7l6z_A	0.14953271028037382
7l89_H	0.07017543859649122
7l8c_H	0.08849557522123894
7l8c_L	0.09345794392523364
7l8d_L	0.09803921568627451
7l8x_H	0.008620689655172414
7la1_A	0.36893203883495146
7lap_B	0.2097902097902098
7las_A	0.36065573770491804
7lb8_B	0.060784313725490195
7lb8_C	0.34901960784313724
7lb8_D	0.38113207547169814
7lbe_C	0.07357859531772576
7lby_A	0.025490196078431372
7lc1_B	0.12844036697247707
7lc7_A	0.23595505617977527
7lcc_A	0.09215686274509804
7lce_A	0.37398373983739835
7ldg_A	0.42272727272727273
7les_A	0.15812917594654788
7lg6_H	0.36585365853658536
7lgn_B	0.08627450980392157
7lgu_A	0.03333333333333333
7lh6_A	0.4195804195804196
7lhh_K	0.2356687898089172
7lhk_B	0.34563758389261745
7lhl_D	0.2
7lhv_A	0.1
7lid_A	0.05511811023622047
7lij_A	0.1811320754716981
7lir_A	0.14121037463976946
7liv_r	0.04276315789473684
7ljh_A	0.465
7ljn_A	0.195906432748538
7ljo_A	0.2103448275862069
7ljp_C	0.06622516556291391
7lkk_A	0.38686131386861317
7lkm_A	0.21476510067114093
7lkn_C	0.36036036036036034
7lnm_B	0.4034653465346535
7lnp_A	0.3352941176470588
7lnu_B	0.3793103448275862
7lo1_A	0.2985781990521327
7lo8_Z	0.3983739837398374
7lpo_B	0.21372549019607842
7lr3_D	0.5454545454545454
7lrh_B	0.3380281690140845
7lrn_B	0.432
7ls0_B	0.20165745856353592
7ls6_O	0.15833333333333333
7ls6_P	0.0622568093385214
7lsu_A	0.31176470588235294
7lsw_C	0.25517241379310346
7lsy_Y	0.08431372549019608
7lt9_A	0.450199203187251
7ltf_C	0.2900763358778626
7lu6_A	0.5980392156862745
7luf_B	0.22156862745098038
7luh_A	0.43455497382198954
7lv3_A	0.39019607843137255
7lv7_A	0.11204481792717087
7lvp_A	0.17543859649122806
7lvw_F	0.059063136456211814
7lvy_A	0.42923433874709976
7lvz_D	0.36585365853658536
7lw7_A	0.10108303249097472
7lwy_B	0.052941176470588235
7lwz_A	0.145
7lxt_J	0.08837209302325581
7lxt_K	0.10256410256410256
7ly7_A	0.20980392156862746
7lyc_N	0.4208955223880597
7lyu_B	0.40970350404312667
7lza_A	0.547945205479452
7lzh_A	0.4725490196078431
7m0d_B	0.18529411764705883
7m0r_C	0.20784313725490197
7m1a_AAA	0.4406779661016949
7m1b_AAA	0.42105263157894735
7m1l_C	0.46236559139784944
7m1r_B	0.4192872117400419
7m2w_G	0.047058823529411764
7m3q_A	0.06149732620320856
7m3r_L	0.0759493670886076
7m3w_B	0.449438202247191
7m4p_A	0.21568627450980393
7m4s_B	0.321656050955414
7m5d_A	0.20833333333333334
7m5h_B	0.5283018867924528
7m6b_A	0.35655737704918034
7m6j_E	0.2972972972972973
7m6u_B	0.4005102040816326
7m7a_A	0.0803921568627451
7m7e_A	0.26862745098039215
7m7h_B	0.2823529411764706
7m8i_A	0.1411764705882353
7m8q_F	0.03826530612244898
7mbf_A	0.45806451612903226
7mbp_C	0.17450980392156862
7mbw_A	0.28842105263157897
7mc0_D	0.4530612244897959
7mc4_B	0.4345679012345679
7mcc_A	0.14736842105263157
7mcd_A	0.22404371584699453
7mci_B	0.32941176470588235
7mcm_B	0.41935483870967744
7mdf_A	0.23841059602649006
7mdl_A	0.3037974683544304
7mdy_B	0.24817518248175183
7me3_A	0.3701067615658363
7me5_A	0.26143790849673204
7mei_g	0.16374269005847952
7mek_A	0.5968992248062015
7meq_A	0.24233128834355827
7mex_A	0.06274509803921569
7mez_B	0.1568627450980392
7mf4_A	0.27647058823529413
7mfj_BBB	0.3887147335423197
7mfm_G	0.06274509803921569
7mfp_B	0.3446327683615819
7mft_I	0.2857142857142857
7mg0_D	0.2028985507246377
7mgq_A	0.1627450980392157
7mgv_A	0.3783783783783784
7mh2_B	0.13261648745519714
7mhd_A	0.5
7mhy_A	0.048879837067209775
7mid_C	0.5157894736842106
7mju_A	0.2717391304347826
7mjy_A	0.5022321428571429
7mkr_AAA	0.1125
7mku_A	0.3708609271523179
7ml9_A	0.1016949152542373
7mlh_B	0.43410852713178294
7mmp_E	0.460431654676259
7mmq_D	0.021341463414634148
7mo6_B	0.4294117647058823
7moa_D	0.1411764705882353
7mp4_A	0.32745098039215687
7mp9_A	0.3285024154589372
7mpk_B	0.5252525252525253
7mpo_F	0.30917874396135264
7mpy_B	0.4372093023255814
7mq8_LN	0.4764705882352941
7mq8_LO	0.43529411764705883
7mq8_LR	0.43137254901960786
7mq8_SI	0.2607843137254902
7mqa_LQ	0.43333333333333335
7mqa_NS	0.36470588235294116
7mqa_SP	0.29215686274509806
7mqw_A	0.31386861313868614
7mqx_E	0.44692737430167595
7mqy_A	0.4701086956521739
7mrj_A	0.47058823529411764
7mrw_A	0.050980392156862744
7mrw_C	0.0392156862745098
7mrz_C	0.13450292397660818
7msg_D	0.33980582524271846
7msk_A	0.38004750593824227
7msn_A	0.37410071942446044
7msw_A	0.07058823529411765
7msy_A	0.2568493150684932
7mtr_A	0.45294117647058824
7mts_B	0.44901960784313727
7mts_C	0.3961352657004831
7muc_EL	0.4277456647398844
7muw_CK	0.44370860927152317
7muw_HH	0.24806201550387597
7mvx_A	0.09019607843137255
7mw7_A	0.4067796610169492
7mw8_C	0.2857142857142857
7mwy_A	0.09943181818181818
7mx2_A	0.5657894736842105
7mx2_B	0.08431372549019608
7mx3_A	0.3835616438356164
7mx5_A	0.4875
7mxb_A	0.3196078431372549
7myl_B	0.3987341772151899
7myv_B	0.36401673640167365
7myz_C	0.3231939163498099
7mzv_A	0.10784313725490197
7n15_A	0.21764705882352942
7n1h_C	0.11538461538461539
7n1o_A	0.5408560311284046
7n2b_B	0.349009900990099
7n3m_AAA	0.16018306636155608
7n3t_A	0.5316091954022989
7n3v_A	0.18796992481203006
7n3z_A	0.35092348284960423
7n45_A	0.15217391304347827
7n61_0Q	0.4647058823529412
7n61_0X	0.18095238095238095
7n6g_0Z	0.5070140280561122
7n6g_1H	0.37058823529411766
7n6g_1N	0.3509803921568627
7n6g_1O	0.16470588235294117
7n6g_1Q	0.21967963386727687
7n6g_4T	0.2784313725490196
7n6g_6E	0.35294117647058826
7n6g_6G	0.2773109243697479
7n6g_6K	0.25882352941176473
7n6h_A	0.44341801385681295
7n6s_C	0.24489795918367346
7n7s_B	0.049886621315192746
7n7v_A	0.2585669781931464
7n7z_B	0.3383458646616541
7n84_b	0.10784313725490197
7n8n_A	0.06091370558375635
7n8n_B	0.0594059405940594
7n8v_A	0.40654205607476634
7na0_A	0.34509803921568627
7na5_D	0.4777777777777778
7nac_I	0.16470588235294117
7nac_p	0.42729970326409494
7nad_x	0.3686274509803922
7naf_B	0.06315789473684211
7ncc_A	0.44366197183098594
7ncd_E	0.3278008298755187
7ncr_A	0.04790419161676647
7ncy_B	0.36363636363636365
7nd2_C	0.36363636363636365
7nd2_E	0.3523809523809524
7nde_A	0.3090128755364807
7nea_A	0.1650485436893204
7nf6_A	0.26862745098039215
7nfe_A	0.2549019607843137
7nfu_A	0.3574660633484163
7ng2_A	0.09554140127388536
7ngq_A	0.27450980392156865
7nhk_0	0.3414141414141414
7nhk_F	0.08333333333333333
7nhl_0	0.32903225806451614
7nhn_0	0.3644251626898048
7nhp_2	0.10714285714285714
7ni5_A	0.37058823529411766
7nii_D	0.14313725490196078
7nit_D	0.45294117647058824
7nj0_C	0.15925925925925927
7nj1_A	0.21176470588235294
7njm_G	0.25418060200668896
7njn_C	0.2607843137254902
7nkz_A	0.12307692307692308
7nl1_D	0.4175
7nlj_A	0.5128205128205128
7nmm_A	0.5769230769230769
7nmq_A	0.0684931506849315
7nn3_A	0.4412532637075718
7nn4_A	0.40664961636828645
7nnh_X	0.054901960784313725
7nnl_B	0.17450980392156862
7now_B	0.09803921568627451
7np7_C1	0.03201970443349754
7np7_P1	0.3918918918918919
7np8_B	0.1980392156862745
7npf_A	0.32425742574257427
7nqf_B	0.2009132420091324
7nqg_AAA	0.36908517350157727
7nqh_BW	0.27710843373493976
7nrc_A	0.1411764705882353
7nrr_AAA	0.3617021276595745
7nsc_E	0.5411764705882353
7nsh_BC	0.30392156862745096
7nsn_A	0.40980392156862744
7nst_D	0.07612456747404844
7nt7_A	0.4171779141104294
7nto_A	0.48717948717948717
7nur_A	0.17254901960784313
7nut_A	0.38154613466334164
7nwl_C	0.5597826086956522
7nwq_AAA	0.27692307692307694
7nwr_A	0.07511737089201878
7nxd_B	0.3333333333333333
7nxp_A	0.0591016548463357
7nxq_A	0.02912621359223301
7nyc_C	0.09019607843137255
7nyu_L	0.11372549019607843
7nz8_B	0.2992957746478873
7nzp_AAA	0.4918032786885246
7o0a_D	0.2938271604938272
7o0b_A	0.6346153846153846
7o0i_6	0.408
7o0i_e	0.17699115044247787
7o17_A	0.48635235732009924
7o2w_A	0.09090909090909091
7o3i_A	0.13286713286713286
7o3j_b	0.18316831683168316
7o3t_o	0.1826086956521739
7o42_A	0.13725490196078433
7o48_B	0.11469534050179211
7o49_F	0.18235294117647058
7o4c_A	0.4017094017094017
7o4f_A	0.10294117647058823
7o4t_D	0.3598014888337469
7o4x_A	0.49514563106796117
7o52_U	0.6049382716049383
7o5i_A	0.43873517786561267
7o62_B	0.6131386861313869
7o6z_A	0.40588235294117647
7o71_2	0.07462686567164178
7o77_A	0.6196078431372549
7o78_B	0.6239837398373984
7o79_A	0.6433566433566433
7o7g_A	0.1980392156862745
7o7j_A	0.28532608695652173
7o84_A	0.7048780487804878
7o8c_A	0.17450980392156862
7o9k_G	0.31750741839762614
7o9m_n	0.5441860465116279
7o9o_A	0.29878048780487804
7oa8_A	0.18882978723404256
7oar_A	0.2579185520361991
7oas_A	0.5601851851851852
7ob6_A	0.17117117117117117
7oba_O	0.22478386167146974
7obm_A	0.39019607843137255
7obn_A	0.12040133779264214
7obq_v	0.42786069651741293
7oc3_A	0.1792452830188679
7oc4_A	0.056555269922879174
7ock_L	0.02631578947368421
7ocn_A	0.45098039215686275
7ocx_C	0.45161290322580644
7ocy_A	0.28823529411764703
7ocy_B	0.2823529411764706
7od9_B	0.6744186046511628
7ods_D	0.12916666666666668
7ods_F	0.08333333333333333
7odu_A	0.14728682170542637
7odv_DDD	0.7549019607843137
7odx_A	0.2057142857142857
7oe2_A	0.18421052631578946
7oex_A	0.5520833333333334
7of0_E	0.03571428571428571
7of4_C	0.3957345971563981
7ofh_L	0.38961038961038963
7ofl_A	0.041791044776119404
7ofq_f	0.18779342723004694
7og2_A	0.1568627450980392
7og3_A	0.4413793103448276
7og5_J	0.31736526946107785
7og7_A	0.291044776119403
7ogp_B	0.06403940886699508
7ogp_D	0.058823529411764705
7ogp_E	0.034482758620689655
7ohi_A	0.22
7ohv_Z	0.26153846153846155
7oi6_1	0.39299610894941633
7oi6_x	0.41711229946524064
7oi6_y	0.256797583081571
7oim_A	0.20392156862745098
7oiy_A	0.1598360655737705
7ojg_A	0.38405797101449274
7oju_A	0.45794392523364486
7ok0_G	0.2459016393442623
7okr_AAA	0.3177083333333333
7ol1_A	0.6081504702194357
7ol3_B	0.23058823529411765
7ol4_A	0.5450980392156862
7ol4_D	0.592156862745098
7ola_B	0.19282511210762332
7ole_H	0.01764705882352941
7ole_J	0.02631578947368421
7olf_A	0.40860215053763443
7olw_AAA	0.5
7omd_B	0.5709677419354838
7omv_AAA	0.07142857142857142
7onw_A	0.2268041237113402
7oo5_A	0.027190332326283987
7ooc_A	0.18875502008032127
7oox_A	0.34385964912280703
7op9_G	0.40772532188841204
7opx_A	0.14814814814814814
7oq4_B	0.041176470588235294
7oqc_F	0.39325842696629215
7oqy_E	0.17032967032967034
7orx_CCC	0.5137254901960784
7os3_AAA	0.14905149051490515
7ose_D	0.10934393638170974
7osi_B	0.4253246753246753
7osj_H	0.2582781456953642
7ost_AAA	0.10921501706484642
7otc_R	0.3106796116504854
7ots_A	0.5513698630136986
7ou5_A	0.08241758241758242
7ou8_AAA	0.37450980392156863
7ouu_B	0.553921568627451
7ovu_A	0.5408163265306123
7owj_F	0.40609137055837563
7ox5_A	0.40384615384615385
7oxv_A	0.05189620758483034
7oyw_A	0.40804597701149425
7oz8_AAA	0.2721518987341772
7oz9_BBB	0.32919254658385094
7oza_CCC	0.3135245901639344
7ozr_A	0.04466501240694789
7ozs_F	0.3686274509803922
7p04_A	0.25098039215686274
7p07_A	0.25882352941176473
7p12_A	0.1956521739130435
7p14_A	0.027439024390243903
7p18_A	0.17058823529411765
7p1g_K	0.03170028818443804
7p1y_AAA	0.28160919540229884
7p23_A	0.16170212765957448
7p2q_B	0.20670391061452514
7p2y_g	0.19791666666666666
7p3b_B	0.05432595573440644
7p3t_B	0.1806020066889632
7p3x_A	0.5607843137254902
7p3x_B	0.6333333333333333
7p44_B	0.3862745098039216
7p48_6	0.3627450980392157
7p4l_B	0.2280334728033473
7p50_A	0.5371900826446281
7p54_A	0.11083123425692695
7p5c_A	0.09948979591836735
7p5h_C	0.33974358974358976
7p5j_A	0.08521303258145363
7p69_E	0.36538461538461536
7p69_F	0.23076923076923078
7p75_BBB	0.466403162055336
7p7r_0	0.3686274509803922
7p8h_A	0.15217391304347827
7p8m_C	0.14215686274509803
7p8n_a	0.14901960784313725
7p8p_B	0.272108843537415
7p8s_A	0.07508532423208192
7p97_AAA	0.541871921182266
7p99_A	0.15789473684210525
7p9a_A	0.27631578947368424
7p9k_A	0.1
7p9q_A	0.13215859030837004
7pai_D	0.08496732026143791
7pam_a	0.17543859649122806
7pan_g	0.14285714285714285
7pao_q	0.3434343434343434
7par_c	0.06666666666666667
7pax_B	0.23383084577114427
7pbi_B	0.24901960784313726
7pcf_F	0.20821114369501467
7pci_A	0.3333333333333333
7pcs_A	0.6311475409836066
7pcs_B	0.6356275303643725
7pcy_A	0.6020408163265306
7pd2_A	0.4223433242506812
7pd3_x	0.4262295081967213
7pd7_B	0.568
7pda_A	0.16561844863731656
7pds_A	0.1575492341356674
7pdy_A	0.2994652406417112
7pe4_A	0.5709677419354838
7peg_A	0.4954128440366973
7pfg_A	0.3089887640449438
7pfs_A	0.2647058823529412
7ph3_A	0.28823529411764703
7pha_G	0.09219858156028368
7pha_r	0.2517985611510791
7phc_i	0.125
7pi1_DDD	0.0718954248366013
7pi3_A	0.21646341463414634
7pi5_o	0.12184873949579832
7pib_W	0.3333333333333333
7piq_b	0.09170305676855896
7pit_H	0.203125
7pit_I	0.10891089108910891
7pj4_AAA	0.27106227106227104
7pjh_A	0.12618296529968454
7pjj_A	0.38823529411764707
7pk1_A	0.3194444444444444
7pk6_E	0.396078431372549
7pkb_B	0.3300970873786408
7pko_A	0.07348242811501597
7pkq_P	0.47181008902077154
7pkq_b	0.2074688796680498
7pkq_f	0.49514563106796117
7pkq_h	0.07122507122507123
7pkq_i	0.24675324675324675
7pkq_j	0.006097560975609756
7pkq_l	0.29245283018867924
7pkt_O	0.4392156862745098
7pkt_P	0.3972602739726027
7pkt_Q	0.20281124497991967
7pkt_R	0.25
7pkt_c	0.12264150943396226
7pld_B	0.4117647058823529
7pln_A	0.3512396694214876
7plo_A	0.307843137254902
7plo_B	0.03725490196078431
7plo_O	0.2198952879581152
7pls_A	0.35962877030162416
7pmn_L	0.6252631578947369
7pmo_G	0.3137254901960784
7pmq_A	0.4606986899563319
7pmu_A	0.031413612565445025
7pnb_A	0.37158469945355194
7pnt_X	0.2913165266106443
7pnx_B	0.28888888888888886
7pnx_b	0.30368098159509205
7po2_W	0.27
7po7_F	0.4180064308681672
7poa_A	0.4371859296482412
7pog_A	0.12549019607843137
7poi_C	0.09090909090909091
7pow_B	0.06372549019607843
7pp2_A	0.09954751131221719
7pp3_A	0.21641791044776118
7ppa_C	0.2
7pq1_A	0.13924050632911392
7pqa_AAA	0.21818181818181817
7pqf_A	0.3556701030927835
7pqh_J	0.24901960784313726
7pqp_G	0.298876404494382
7pqp_H	0.2793791574279379
7prm_A	0.5694915254237288
7prq_B	0.23734177215189872
7psl_A	0.26862745098039215
7pt6_H	0.26616915422885573
7ptb_A	0.5236593059936908
7pth_A	0.28431372549019607
7ptt_A	0.2803921568627451
7ptx_A	0.27647058823529413
7pu7_A	0.2784313725490196
7pua_Cg	0.19096509240246407
7pua_Ff	0.1411764705882353
7pua_Fg	0.08627450980392157
7pua_Fi	0.04421052631578947
7pua_IA	0.32941176470588235
7pud_A	0.21142857142857144
7pug_A	0.2607843137254902
7pul_A	0.46397694524495675
7puo_A	0.34108527131782945
7pup_A	0.20668058455114824
7pv7_B	0.3803921568627451
7pvh_A	0.06666666666666667
7pvi_AAA	0.3768844221105528
7pw4_C	0.25483870967741934
7pw5_B	0.09411764705882353
7pwh_AAA	0.39901477832512317
7pwo_f2	0.17886178861788618
7px0_B	0.18627450980392157
7px8_A	0.3137254901960784
7pxo_AAA	0.11764705882352941
7pxy_A	0.3153153153153153
7pyq_A	0.28085106382978725
7pyt_D	0.29591836734693877
7pyv_C	0.36363636363636365
7pz2_B	0.17
7pzb_A	0.4977973568281938
7pzj_A	0.5567765567765568
7pzo_A	0.2956521739130435
7pzt_A	0.33125
7pzz_D	0.36041666666666666
7q05_A	0.3116883116883117
7q05_E	0.1393643031784841
7q0f_AG	0.2358490566037736
7q1d_D	0.20220588235294118
7q1y_A	0.5098039215686274
7q2y_A	0.28306264501160094
7q37_A	0.17511520737327188
7q3a_B	0.45
7q3d_C	0.04834605597964377
7q3e_A	0.15294117647058825
7q3e_B	0.0536779324055666
7q3e_D	0.336283185840708
7q3s_A	0.423841059602649
7q3y_A	0.10196078431372549
7q40_C	0.44594594594594594
7q4i_B	0.49466192170818507
7q4l_A	0.40969162995594716
7q5y_A	0.21176470588235294
7q5y_T	0.10980392156862745
7q69_A	0.5114942528735632
7q6g_A	0.32216494845360827
7q6o_A	0.5576923076923077
7q71_A	0.08189655172413793
7q8e_A	0.38287153652392947
7q92_C	0.16382252559726962
7qa5_A	0.5698924731182796
7qa7_A	0.4411764705882353
7qan_AAA	0.14814814814814814
7qb6_A	0.34146341463414637
7qba_D	0.2872727272727273
7qbk_A	0.16549295774647887
7qc0_A	0.1627450980392157
7qca_LFF	0.2882882882882883
7qca_LG0	0.19597989949748743
7qca_LH0	0.03825136612021858
7qca_LO0	0.17676767676767677
7qca_SB0	0.13725490196078433
7qca_SGG	0.47962382445141066
7qca_SM0	0.3274336283185841
7qcb_A	0.5416666666666666
7qcd_C	0.10486891385767791
7qcw_B	0.35049019607843135
7qde_B	0.42011834319526625
7qdp_A	0.06896551724137931
7qdz_C	0.5868852459016394
7qe7_I	0.19607843137254902
7qe7_R	0.43636363636363634
7qec_A	0.10377358490566038
7qeh_A	0.2601626016260163
7qek_A	0.5245098039215687
7qem_C	0.29941860465116277
7qen_A	0.24301075268817204
7qen_D	0.3137254901960784
7qep_C2	0.3050847457627119
7qep_L2	0.11206896551724138
7qep_M7	0.20114942528735633
7qep_MD	0.13529411764705881
7qep_N2	0.13978494623655913
7qep_O0	0.32222222222222224
7qep_O1	0.17592592592592593
7qf6_B	0.22954545454545455
7qfi_B	0.12403100775193798
7qfk_D	0.25280898876404495
7qfq_A	0.052941176470588235
7qfx_C	0.4721549636803874
7qg4_A	0.25882352941176473
7qg9_G	0.23825503355704697
7qgq_O	0.10062893081761007
7qh2_A	0.314540059347181
7qh2_B	0.4
7qh5_A	0.3354632587859425
7qhm_E	0.22054380664652568
7qho_U	0.2662337662337662
7qi3_A	0.2323529411764706
7qi6_z	0.05952380952380952
7qia_A	0.04488778054862843
7qiu_A	0.47808764940239046
7qiw_h	0.2972972972972973
7qjc_G	0.06666666666666667
7qjm_A	0.574750830564784
7qjn_A	0.5688405797101449
7ql6_C	0.0936768149882904
7qla_A	0.09237875288683603
7qla_C	0.07256235827664399
7qld_B	0.18867924528301888
7qlr_A	0.11764705882352941
7qng_A	0.3617021276595745
7qni_AAA	0.36175710594315247
7qoa_A	0.1172069825436409
7qoc_A	0.32124352331606215
7qoi_FS	0.2183406113537118
7qok_A	0.10784313725490197
7qoo_M	0.5511363636363636
7qoo_N	0.096875
7qow_B	0.1900990099009901
7qoz_E	0.43962848297213625
7qp3_A	0.20460358056265984
7qp5_B	0.03305785123966942
7qpk_B	0.21428571428571427
7qpr_D	0.21568627450980393
7qqb_B	0.1182033096926714
7qqg_B	0.28627450980392155
7qqi_A	0.2806652806652807
7qqk_A	0.2909930715935335
7qqy_A	0.16203703703703703
7qrd_A	0.33791208791208793
7qrf_D	0.1375
7qrh_BBB	0.3744075829383886
7qrj_B	0.08791208791208792
7qrl_C	0.37583892617449666
7qrr_F	0.25675675675675674
7qru_A	0.14313725490196078
7qru_D	0.10590631364562118
7qrv_D	0.5587188612099644
7qrz_A	0.3157894736842105
7qs3_A	0.32124352331606215
7qsj_A	0.3554913294797688
7qsr_A	0.13529411764705881
7qss_A	0.22453703703703703
7qte_B	0.22183098591549297
7qu8_A	0.06756756756756757
7que_B	0.3179916317991632
7qug_A	0.4256926952141058
7quz_DDD	0.5133689839572193
7qv3_w	0.1803921568627451
7qv7_B	0.10382513661202186
7qv7_S	0.21764705882352942
7qvd_AAA	0.1736842105263158
7qve_c	0.06896551724137931
7qve_f	0.07373271889400922
7qw6_A	0.4294117647058823
7qwt_A	0.13920454545454544
7qxv_A	0.07669616519174041
7qya_q	0.09045226130653267
7qyd_A	0.06470588235294118
7qz2_B	0.6136363636363636
7qzj_A	0.4146919431279621
7qzn_A	0.41055718475073316
7qzp_A	0.5128205128205128
7qzq_A	0.4796511627906977
7r08_E	0.18237704918032788
7r0k_A	0.17647058823529413
7r0x_A	0.48
7r1m_A	0.5128205128205128
7r25_A	0.6304347826086957
7r2a_A	0.6
7r2k_L	0.0744047619047619
7r2k_Q	0.16033755274261605
7r2u_A	0.43982494529540483
7r2x_A	0.1843137254901961
7r3e_A	0.3862745098039216
7r3n_D	0.3081967213114754
7r3w_D	0.4181184668989547
7r49_B	0.19834710743801653
7r4u_B	0.4233128834355828
7r50_A	0.3171247357293869
7r55_B	0.14153846153846153
7r5j_C0	0.06470588235294118
7r5j_E0	0.043137254901960784
7r5j_K0	0.24509803921568626
7r5j_R2	0.1568627450980392
7r5j_W0	0.14313725490196078
7r5k_40	0.4151436031331593
7r5y_E	0.06280193236714976
7r5z_B	0.16883116883116883
7r65_A	0.37117903930131
7r6s_B	0.18553459119496854
7r78_A	0.3058823529411765
7r7b_A	0.43243243243243246
7r7g_A	0.44313725490196076
7r81_b1	0.1259259259259259
7r8e_A	0.33137254901960783
7r8i_A	0.1803921568627451
7r8q_B	0.2390745501285347
7r9b_A	0.3901345291479821
7r9g_A	0.08290155440414508
7r9x_A	0.26555023923444976
7rac_A	0.4983277591973244
7rai_H	0.3951612903225806
7ram_A	0.054901960784313725
7ram_D	0.5467128027681661
7rb4_A	0.07254901960784314
7rbp_A	0.41033434650455924
7rbw_A	0.04461942257217848
7rc6_A	0.425531914893617
7rca_A	0.12121212121212122
7rcy_A	0.11764705882352941
7rcz_A	0.2372549019607843
7rd0_A	0.2012448132780083
7rd6_A	0.058823529411764705
7rdr_A	0.09649122807017543
7rea_A	0.0942622950819672
7ref_A	0.13821138211382114
7rep_A	0.045098039215686274
7rf9_A	0.3963254593175853
7rfo_B	0.3575757575757576
7rgc_B	0.5165289256198347
7rgd_F	0.2549019607843137
7rgv_A	0.43243243243243246
7rgw_A	0.5602836879432624
7rh5_G	0.3101851851851852
7rh5_W	0.3227848101265823
7rhe_A	0.41032608695652173
7rhp_A	0.31627906976744186
7ri3_C	0.11568627450980393
7riz_A	0.5261437908496732
7rj1_A	0.052830188679245285
7rjc_B	0.14835164835164835
7rjj_A	0.48333333333333334
7rk7_B	0.12222222222222222
7rkt_A	0.13274336283185842
7rkx_R	0.12727272727272726
7rlm_A	0.2323943661971831
7rlo_K	0.03669724770642202
7rlu_A	0.2529411764705882
7rmw_A	0.45555555555555555
7rmy_A	0.10150375939849623
7roa_A	0.05982905982905983
7rom_A	0.4627450980392157
7rpk_A	0.11960784313725491
7rps_A	0.16233766233766234
7rpw_A	0.09523809523809523
7rpw_C	0.16326530612244897
7rpx_E	0.06666666666666667
7rpy_A	0.22406639004149378
7rqh_A	0.4069767441860465
7rqs_A	0.10196078431372549
7rsf_A	0.3815789473684211
7rsl_A	0.14042553191489363
7rsw_A	0.112
7rt0_A	0.3142857142857143
7rt7_J	0.3263888888888889
7rt7_K	0.11888111888111888
7rty_A	0.319672131147541
7ru7_A	0.3762135922330097
7rum_A	0.1634980988593156
7rus_A	0.3787878787878788
7rut_B	0.11764705882352941
7rw4_A	0.04672897196261682
7rw6_A	0.060784313725490195
7rwk_A	0.29347826086956524
7rwm_C	0.16901408450704225
7rwz_A	0.19230769230769232
7rwz_B	0.1471698113207547
7rxg_A	0.08431372549019608
7ry7_A	0.18706697459584296
7ryj_F	0.043478260869565216
7ryp_A	0.14114114114114115
7rz7_A	0.4176470588235294
7rzo_A	0.3719512195121951
7s01_D	0.06666666666666667
7s06_A	0.22004357298474944
7s0k_A	0.1463917525773196
7s0s_B	0.4679245283018868
7s13_C	0.5470085470085471
7s14_B	0.273542600896861
7s2j_C	0.4740740740740741
7s2r_A	0.5076142131979695
7s5i_A	0.4806451612903226
7s5l_A	0.10052910052910052
7s5n_B	0.375
7s5o_C	0.1875
7s5s_B	0.24848484848484848
7s64_B	0.4372549019607843
7s6e_B	0.52
7s6g_A	0.5381818181818182
7s7k_A	0.4215686274509804
7s7r_A	0.3037037037037037
7s7u_A	0.24313725490196078
7s8k_B	0.15467625899280577
7s8v_B	0.4235294117647059
7s91_A	0.32169576059850374
7s9u_D	0.11731843575418995
7s9w_B	0.07254901960784314
7sa4_8	0.2315270935960591
7sa9_A	0.09016393442622951
7sb3_H	0.07207207207207207
7sb4_L	0.08080808080808081
7sba_A	0.05
7sba_H	0.01680672268907563
7sba_I	0.09019607843137255
7sbw_B	0.0392156862745098
7sbx_H	0.03305785123966942
7sc7_BA	0.3582089552238806
7scd_A	0.3719676549865229
7sci_A	0.12525667351129363
7sck_A	0.3686274509803922
7sck_B	0.4215686274509804
7sdb_A	0.12152777777777778
7sez_A	0.21904761904761905
7sf2_A	0.3627450980392157
7sf6_A	0.41156462585034015
7sf8_A	0.11673151750972763
7sfm_A	0.4279661016949153
7sgg_A	0.32745098039215687
7sgn_C	0.4351851851851852
7sgr_C	0.35542168674698793
7sh1_A	0.20392156862745098
7shg_A	0.2549019607843137
7shi_B	0.10741687979539642
7shj_A	0.13333333333333333
7si6_A	0.24313725490196078
7sjl_A	0.576271186440678
7sjr_A	0.2411764705882353
7sjx_A	0.10392156862745099
7sjy_A	0.38977635782747605
7skj_B	0.5102880658436214
7skn_B	0.4794520547945205
7sku_A	0.059800664451827246
7slp_A	0.5523012552301255
7smc_C	0.0893371757925072
7sn6_B	0.34285714285714286
7sn8_D	0.531328320802005
7sn8_I	0.19215686274509805
7sn9_b	0.09390862944162437
7sog_A	0.2222222222222222
7sol_A	0.34509803921568627
7som_I	0.12941176470588237
7soy_P	0.5214521452145214
7sp4_A	0.0196078431372549
7sp4_X	0.12559241706161137
7sp8_A	0.368
7spb_C12	0.17050691244239632
7spk_EF4	0.116751269035533
7spo_C	0.5254237288135594
7spq_A	0.20253164556962025
7sqc_2B	0.38235294117647056
7sqc_2H	0.375
7sqc_R1	0.3588235294117647
7sqc_T1	0.4647058823529412
7sqq_A	0.0784313725490196
7sqt_F	0.06862745098039216
7sqx_A	0.32432432432432434
7sqy_B	0.32571428571428573
7sr6_A	0.17254901960784313
7ss5_A	0.1863905325443787
7ssj_A	0.3926940639269406
7sss_E	0.26011560693641617
7st4_A	0.12694300518134716
7st9_A	0.22549019607843138
7st9_H	0.08227848101265822
7stb_G	0.06764705882352941
7stm_A	0.28823529411764703
7stw_A	0.34705882352941175
7su7_D	0.25210084033613445
7sua_A	0.2
7sub_A	0.6126126126126126
7suk_LV	0.35911602209944754
7sum_A	0.06666666666666667
7sur_A	0.27607361963190186
7sv3_A	0.34502923976608185
7svm_A	0.08823529411764706
7swt_A	0.10810810810810811
7syx_x	0.2725490196078431
7sze_B	0.19148936170212766
7szy_A	0.10344827586206896
7t09_B	0.20925553319919518
7t1m_A	0.45525291828793774
7t1s_A	0.5042735042735043
7t27_A	0.3
7t2r_E	0.4301675977653631
7t2s_A	0.4350282485875706
7t30_A	0.20392156862745098
7t3a_B	0.04696132596685083
7t3i_B	0.403921568627451
7t3s_A	0.44761904761904764
7t4d_A	0.10299003322259136
7t4r_A	0.16666666666666666
7t5p_B	0.12410501193317422
7t5t_A	0.2302158273381295
7t62_A	0.043137254901960784
7t65_A	0.09803921568627451
7t6a_A	0.14054054054054055
7t6x_U	0.06711409395973154
7t71_A	0.1925287356321839
7t7i_D	0.03305785123966942
7t7n_B	0.13636363636363635
7t80_A	0.44907407407407407
7t81_A	0.22941176470588234
7t85_A	0.4682080924855491
7t8b_A	0.35490196078431374
7t8k_A	0.27972027972027974
7t9f_A	0.14831460674157304
7ta2_A	0.32272727272727275
7tak_A	0.04878048780487805
7tav_B	0.5851528384279476
7tbk_A5	0.12745098039215685
7tbs_A	0.3031674208144796
7tcb_B	0.08522727272727272
7tcd_A	0.5206422018348624
7tce_L	0.1796875
7tch_A	0.1411764705882353
7tcl_X	0.2471042471042471
7td5_B	0.46112600536193027
7tdz_d	0.384
7te2_A	0.4975609756097561
7tej_E	0.05847953216374269
7tfm_A	0.1267605633802817
7tfs_A	0.01485148514851485
7tgh_C	0.004784688995215311
7thn_B	0.48326359832635984
7thq_B	0.4534653465346535
7til_B	0.20855614973262032
7tin_B	0.403921568627451
7tj1_D	0.24060150375939848
7tj4_B	0.5738636363636364
7tjb_A	0.6036036036036037
7tjj_I	0.3473684210526316
7tkv_A	0.2784313725490196
7tl6_A	0.2066115702479339
7tlh_A	0.14516129032258066
7tlm_A	0.41927710843373495
7tlw_A	0.0967741935483871
7tm7_A	0.07058823529411765
7tmg_A	0.43169398907103823
7tmt_F	0.14853556485355648
7tmv_A	0.3584905660377358
7tmw_R	0.2545090180360721
7tn2_W	0.32745098039215687
7tn8_A	0.3487544483985765
7tni_C	0.45045045045045046
7tnq_p	0.3383084577114428
7tnq_w	0.45454545454545453
7to0_A	0.3509803921568627
7to3_A	0.24901960784313726
7to3_C	0.21008403361344538
7toc_A	0.3342618384401114
7tok_A	0.4076923076923077
7tot_A	0.3957597173144876
7tpb_D	0.046153846153846156
7tpg_B	0.21836228287841192
7tpq_B	0.2637795275590551
7tpr_A	0.07254901960784314
7tpu_A	0.19607843137254902
7tqr_A	0.0640495867768595
7tqt_H	0.1111111111111111
7tr6_P	0.0625
7tra_A	0.20392156862745098
7tra_B	0.06306306306306306
7ttn_E	0.00980392156862745
7tu1_A	0.1425287356321839
7tut_4	0.11988304093567251
7tut_6	0.17857142857142858
7tut_7	0.32745098039215687
7tuv_A	0.10392156862745099
7tvb_A	0.09607843137254903
7tvd_A	0.3801369863013699
7tvk_E	0.4957983193277311
7tvl_A	0.12334801762114538
7tvz_E	0.16470588235294117
7twa_B	0.017937219730941704
7twm_B	0.23273657289002558
7txi_A	0.25510204081632654
7txl_A	0.4618181818181818
7txy_E	0.3079710144927536
7tyr_A	0.38235294117647056
7tzg_D	0.4745308310991957
7tzl_A	0.2693726937269373
7u05_B	0.24509803921568626
7u05_n	0.06060606060606061
7u06_C	0.3356643356643357
7u08_A	0.48704663212435234
7u0r_B	0.08633093525179857
7u0u_A	0.13846153846153847
7u1b_A	0.2531017369727047
7u1i_B	0.49444444444444446
7u1t_A	0.11363636363636363
7u2s_A	0.4153225806451613
7u4h_A	0.15294117647058825
7u4m_A	0.49122807017543857
7u4t_R	0.15098039215686274
7u5d_A	0.08627450980392157
7u5d_E	0.043859649122807015
7u5e_H	0.0297029702970297
7u5s_B	0.2549019607843137
7u6l_D	0.26605504587155965
7u6m_C	0.5526315789473685
7u6o_A	0.054901960784313725
7u7h_B	0.4326241134751773
7u8q_c	0.11165048543689321
7u8t_B	0.1843137254901961
7ua3_A	0.11372549019607843
7uab_A	0.3388773388773389
7ubu_A	0.34705882352941175
7ubz_A	0.6434782608695652
7uci_A	0.2235294117647059
7ud5_N	0.42349726775956287
7udn_A	0.01773049645390071
7ue2_A	0.12828947368421054
7ueg_A	0.13333333333333333
7ueh_A	0.3699788583509514
7ufm_K	0.3633440514469453
7ufs_A	0.2980392156862745
7ufw_B	0.209375
7ug8_B	0.3303030303030303
7ug9_A	0.5145631067961165
7ugk_B	0.05232558139534884
7ui4_A	0.25181598062953997
7ui7_B	0.4019607843137255
7uig_t	0.01904761904761905
7uii_a	0.21428571428571427
7uil_6	0.06470588235294118
7uio_Ba	0.03287671232876712
7uj5_A	0.59765625
7ujb_C	0.4019607843137255
7ukj_C	0.4627450980392157
7ukz_E	0.3311036789297659
7ulh_A	0.5605536332179931
7ulw_A	0.225
7umt_b	0.07246376811594203
7un3_A	0.09607843137254903
7un8_A	0.3265993265993266
7unk_A	0.5019607843137255
7unu_V	0.35106382978723405
7unu_X	0.24210526315789474
7uny_D	0.15018315018315018
7uo3_A	0.1781609195402299
7uof_A	0.29314420803782504
7upp_A	0.0673076923076923
7ups_B	0.11162790697674418
7upv_A	0.33181818181818185
7uqb_x	0.4523809523809524
7uqv_D	0.43846153846153846
7ure_A	0.03935185185185185
7urg_A	0.1745635910224439
7urp_A	0.389937106918239
7urv_D	0.5374449339207048
7us3_A	0.3364485981308411
7us5_A	0.5780346820809249
7usb_A	0.07511737089201878
7use_B	0.0784313725490196
7usl_C	0.10980392156862745
7usy_J	0.3656509695290859
7uts_C	0.226890756302521
7uts_H	0.13636363636363635
7utz_B	0.06422018348623854
7utz_R	0.49607843137254903
7uur_C	0.043137254901960784
7uur_D	0.18322981366459629
7uv9_K	0.35135135135135137
7uve_A	0.27510917030567683
7uvk_A	0.48627450980392156
7uvp_A	0.26862745098039215
7uwb_C	0.21568627450980393
7uwd_a	0.18235294117647058
7uwh_C	0.2
7uwr_A	0.26666666666666666
7uws_E	0.06872037914691943
7uws_M	0.015873015873015872
7uww_A	0.24705882352941178
7uxg_A	0.26778242677824265
7uxt_A	0.4072494669509595
7uy5_G	0.03365384615384615
7uy7_A	0.09215686274509804
7uy8_B	0.22704081632653061
7uzj_L	0.5272727272727272
7uzt_B	0.06542056074766354
7v01_H	0.04377104377104377
7v08_v	0.08873720136518772
7v09_A	0.40198511166253104
7v0f_A	0.038461538461538464
7v0h_G	0.6442687747035574
7v1q_G	0.6733067729083665
7v1w_B	0.1342281879194631
7v28_B	0.15058823529411763
7v2s_B	0.5271317829457365
7v3k_C	0.54421768707483
7v3n_A	0.19873817034700317
7v3w_D	0.35904255319148937
7v43_A	0.15046296296296297
7v4o_A	0.4602272727272727
7v4q_A	0.35079726651480636
7v4t_N	0.08767772511848342
7v5t_A	0.07912087912087912
7v61_B	0.10784313725490197
7v62_A	0.038461538461538464
7v6h_A	0.6217228464419475
7v6i_A	0.6313725490196078
7v6m_A	0.6352941176470588
7v7c_A	0.28431372549019607
7v8l_F	0.36681222707423583
7v8u_A	0.5775193798449613
7v94_A	0.054901960784313725
7v9a_B	0.3952254641909814
7v9a_D	0.1794871794871795
7v9a_I	0.30597014925373134
7v9o_A	0.2607843137254902
7v9x_A	0.14968152866242038
7vag_A	0.11437908496732026
7vb5_B	0.427536231884058
7vbo_A	0.34615384615384615
7vbs_A	0.31512605042016806
7vcf_B	0.25098039215686274
7vcf_I	0.13774104683195593
7vci_T	0.20392156862745098
7vco_A	0.38979591836734695
7vdy_A	0.19298245614035087
7vep_A	0.4233576642335766
7veu_A	0.27058823529411763
7vex_A	0.25970873786407767
7vf2_A	0.25882352941176473
7vf6_A	0.1092896174863388
7vfp_B	0.18636363636363637
7vg3_A	0.027450980392156862
7vg4_B	0.16990291262135923
7vg7_A	0.23588709677419356
7vg9_C	0.29411764705882354
7vgh_A	0.038461538461538464
7vhv_A	0.44948453608247424
7vi6_A	0.4649122807017544
7vjt_A	0.5359712230215827
7vjv_A	0.3665158371040724
7vkj_A	0.4230769230769231
7vkk_A	0.3240418118466899
7vl4_A	0.39019607843137255
7vlb_A	0.4961038961038961
7vlj_A	0.04242424242424243
7vm0_B	0.4802955665024631
7vma_A	0.307843137254902
7vmb_A	0.14206128133704735
7vmc_C	0.04519774011299435
7vmh_C	0.1262135922330097
7vmi_A	0.15625
7vmw_A	0.060810810810810814
7vmx_A	0.057692307692307696
7vno_A	0.36283185840707965
7voc_C	0.5168195718654435
7vpa_A	0.572992700729927
7vpp_B	0.08888888888888889
7vpt_A	0.5671641791044776
7vqk_A	0.38461538461538464
7vqm_A	0.43333333333333335
7vqo_A	0.3411764705882353
7vru_A	0.352112676056338
7vrx_C	0.3746556473829201
7vs2_A	0.07368421052631578
7vs3_A	0.1574468085106383
7vs4_C	0.39037433155080214
7vs7_A	0.4195121951219512
7vt4_A	0.4931506849315068
7vt9_A	0.3392156862745098
7vtl_A	0.12064343163538874
7vty_A	0.12222222222222222
7vu2_A	0.34942528735632183
7vu4_A	0.5128205128205128
7vua_A	0.11764705882352941
7vux_A	0.5573770491803278
7vw6_A	0.17647058823529413
7vw6_B	0.2568627450980392
7vwk_A	0.2
7vwo_A	0.4225352112676056
7vwp_B	0.319755600814664
7vxt_A	0.37623762376237624
7vz3_B	0.4588235294117647
7vzg_B	0.27631578947368424
7vzg_C	0.21761658031088082
7w01_A	0.17450980392156862
7w06_A	0.6473429951690821
7w0i_A	0.47305389221556887
7w0w_B	0.2922077922077922
7w16_A	0.2803030303030303
7w18_A	0.24056603773584906
7w1d_H	0.515686274509804
7w1f_C	0.11373390557939914
7w1g_C	0.26337448559670784
7w1i_A	0.38832997987927564
7w1y_5	0.24901960784313726
7w1y_6	0.25098039215686274
7w1y_B	0.2725490196078431
7w26_A	0.18181818181818182
7w2a_A	0.37183098591549296
7w2j_C	0.2535885167464115
7w2t_A	0.13529411764705881
7w3c_B	0.34306569343065696
7w3j_x	0.12955465587044535
7w3u_A	0.037900874635568516
7w46_B	0.3333333333333333
7w4m_i	0.13544668587896252
7w54_B	0.058823529411764705
7w55_R	0.13861386138613863
7w58_A	0.2248062015503876
7w5l_A	0.20568927789934355
7w5p_A	0.2125984251968504
7w5z_e	0.22135416666666666
7w5z_y	0.14285714285714285
7w61_A	0.6224899598393574
7w62_C	0.09929078014184398
7w65_E	0.0761904761904762
7w6d_B	0.4807692307692308
7w6k_A	0.1073170731707317
7w6x_A	0.14988814317673377
7w6z_A	0.16908212560386474
7w72_A	0.3058823529411765
7w72_S	0.10588235294117647
7w72_U	0.15476190476190477
7w74_A	0.12389380530973451
7w76_A	0.08176100628930817
7w78_B	0.3226744186046512
7w7a_G	0.47577092511013214
7w7e_A	0.3875598086124402
7w7h_A	0.22156862745098038
7w7i_B	0.260233918128655
7w7t_A	0.10980392156862745
7w83_A	0.165
7w89_A	0.4715447154471545
7w8d_A	0.5576923076923077
7w8f_A	0.3920863309352518
7w9h_B	0.5983606557377049
7w9m_B	0.41040462427745666
7wa4_A	0.17450980392156862
7wa9_A	0.4513888888888889
7waf_A	0.11568627450980393
7wal_A	0.15495867768595042
7waq_D	0.39452054794520547
7wbk_A	0.06265060240963856
7wbt_A	0.26862745098039215
7wcc_C	0.2992125984251969
7wcf_A	0.1755485893416928
7wcg_A	0.3548387096774194
7wdk_B	0.10919540229885058
7wdq_A	0.5654761904761905
7weg_A	0.3541666666666667
7wew_A	0.3887733887733888
7wff_f	0.3137254901960784
7wff_i	0.4
7wfg_N	0.18493150684931506
7wg5_F	0.11568627450980393
7wg5_b	0.13355048859934854
7wg5_c	0.21875
7wge_A	0.25882352941176473
7wgu_A	0.2922636103151863
7wh0_A	0.2
7wh9_A	0.3865546218487395
7whf_G	0.18141592920353983
7whg_G	0.12669683257918551
7wi4_A	0.2
7wim_F	0.5052631578947369
7wiv_A	0.25882352941176473
7wj7_B	0.3170731707317073
7wj9_A	0.25882352941176473
7wji_A	0.16470588235294117
7wji_B	0.16862745098039217
7wjn_A	0.26862745098039215
7wkh_A	0.031446540880503145
7wkk_b	0.10588235294117647
7wkq_B	0.5463414634146342
7wku_A	0.07236842105263158
7wkv_A	0.3333333333333333
7wm6_A	0.5583333333333333
7wme_A	0.29411764705882354
7wmp_a	0.029411764705882353
7wmp_m	0.3230769230769231
7wmv_A	0.06274509803921569
7wmx_A	0.4
7wn7_B	0.0728744939271255
7wn9_A	0.5132743362831859
7wns_A	0.2429245283018868
7wnu_B	0.35490196078431374
7woi_A	0.40093240093240096
7wol_A	0.6118012422360248
7wop_B	0.4406779661016949
7wot_O	0.14901960784313725
7wot_P	0.2019607843137255
7wpi_A	0.17647058823529413
7wqx_A	0.3313373253493014
7wr3_A	0.3215686274509804
7wr6_B	0.4175257731958763
7wrq_A	0.7941176470588235
7wrs_A	0.1392156862745098
7wrs_B	0.1392857142857143
7wsu_A	0.03137254901960784
7wt3_E	0.24390243902439024
7wtc_B	0.2901960784313726
7wtt_q	0.5574468085106383
7wtw_u	0.22156862745098038
7wu1_E	0.3784313725490196
7wu2_R	0.10830324909747292
7wua_A	0.39019607843137255
7wug_Y	0.13582677165354332
7wuo_A	0.18407960199004975
7wup_A	0.3793969849246231
7wuq_R	0.12589928057553956
7wvr_A	0.32160804020100503
7wvt_A	0.3434065934065934
7ww4_A	0.3541666666666667
7wwb_A	0.042042042042042045
7wwf_A	0.5379061371841155
7wwh_A	0.6294820717131474
7wwp_A	0.04523809523809524
7wwv_A	0.061452513966480445
7wwx_B	0.6141732283464567
7wx5_A	0.4548611111111111
7wxe_B	0.39285714285714285
7wxj_A	0.3375796178343949
7wz4_R	0.10300429184549356
7wz5_A	0.031055900621118012
7wz8_A	0.12777777777777777
7wzd_A	0.4444444444444444
7wzf_A	0.5925925925925926
7wzg_B	0.5555555555555556
7wzm_A	0.1615720524017467
7x0b_B	0.42857142857142855
7x0c_A	0.3308457711442786
7x0f_C	0.2925764192139738
7x0g_A	0.6215277777777778
7x0i_A	0.3780487804878049
7x0o_A	0.3595238095238095
7x1i_B	0.08823529411764706
7x2q_A	0.15417558886509636
7x2u_A	0.10980392156862745
7x30_S	0.2425249169435216
7x30_b	0.12334801762114538
7x31_A	0.1744186046511628
7x3t_V	0.37254901960784315
7x4e_A	0.008771929824561403
7x4n_E	0.1716867469879518
7x4o_B	0.078125
7x4p_A	0.16666666666666666
7x4r_B	0.3521739130434783
7x4t_A	0.16778523489932887
7x53_A	0.13054187192118227
7x56_A	0.3263157894736842
7x5h_R	0.18248175182481752
7x5j_A	0.64453125
7x5k_A	0.4235294117647059
7x77_A	0.06229508196721312
7x7h_B	0.4235294117647059
7x8k_B	0.3569482288828338
7x8l_A	0.3588235294117647
7x8v_A	0.1783783783783784
7x9h_A	0.49612403100775193
7xao_A	0.5047619047619047
7xbr_C	0.38345864661654133
7xbt_A	0.433264887063655
7xc6_A	0.21593291404612158
7xc8_A	0.13537117903930132
7xca_A	0.14691943127962084
7xcn_B	0.24493927125506074
7xcn_P	0.5906976744186047
7xdi_F	0.3508771929824561
7xdu_B	0.4454022988505747
7xe2_A	0.1392156862745098
7xey_B	0.23333333333333334
7xf2_A	0.04090909090909091
7xfr_A	0.41379310344827586
7xfs_A	0.3125
7xfu_A	0.21739130434782608
7xfz_A	0.1908713692946058
7xfz_B	0.045662100456621
7xg0_D	0.054380664652567974
7xg4_H	0.1111111111111111
7xg7_A	0.411371237458194
7xg9_A	0.32167832167832167
7xgb_C	0.2784313725490196
7xge_A	0.15476190476190477
7xgn_A	0.24915824915824916
7xgq_B	0.2551546391752577
7xgt_B	0.36727272727272725
7xgx_A	0.12941176470588237
7xh4_A	0.5254237288135594
7xhz_A	0.36796536796536794
7xin_A	0.3553191489361702
7xjv_B	0.3333333333333333
7xk4_E	0.06060606060606061
7xk7_D	0.014563106796116505
7xk9_A	0.13656387665198239
7xkx_A	0.28629856850715746
7xmh_A	0.5224913494809689
7xmj_B	0.5718954248366013
7xn5_C	0.30994152046783624
7xn9_A	0.10714285714285714
7xoh_A	0.3318777292576419
7xoi_B	0.12844036697247707
7xow_R	0.13768115942028986
7xp0_A	0.395
7xp3_A	0.20915032679738563
7xpg_A	0.08423326133909287
7xpi_A	0.3746556473829201
7xpj_A	0.07547169811320754
7xpt_A	0.376
7xpw_A	0.5039370078740157
7xpx_K	0.16766467065868262
7xql_A	0.1554054054054054
7xr2_1	0.09852216748768473
7xr7_A	0.3306288032454361
7xrb_B	0.242152466367713
7xre_C	0.465564738292011
7xrj_A	0.4229607250755287
7xrm_B	0.16600790513833993
7xrm_C	0.23841059602649006
7xrv_A	0.5634328358208955
7xrx_C	0.10552763819095477
7xs3_A	0.43322475570032576
7xs4_A	0.17933130699088146
7xsy_A	0.37450980392156863
7xt3_A	0.2947976878612717
7xtl_A	0.4797297297297297
7xtn_A	0.3782051282051282
7xuh_A	0.047058823529411764
7xut_B	0.32142857142857145
7xux_A	0.18082191780821918
7xvu_A	0.17737789203084833
7xw3_A	0.4019607843137255
7xw9_R	0.16666666666666666
7xwi_B	0.6383928571428571
7xwt_B	0.4043321299638989
7xx0_B	0.25933609958506226
7xx8_A	0.4666666666666667
7xy1_A	0.4176470588235294
7xy6_R	0.17132867132867133
7xyf_K	0.2980392156862745
7xyr_A	0.4549019607843137
7xz5_R	0.17465753424657535
7xzo_C	0.21568627450980393
7y01_A	0.07017543859649122
7y0b_C	0.26098191214470284
7y0d_B	0.11849710982658959
7y12_R	0.12121212121212122
7y17_A	0.20392156862745098
7y1b_A	0.5964912280701754
7y1r_E	0.5841121495327103
7y23_A	0.16569767441860464
7y38_A	0.09341825902335456
7y38_X	0.047058823529411764
7y3a_A	0.3812154696132597
7y3t_A	0.12188365650969529
7y3x_A	0.05227272727272727
7y3z_D	0.2413793103448276
7y47_B	0.17254901960784313
7y4g_B	0.33137254901960783
7y4h_A	0.5197568389057751
7y54_A	0.64
7y5j_A	0.6105263157894737
7y5k_B	0.5157068062827225
7y5m_A	0.16129032258064516
7y5n_A	0.20588235294117646
7y5r_A	0.5714285714285714
7y5s_A	0.2693069306930693
7y5y_A	0.13815789473684212
7y6s_A	0.0392156862745098
7y70_A	0.2727272727272727
7y73_A	0.6530612244897959
7y77_A	0.20618556701030927
7y7a_bO	0.09881422924901186
7y7o_A	0.40816326530612246
7y7q_A	0.050980392156862744
7y88_A	0.06779661016949153
7y89_A	0.1672473867595819
7y8i_E	0.6185567010309279
7y8s_B	0.6284722222222222
7y8u_F	0.1239193083573487
7y8v_E	0.07754010695187166
7y95_A	0.71
7y9a_A	0.6302083333333334
7y9h_A	0.057971014492753624
7y9p_A	0.4341736694677871
7y9t_A	0.08947368421052632
7ya2_B	0.4946524064171123
7yao_A	0.10599078341013825
7yax_A	0.05421686746987952
7yb9_A	0.4418604651162791
7ybd_A	0.19444444444444445
7yc4_B	0.5949367088607594
7ycx_B	0.1450980392156863
7ycx_D	0.44313725490196076
7ycx_G	0.5431372549019607
7yd4_A	0.09497206703910614
7ydq_A	0.06470588235294118
7yeo_B	0.3795811518324607
7yf0_R	0.0196078431372549
7yf2_A	0.43272727272727274
7yfe_I	0.050980392156862744
7yfz_t	0.1965065502183406
7yh4_A	0.3975
7yi9_B	0.3721973094170404
7yib_A	0.18181818181818182
7yim_A	0.07450980392156863
7yj4_R	0.11267605633802817
7yjk_A	0.3842696629213483
7yjl_A	0.034858387799564274
7yk3_A	0.1031390134529148
7yk3_B	0.18617021276595744
7ykd_A	0.18085106382978725
7ykg_A	0.2127659574468085
7ykr_A	0.7098039215686275
7ykt_A	0.27058823529411763
7ykv_B	0.2863741339491917
7yl5_A	0.23516949152542374
7yle_A	0.2809364548494983
7ylf_A	0.5384615384615384
7ylq_A	0.275
7ylr_A	0.39263803680981596
7yls_B	0.1559633027522936
7ylt_A	0.5817174515235457
7ylw_A	0.06666666666666667
7ylx_Q	0.10392156862745099
7ymm_11	0.07598784194528875
7ymm_4C	0.09523809523809523
7yn2_B	0.10888252148997135
7ynd_A	0.047058823529411764
7yny_A	0.0783132530120482
7yo3_B	0.5610687022900763
7yoj_A	0.10588235294117647
7yp5_A	0.4439140811455847
7ypd_B	0.6255144032921811
7ype_A	0.14335664335664336
7ypp_A	0.30303030303030304
7ypv_A	0.48255813953488375
7yq1_F	0.5722543352601156
7yqa_B	0.44221105527638194
7yqh_E	0.049019607843137254
7yr5_B	0.540084388185654
7yrb_A	0.1566265060240964
7yro_H	0.3649851632047478
7yru_A	0.08974358974358974
7ysi_A	0.4755244755244755
7ysy_B	0.6346153846153846
7ytb_B	0.17254901960784313
7yte_D	0.514018691588785
7ytw_A	0.08086785009861933
7yui_A	0.2819672131147541
7yv9_A	0.027450980392156862
7yvb_A	0.07430997876857749
7yvy_A	0.33967391304347827
7yw1_A	0.06274509803921569
7yw2_A	0.06796116504854369
7yw4_A	0.20833333333333334
7yw5_B	0.3231707317073171
7yw9_B	0.21714285714285714
7ywx_L	0.07371794871794872
7yx4_A	0.12745098039215685
7yxa_A	0.13333333333333333
7yxg_A	0.3226837060702875
7yxm_A	0.3283582089552239
7yxv_A	0.47107438016528924
7yyg_A	0.14545454545454545
7yzi_A	0.23809523809523808
7z05_A	0.37656903765690375
7z06_A	0.2596685082872928
7z0l_B	0.3054054054054054
7z0s_B	0.06470588235294118
7z0s_C	0.12745098039215685
7z0s_D	0.042483660130718956
7z0s_E	0.14705882352941177
7z15_I	0.4308300395256917
7z15_K	0.5089285714285714
7z18_G	0.031161473087818695
7z1m_A	0.06862745098039216
7z1r_D000	0.35751295336787564
7z1x_D	0.05370843989769821
7z20_t	0.31683168316831684
7z2x_A	0.5886792452830188
7z32_A	0.13592233009708737
7z3h_A	0.20430107526881722
7z3m_AAA	0.3684210526315789
7z3n_LP	0.1827956989247312
7z49_AR	0.14697406340057637
7z4b_ED	0.056862745098039215
7z55_BBB	0.4497354497354497
7z5a_A	0.12121212121212122
7z5z_A	0.3560830860534125
7z65_A	0.5159010600706714
7z67_A	0.2748091603053435
7z6b_C	0.5487364620938628
7z6e_C	0.23921568627450981
7z6f_E	0.2529411764705882
7z6s_C	0.10843373493975904
7z79_B	0.17320261437908496
7z7h_F	0.03867403314917127
7z7s_B	0.3004694835680751
7z8b_F	0.41575492341356673
7z8e_A	0.24705882352941178
7z8v_D	0.5784313725490197
7z94_A	0.2857142857142857
7zah_K	0.21481481481481482
7zan_C	0.26277372262773724
7zao_A	0.3356643356643357
7zaw_A	0.05817174515235457
7zbr_A	0.13725490196078433
7zc0_AAA	0.21764705882352942
7zc2_A	0.3057324840764331
7zc6_A	0.03664921465968586
7zc6_B	0.13366336633663367
7zc6_D	0.11513157894736842
7zcb_B	0.7055837563451777
7zcc_B	0.35276073619631904
7zci_N	0.15208333333333332
7zcl_B	0.07048458149779736
7ze0_A	0.42168674698795183
7ze1_A	0.07058823529411765
7ze9_CCC	0.3273809523809524
7zei_A	0.45161290322580644
7zel_A	0.20392156862745098
7zer_A	0.459915611814346
7zet_A	0.05570291777188329
7zge_A	0.10050251256281408
7zgg_A	0.07246376811594203
7zgi_B	0.24316109422492402
7zgr_A	0.1607843137254902
7zgv_A	0.3089430894308943
7zhe_A	0.5496688741721855
7zhf_A	0.376
7zhh_A	0.3698630136986301
7zhj_U	0.45
7zhj_V	0.2549019607843137
7zhj_b	0.08823529411764706
7zhm_B	0.2719298245614035
7zho_A	0.35353535353535354
7zhs_P	0.07024793388429752
7zhu_B	0.33137254901960783
7zjf_B	0.03571428571428571
7zjk_A	0.12217194570135746
7zjw_E	0.30196078431372547
7zke_E	0.4117647058823529
7zkh_A	0.5526315789473685
7zkq_A	0.35944700460829493
7zkq_T	0.1908831908831909
7zkt_G	0.33663366336633666
7zl1_A	0.32558139534883723
7zl9_A	0.16080402010050251
7zla_B	0.37117903930131
7zlj_A	0.08235294117647059
7zm5_A	0.26573426573426573
7zm6_B	0.15242494226327943
7zm7_A	0.20588235294117646
7zm8_1	0.0291005291005291
7zme_2	0.14313725490196078
7zme_5	0.13529411764705881
7zmg_f	0.449438202247191
7zmk_L	0.06334841628959276
7zn6_A	0.2803921568627451
7znl_c	0.5145631067961165
7znx_A	0.13970588235294118
7zny_A	0.06553911205073996
7zol_B	0.0392156862745098
7zop_B	0.08461538461538462
7zoz_A	0.576
7zpf_A	0.09482758620689655
7zpo_M	0.13013698630136986
7zq8_B	0.047619047619047616
7zqi_B	0.48598130841121495
7zr1_A	0.3431372549019608
7zrn_A	0.07641196013289037
7zsb_4	0.42483660130718953
7zsk_A	0.28431372549019607
7zsq_C	0.3656716417910448
7ztn_B	0.4570552147239264
7zty_A	0.36231884057971014
7zu0_D	0.2
7zu9_A	0.3320235756385069
7zus_CCC	0.054901960784313725
7zv6_B	0.125
7zv9_L	0.37209302325581395
7zvh_A	0.12280701754385964
7zvo_A	0.6717557251908397
7zvs_A	0.38333333333333336
7zvw_A	0.27647058823529413
7zvw_G	0.21800947867298578
7zvy_A	0.6160714285714286
7zw1_A	0.15772870662460567
7zw6_A	0.21764705882352942
7zxg_A	0.13774104683195593
7zy9_A	0.5214521452145214
7zyb_A	0.5803571428571429
7zyj_g	0.06956521739130435
7zzi_B	0.30406852248394006
7zzk_B	0.2147239263803681
8a06_E	0.08163265306122448
8a0c_A	0.36666666666666664
8a0h_A	0.19753086419753085
8a0j_A	0.06278026905829596
8a0n_B	0.30660377358490565
8a14_A	0.15151515151515152
8a1c_A	0.16279069767441862
8a1h_A	0.10980392156862745
8a1l_A	0.4378531073446328
8a1u_A	0.11383928571428571
8a1y_F	0.36764705882352944
8a22_AN	0.4
8a22_Aa	0.0915032679738562
8a22_Ab	0.032679738562091505
8a22_Ad	0.16580310880829016
8a22_Ae	0.06198347107438017
8a22_Ah	0.16666666666666666
8a22_Ai	0.1652892561983471
8a22_Ak	0.09036144578313253
8a22_Bf	0.4789915966386555
8a22_Bh	0.0748663101604278
8a22_Bk	0.5862068965517241
8a22_Xd	0.43825665859564167
8a22_Xe	0.2360248447204969
8a26_A	0.5294117647058824
8a28_A	0.4319371727748691
8a2c_A	0.5597014925373134
8a2n_A	0.4816053511705686
8a39_AP1	0.33114754098360655
8a3k_UNK	0.1889763779527559
8a3n_B	0.4289772727272727
8a3t_A	0.3698630136986301
8a42_A	0.24509803921568626
8a43_B	0.047058823529411764
8a47_C	0.18855218855218855
8a53_C	0.419672131147541
8a5a_U	0.1392156862745098
8a5c_A	0.24472573839662448
8a5o_W	0.23201856148491878
8a5q_U	0.14901960784313725
8a5q_W	0.18475750577367206
8a5v_E	0.2568306010928962
8a5z_B	0.376271186440678
8a61_Q	0.08823529411764706
8a64_A	0.33137254901960783
8a6m_A	0.2795031055900621
8a6t_A	0.16666666666666666
8a6t_B	0.24901960784313726
8a74_B	0.12225705329153605
8a7e_C	0.22156862745098038
8a8e_R	0.3609271523178808
8a8k_A	0.3722397476340694
8a8o_A	0.29215686274509806
8aa0_E	0.35412474849094566
8aa2_G	0.31724137931034485
8aaj_A	0.24929971988795518
8aan_A	0.22807017543859648
8ab0_G	0.06217616580310881
8ab9_B	0.3034825870646766
8abs_A	0.1319796954314721
8abv_A	0.36475409836065575
8aca_C	0.5333333333333333
8acr_A	0.39300411522633744
8ad2_H	0.30303030303030304
8ad9_B	0.1390728476821192
8adb_A	0.20574162679425836
8adg_A	0.33137254901960783
8adk_A	0.07647058823529412
8adl_C	0.3607843137254902
8adl_F	0.4983922829581994
8adl_U	0.09019607843137255
8adn_A	0.06666666666666667
8adn_B	0.08771929824561403
8adn_C	0.0639269406392694
8adn_E	0.057777777777777775
8adn_G	0.055793991416309016
8adn_I	0.15270935960591134
8adn_J	0.07772020725388601
8ae6_W	0.12352941176470589
8aei_A	0.07236842105263158
8af1_A	0.18435754189944134
8afp_A	0.587378640776699
8ag5_C	0.0634441087613293
8ag6_A	0.07647058823529412
8ag6_B	0.0803921568627451
8ag9_A	0.5074626865671642
8age_E	0.2694063926940639
8agg_A	0.21063394683026584
8ags_AAA	0.5906040268456376
8agv_e	0.3137254901960784
8agy_A	0.2745664739884393
8ah3_A	0.408
8ahq_A	0.4369747899159664
8ahx_C	0.25210084033613445
8ahx_E	0.051643192488262914
8ahx_H	0.4788732394366197
8ai2_B	0.44891640866873067
8aic_A	0.01818181818181818
8aif_B	0.38333333333333336
8aj8_A	0.2019607843137255
8aj8_B	0.15490196078431373
8aji_A	0.3333333333333333
8ajk_B	0.28187919463087246
8ajo_B	0.44050632911392407
8ajp_A	0.5326633165829145
8ajq_A	0.11363636363636363
8ajx_A	0.325
8ak3_A	0.3979591836734694
8ak4_A	0.12352941176470589
8ako_B	0.14634146341463414
8akp_A	0.4895833333333333
8alo_B	0.12162162162162163
8aly_T	0.06563706563706563
8alz_A	0.17829457364341086
8alz_B	0.3607843137254902
8am6_AAA	0.17647058823529413
8amp_A	0.47692307692307695
8amw_D	0.0859375
8an0_A	0.19148936170212766
8an4_A	0.29743589743589743
8any_A6	0.5135135135135135
8any_e	0.07563025210084033
8aol_A	0.19852941176470587
8aom_A	0.5231481481481481
8ap0_AAA	0.2620481927710843
8apd_A1	0.2411764705882353
8apd_g	0.3619402985074627
8apn_Bw	0.28939828080229224
8apo_At	0.19367588932806323
8apq_A	0.29310344827586204
8ar6_B	0.06395348837209303
8arn_A	0.25736738703339884
8art_B	0.3994910941475827
8asa_B	0.2872340425531915
8asi_B	0.11778290993071594
8asv_B	0.3686274509803922
8asv_E	0.3448275862068966
8asv_J	0.2096317280453258
8asw_A	0.3627450980392157
8asw_C	0.34509803921568627
8ath_A	0.11904761904761904
8att_B	0.2911764705882353
8au1_A	0.12941176470588237
8au6_A	0.2862903225806452
8auc_B	0.1947261663286004
8aur_A	0.06866952789699571
8avg_B	0.3941176470588235
8avi_A	0.42452830188679247
8aw0_A	0.290625
8axg_AAA	0.29411764705882354
8axn_z	0.2318840579710145
8axp_A	0.2617801047120419
8ay2_A	0.1275
8ayd_AA	0.4927536231884058
8ayl_I	0.3048128342245989
8ayr_A	0.4666666666666667
8ayv_A	0.36666666666666664
8b08_A	0.4944237918215613
8b0g_D	0.029411764705882353
8b0i_D	0.31560283687943264
8b0l_A	0.3568627450980392
8b0q_A	0.38493723849372385
8b0r_A	0.23387096774193547
8b0u_C	0.34210526315789475
8b14_B	0.060784313725490195
8b1r_B	0.2019607843137255
8b28_A	0.35347432024169184
8b2a_BBB	0.542016806722689
8b2h_A	0.26573426573426573
8b2m_A	0.3854166666666667
8b2s_A	0.20416666666666666
8b2x_M	0.07647058823529412
8b37_B	0.10392156862745099
8b38_A	0.018518518518518517
8b38_B	0.07172995780590717
8b38_C	0.07913669064748201
8b3b_G	0.01928374655647383
8b3e_A	0.12596401028277635
8b3s_A	0.1125
8b3w_A	0.053824362606232294
8b41_B	0.27450980392156865
8b4l_C	0.0932475884244373
8b4u_A	0.5910780669144982
8b4z_B	0.025490196078431372
8b55_A	0.35233160621761656
8b57_A	0.36082474226804123
8b61_B	0.115
8b6a_B	0.11363636363636363
8b6f_AO	0.18686868686868688
8b6f_BE	0.07738095238095238
8b6f_BI	0.09395973154362416
8b6g_CB	0.14736842105263157
8b6g_CE	0.5700934579439252
8b6h_DW	0.11960132890365449
8b6j_A	0.24688796680497926
8b6l_P	0.3588235294117647
8b6u_A	0.13721413721413722
8b74_A	0.1186046511627907
8b75_A	0.36538461538461536
8b7d_A	0.2857142857142857
8b7f_A	0.22010869565217392
8b7s_A	0.22707423580786026
8b9c_5	0.1803921568627451
8b9c_B	0.32745098039215687
8b9s_A	0.61003861003861
8b9y_C	0.37272727272727274
8ba3_A	0.36585365853658536
8bad_B	0.08547008547008547
8bal_F	0.43103448275862066
8bao_A	0.3858695652173913
8bat_A	0.0684931506849315
8bax_A	0.4234875444839858
8bb6_A	0.25210084033613445
8bbl_A	0.29215686274509806
8bbr_A	0.018518518518518517
8bby_B	0.2091346153846154
8bcq_B	0.09852216748768473
8bd1_A	0.05511811023622047
8bd5_E	0.45384615384615384
8bd7_I	0.43137254901960786
8bd7_S	0.31176470588235294
8bda_E	0.3627450980392157
8bda_G	0.4215686274509804
8bda_I	0.4843137254901961
8bdc_A	0.18823529411764706
8bdd_A	0.307843137254902
8bdw_H	0.5876288659793815
8beg_A	0.1588235294117647
8bf3_B	0.603448275862069
8bfi_A	0.1627450980392157
8bfl_W	0.10392156862745099
8bft_A	0.2118380062305296
8bfy_A	0.41475826972010177
8bgj_A	0.1625615763546798
8bgm_C	0.19083969465648856
8bgo_C	0.4317343173431734
8bgw_A	0.09803921568627451
8bh1_A	0.12643678160919541
8bh1_B	0.20784313725490197
8bh9_A	0.18823529411764706
8bhv_F	0.21176470588235294
8bic_B	0.49226006191950467
8bit_A	0.43529411764705883
8bj4_C	0.3691460055096419
8bjd_A	0.3076923076923077
8bjh_B	0.05179282868525897
8bjq_A	0.4358974358974359
8bkd_E	0.4330357142857143
8bke_AAA	0.514018691588785
8bl3_A	0.1702127659574468
8bl4_J	0.10512129380053908
8blu_B	0.3384615384615385
8blw_A	0.4235294117647059
8blw_B	0.396078431372549
8bmw_F	0.0502092050209205
8bmw_H	0.06545454545454546
8bmw_J	0.08888888888888889
8bmw_L	0.11442786069651742
8bmw_M	0.07482993197278912
8bmw_N	0.0398406374501992
8bmx_C	0.4215686274509804
8bn0_A	0.47953216374269003
8bn7_BBB	0.5209580838323353
8bns_A	0.24942263279445728
8bo9_A	0.09195402298850575
8bob_A	0.41794871794871796
8bob_C	0.33495145631067963
8bou_A	0.21568627450980393
8boz_G	0.19215686274509805
8boz_J	0.05555555555555555
8bp1_A	0.5151515151515151
8bp6_B	0.37027027027027026
8bpd_A	0.4081081081081081
8bpo_s2	0.3392405063291139
8bpt_A	0.09352517985611511
8bpx_M	0.15789473684210525
8bpx_O	0.12195121951219512
8bpz_A	0.11490683229813664
8bql_B	0.056074766355140186
8bqs_A3	0.49140893470790376
8bqs_A4	0.21543408360128619
8bqs_A8	0.35023041474654376
8bqs_B	0.2956521739130435
8bqs_DP	0.1
8bqs_DR	0.02880658436213992
8bqx_x	0.26975476839237056
8br8_Ld	0.3364485981308411
8br8_SI	0.14450867052023122
8brf_AAA	0.2620689655172414
8brj_A	0.286697247706422
8brm_SH	0.23369565217391305
8brn_B	0.4672897196261682
8brp_A	0.10163934426229508
8bry_A	0.3247422680412371
8bs9_A	0.13580246913580246
8bsc_A	0.48881789137380194
8bsh_A	0.3176470588235294
8bsh_C	0.35490196078431374
8bsj_SX	0.3644859813084112
8bt9_B	0.09565217391304348
8btd_LC	0.07301587301587302
8btd_Le	0.32
8btd_SD	0.09956709956709957
8btk_TD	0.30666666666666664
8btl_A	0.1497175141242938
8btn_A	0.3468208092485549
8bux_A	0.10726643598615918
8bv0_B	0.3446601941747573
8bv8_A	0.3063063063063063
8bva_A	0.3176470588235294
8bvf_B	0.34491315136476425
8bvt_A	0.3090551181102362
8bx8_E	0.37254901960784315
8bx8_N	0.14035087719298245
8bx8_O	0.18333333333333332
8bx8_P	0.41284403669724773
8bxb_E	0.08895705521472393
8bxr_A	0.6241610738255033
8by2_A	0.2372549019607843
8by5_A	0.030303030303030304
8by6_B	0.3881578947368421
8byk_A	0.34553775743707094
8byl_B	0.608433734939759
8byp_N	0.058823529411764705
8byp_X	0.08235294117647059
8bys_A	0.33746130030959753
8bz2_A	0.24096385542168675
8c0j_A	0.525
8c0v_A	0.3607843137254902
8c0z_E	0.3160377358490566
8c1c_H	0.4671361502347418
8c3m_A	0.4161849710982659
8c3y_A	0.058823529411764705
8c4i_C	0.4594594594594595
8c5v_A	0.23529411764705882
8c5w_A	0.13725490196078433
8c6g_A	0.112
8c6i_A	0.30196078431372547
8c6j_F	0.05737704918032787
8c79_A	0.29497907949790797
8c7f_A	0.37254901960784315
8c81_B	0.24313725490196078
8c81_C	0.27647058823529413
8c81_E	0.07254901960784314
8c8g_A	0.10784313725490197
8c8g_B	0.07254901960784314
8c9i_A	0.11868686868686869
8c9v_A	0.6524064171122995
8ca1_A	0.24705882352941178
8ca9_A	0.07647058823529412
8cad_E	0.06470588235294118
8can_A	0.052941176470588235
8cav_A	0.30980392156862746
8cb2_DDD	0.15126050420168066
8cba_A	0.046153846153846156
8cco_A	0.24193548387096775
8ccq_E	0.16470588235294117
8ccy_A	0.22549019607843138
8cda_O	0.23425692695214106
8cdd_A	0.041176470588235294
8ce8_C	0.12033195020746888
8ce8_E	0.25316455696202533
8ce8_a	0.458128078817734
8cee_C	0.1568627450980392
8cek_D	0.2516703786191537
8cen_6	0.4621409921671018
8cen_A	0.050980392156862744
8cen_e	0.07421875
8cg4_A	0.058823529411764705
8cgd_f	0.14935064935064934
8cgl_D	0.35490196078431374
8cgq_A	0.425764192139738
8cgx_A	0.1554054054054054
8ch4_D	0.4918032786885246
8ch6_U	0.2542372881355932
8ch6_V	0.3649122807017544
8ch9_B	0.19402985074626866
8cid_A	0.29651162790697677
8cie_A	0.3142857142857143
8cil_A	0.18904109589041096
8cio_A	0.2641509433962264
8ciw_A	0.2607843137254902
8cja_B	0.1392156862745098
8cjf_B	0.1568627450980392
8cjh_A	0.2980392156862745
8cjz_A	0.4806201550387597
8cjz_G	0.05555555555555555
8cjz_h	0.16091954022988506
8ck0_A	0.029288702928870293
8ck1_A	0.1
8ck1_B	0.2857142857142857
8ck1_E	0.25728155339805825
8cka_A	0.36926147704590817
8ckb_A031	0.06906906906906907
8ckb_E082	0.07157057654075547
8ckb_H004	0.06666666666666667
8ckb_M008	0.12184873949579832
8ckb_O008	0.1276595744680851
8ckb_RP3011	0.022123893805309734
8cko_A	0.2703252032520325
8ckp_C	0.5508196721311476
8cli_A	0.17450980392156862
8cll_B	0.28627450980392155
8cll_C	0.32941176470588235
8cls_B	0.3588235294117647
8cmr_A	0.06224066390041494
8cmx_A	0.3581780538302277
8cp4_D	0.36398467432950193
8cp5_A	0.2549019607843137
8cp7_A	0.31290322580645163
8cpk_A	0.5442708333333334
8cpn_A	0.1069182389937107
8cq3_A	0.37275064267352187
8cqm_B	0.1608695652173913
8cr6_B	0.08536585365853659
8crj_A	0.2
8crv_A	0.27884615384615385
8crx_e	0.047619047619047616
8crx_l	0.1323529411764706
8csd_A	0.2770780856423174
8csp_5	0.27899686520376177
8csq_a	0.38022813688212925
8csu_7	0.3695652173913043
8csz_D	0.17813765182186234
8ct0_H	0.24157303370786518
8ct8_A	0.23225806451612904
8cv1_A	0.29411764705882354
8cvc_A	0.22935779816513763
8cvm_q	0.30392156862745096
8cvm_u	0.17318435754189945
8cwm_3	0.020905923344947737
8cwy_A	0.0975609756097561
8cx1_A	0.28083989501312334
8cx6_A	0.03333333333333333
8cxa_A	0.601593625498008
8cxj_H	0.4716981132075472
8cxk_A	0.045454545454545456
8cxl_A	0.11652542372881355
8cxp_B	0.15546218487394958
8cxp_C	0.13805970149253732
8cyk_A	0.1450381679389313
8cz8_A	0.48695652173913045
8d00_A	0.5384615384615384
8d0b_D	0.06921241050119331
8d1b_A	0.05019305019305019
8d1t_A	0.09696969696969697
8d27_A	0.4483985765124555
8d2n_A	0.043137254901960784
8d2s_A	0.32421052631578945
8d2u_B	0.4626865671641791
8d2u_C	0.4482758620689655
8d2z_A	0.48366013071895425
8d3d_F	0.11568627450980393
8d3p_B	0.07514450867052024
8d3z_A	0.3458646616541353
8d40_B	0.5597189695550351
8d4i_A	0.38311688311688313
8d6m_A	0.11764705882352941
8d74_D	0.14942528735632185
8d7e_C	0.5177304964539007
8d7f_A	0.04143646408839779
8d7h_A	0.47854785478547857
8d7i_A	0.3394495412844037
8d7i_B	0.10101010101010101
8d82_E	0.5
8d8i_A	0.0845771144278607
8d8j_0	0.3002028397565923
8d8p_A	0.11904761904761904
8d8y_A	0.5574912891986062
8d97_A	0.029411764705882353
8da2_A	0.16199376947040497
8daj_A	0.5397350993377483
8dau_G	0.07157894736842105
8dax_A	0.31451612903225806
8day_A	0.14824120603015076
8dbf_A	0.4462025316455696
8dc1_A	0.21929824561403508
8dcl_A	0.42162162162162165
8dcm_C	0.14313725490196078
8dcn_C	0.1652892561983471
8dd7_B	0.11176470588235295
8ddp_A	0.19494584837545126
8ddx_D	0.2
8dek_B	0.3197278911564626
8deo_A	0.11233480176211454
8des_A	0.03368421052631579
8dew_A	0.2196078431372549
8dez_A	0.24855491329479767
8dfs_C	0.03496503496503497
8dfs_I	0.0803921568627451
8dfv_A	0.3568627450980392
8dfw_B	0.5363636363636364
8dgc_E	0.34705882352941175
8dgf_A	0.3607843137254902
8dgt_A	0.3433874709976798
8dh7_A	0.13529411764705881
8dh8_A	0.43529411764705883
8dhi_A	0.2928870292887029
8dhl_B	0.44901960784313727
8di1_A	0.4318181818181818
8dit_A	0.1843137254901961
8dit_B	0.20588235294117646
8dit_C	0.2784313725490196
8dj2_A	0.5103448275862069
8djk_B	0.11743772241992882
8dkr_B	0.2862903225806452
8dkw_P	0.2964071856287425
8dl1_A	0.4137254901960784
8dl5_B	0.40931372549019607
8dla_H	0.41379310344827586
8dmb_P	0.3231707317073171
8dme_A	0.2
8dmr_A	0.15281501340482573
8dmt_A	0.15368852459016394
8dn8_A	0.43037974683544306
8dna_A	0.17803030303030304
8do6_H	0.04281345565749235
8do8_B	0.036458333333333336
8dol_A	0.16470588235294117
8dp2_A	0.45067264573991034
8dp6_A	0.46441947565543074
8dpa_A	0.3546099290780142
8dqa_A	0.39
8dqb_A	0.3567567567567568
8dqd_A	0.6270270270270271
8dqk_A	0.1784313725490196
8dqn_C	0.33505154639175255
8dqo_B	0.17162471395881007
8dr0_D	0.39244186046511625
8dr5_A	0.37254901960784315
8ds6_B	0.21791044776119403
8dsw_A	0.34201954397394135
8dt6_C	0.2283464566929134
8du5_A	0.37158469945355194
8dv0_A	0.4375
8dvh_A	0.25510204081632654
8dvq_A	0.6363636363636364
8dwq_A	0.0658682634730539
8dws_A	0.20396600566572237
8dy9_B	0.10658307210031348
8dy9_I	0.29042904290429045
8dys_A	0.4058679706601467
8dzg_A	0.2357142857142857
8dzv_A	0.5872340425531914
8e05_A	0.6
8e0c_A	0.41081081081081083
8e0p_B	0.3411764705882353
8e16_B	0.20955882352941177
8e1s_A	0.27710843373493976
8e29_A	0.049019607843137254
8e2q_B	0.40625
8e2w_A	0.2980392156862745
8e4g_P	0.1607843137254902
8e4t_A	0.4141791044776119
8e50_A	0.22745098039215686
8e5a_C	0.2716049382716049
8e5d_A	0.3161764705882353
8e5h_A	0.49728260869565216
8e5t_6	0.23921568627450981
8e73_2M	0.125
8e7f_A	0.29215686274509806
8e7t_A	0.03594771241830065
8e8u_C	0.17592592592592593
8e96_D	0.3137254901960784
8e9g_C	0.2818181818181818
8e9g_E	0.3261802575107296
8e9h_G	0.2549019607843137
8e9h_L	0.15294117647058825
8e9h_N	0.14901960784313725
8e9i_D	0.022113022113022112
8e9i_M	0.1392156862745098
8ea2_A	0.5205047318611987
8ear_A	0.14313725490196078
8eau_a	0.13333333333333333
8eav_B	0.012578616352201259
8eaw_a	0.08013937282229965
8eb4_A	0.14860681114551083
8eb9_A	0.15730337078651685
8ebb_B	0.16470588235294117
8ebf_A	0.3627450980392157
8ebg_B	0.39628482972136225
8ec0_B	0.2727272727272727
8ec3_A	0.2
8eck_A	0.12380952380952381
8ecm_D	0.36879432624113473
8ecn_B	0.12987012987012986
8eco_B	0.13815789473684212
8ecp_A	0.4444444444444444
8ecy_Q	0.06199460916442048
8ed4_F	0.19696969696969696
8edu_A	0.10658307210031348
8ee2_G	0.08433734939759036
8ee7_A	0.24561403508771928
8ee7_C	0.17094017094017094
8eed_L	0.452991452991453
8eeg_B	0.2545454545454545
8eey_E	0.23684210526315788
8eff_C	0.20980392156862746
8efg_A	0.488135593220339
8efn_A	0.03428571428571429
8efx_A	0.15057915057915058
8eg0_A	0.5217391304347826
8egk_A	0.35774647887323946
8egr_A	0.4196078431372549
8egs_Y	0.09607843137254903
8egx_A	0.4679334916864608
8egx_B	0.48705882352941177
8eh2_A	0.5653846153846154
8ehb_A	0.20588235294117646
8eho_E	0.10240963855421686
8eht_C	0.11627906976744186
8eii_B	0.31662870159453305
8ein_B	0.35405405405405405
8eis_B	0.1232876712328767
8eiz_A	0.12698412698412698
8ej5_A	0.13347921225382933
8el1_D	0.32193158953722334
8eld_A	0.16819571865443425
8elf_B	0.3411458333333333
8em2_A	0.2729083665338645
8em5_A	0.41304347826086957
8ema_A	0.40784313725490196
8emh_B	0.2235294117647059
8end_B	0.14150943396226415
8eno_E	0.056451612903225805
8env_C	0.10317460317460317
8env_i	0.18705035971223022
8env_j	0.194
8eo5_A	0.35185185185185186
8eoa_C	0.03636363636363636
8eoi_H	0.10880829015544041
8eok_A	0.20938628158844766
8eon_E	0.2229965156794425
8eon_I	0.28289473684210525
8eos_G	0.20967741935483872
8ep2_X	0.011764705882352941
8ep9_1	0.0196078431372549
8epx_D	0.2075098814229249
8eqm_o	0.12087912087912088
8er5_A	0.40476190476190477
8erw_A	0.13076923076923078
8es4_A	0.08043478260869565
8es4_E	0.1843137254901961
8es8_A	0.3424124513618677
8esf_B	0.3442622950819672
8esl_A	0.08737864077669903
8esq_K	0.13147410358565736
8esv_A	0.21076233183856502
8esv_B	0.17254901960784313
8esz_5	0.09607843137254903
8esz_AL	0.28804347826086957
8et6_A	0.25882352941176473
8etc_P	0.17751479289940827
8eti_W	0.07514450867052024
8etk_A	0.056074766355140186
8etw_R	0.2081447963800905
8ev4_A	0.4
8evk_A	0.12173913043478261
8evv_A	0.378698224852071
8evy_A	0.4227129337539432
8ew8_A	0.058577405857740586
8ew9_A	0.058091286307053944
8ewi_A	0.16862745098039217
8ewo_A	0.3359073359073359
8ewu_B	0.5282485875706214
8exd_A	0.19607843137254902
8ezj_A	0.2980392156862745
8ezl_H	0.5433070866141733
8f1b_D	0.10884353741496598
8f1e_A	0.3215686274509804
8f2e_A	0.1494661921708185
8f2h_B	0.08651399491094147
8f3d_F	0.33137254901960783
8f3h_A	0.21568627450980393
8f5d_A	0.33137254901960783
8f5f_A	0.35276073619631904
8f5g_C	0.29714285714285715
8f5o_C	0.39019607843137255
8f6b_F	0.19471153846153846
8f6d_D	0.5277777777777778
8f6t_A	0.09813084112149532
8f70_A	0.16862745098039217
8f71_B	0.5204081632653061
8f72_B	0.10980392156862745
8f76_A	0.1357615894039735
8f7n_A	0.09065934065934066
8f9x_A	0.3391304347826087
8f9y_A	0.16761363636363635
8fao_F	0.05757575757575758
8fbc_A	0.11704834605597965
8fbd_B	0.08418891170431211
8fbe_A	0.125
8fbf_A	0.11372549019607843
8fbj_A	0.20195439739413681
8fbn_A	0.34513274336283184
8fbo_A	0.29133858267716534
8fcv_P	0.10703363914373089
8fcx_R	0.36151603498542273
8fd3_A	0.08490566037735849
8fd3_H	0.06711409395973154
8fd3_I	0.04251012145748988
8fdg_A	0.3352941176470588
8fdt_B	0.5158227848101266
8fed_J	0.09505703422053231
8fed_K	0.2127659574468085
8fef_I	0.13438735177865613
8feh_D	0.11194029850746269
8fek_A	0.23529411764705882
8fem_A	0.6330275229357798
8ffd_G	0.4166666666666667
8ffu_A	0.44722222222222224
8ffz_E	0.38235294117647056
8ffz_G	0.30952380952380953
8fg2_A	0.08591885441527446
8fgw_C	0.4411764705882353
8fhb_A	0.28921568627450983
8fhc_B	0.3488372093023256
8fhj_C	0.3411764705882353
8fhk_C	0.24313725490196078
8fia_A	0.33725490196078434
8fie_A	0.1076555023923445
8fih_A	0.2571428571428571
8fin_A	0.27011494252873564
8fip_A	0.5976331360946746
8fit_A	0.3231441048034934
8fjd_A	0.5838926174496645
8fjf_A	0.1889763779527559
8fjk_B	0.058823529411764705
8fjm_A	0.4701195219123506
8fjs_H	0.4090909090909091
8fkm_A	0.09523809523809523
8fkp_LG	0.16666666666666666
8fkq_NN	0.10655737704918032
8fkr_SL	0.0205761316872428
8fkr_SO	0.08469055374592833
8fkt_NB	0.26356589147286824
8fkv_NQ	0.47530864197530864
8fkw_NI	0.3588235294117647
8fkw_SU	0.27450980392156865
8fky_BC	0.5443786982248521
8fky_NA	0.25826446280991733
8fky_SP	0.4609571788413098
8fky_SY	0.4417989417989418
8fl0_ND	0.08518518518518518
8fl4_NY	0.4196078431372549
8fli_B	0.11353711790393013
8flx_A	0.1608187134502924
8fma_K	0.06790123456790123
8fmw_AT	0.33980582524271846
8fmw_AU	0.3565217391304348
8fmw_AV	0.3469387755102041
8fmw_F	0.5360824742268041
8fmw_H	0.1893939393939394
8fmw_I	0.22900763358778625
8fmw_Q	0.4146341463414634
8fn2_F	0.05741626794258373
8fn4_3	0.47708333333333336
8fn4_4	0.3156862745098039
8fn6_1	0.05397727272727273
8fn6_2	0.06542056074766354
8fn9_A	0.0319634703196347
8fn9_F	0.6893203883495146
8fnc_10	0.31490384615384615
8fnc_5	0.13131313131313133
8fnc_8	0.5
8fni_11	0.3352941176470588
8fni_14	0.2857142857142857
8fni_6	0.5518763796909493
8fnk_9	0.36470588235294116
8fnu_B	0.1843137254901961
8fny_A	0.21327967806841047
8fo9_F	0.5274509803921569
8fok_1	0.1568627450980392
8foy_D	0.128
8fqc_C1	0.25766871165644173
8fqc_a1	0.1297709923664122
8fqc_e1	0.17258883248730963
8fqc_h1	0.21119592875318066
8fr7_A	0.03725490196078431
8fr8_I	0.32
8frl_G	0.13313609467455623
8frs_C	0.1608832807570978
8frs_f	0.10900473933649289
8fru_B	0.03968253968253968
8fs6_G	0.050335570469798654
8ftw_A	0.23493975903614459
8ftx_A	0.2102803738317757
8fty_B	0.308300395256917
8fun_D	0.4837837837837838
8fuv_D	0.16666666666666666
8fux_A	0.2919254658385093
8fv3_C	0.38831615120274915
8fvh_A	0.17073170731707318
8fvh_M	0.29120879120879123
8fvu_A	0.13333333333333333
8fvz_A	0.3833718244803695
8fw5_A	0.17254901960784313
8fw5_D	0.4019933554817276
8fw5_G	0.08125
8fwe_AP	0.48
8fwg_h1	0.0802675585284281
8fwj_L	0.47843137254901963
8fwm_3	0.3565217391304348
8fx3_B	0.43946188340807174
8fx7_B	0.26666666666666666
8fx9_A	0.40588235294117647
8fxh_A	0.06666666666666667
8fxq_B	0.22492401215805471
8fxr_AA	0.028871391076115485
8fxu_A	0.6548387096774193
8fyc_C	0.07741935483870968
8fyc_K	0.4329268292682927
8fyg_A	0.29215686274509806
8fzb_A	0.49056603773584906
8fzr_A	0.1172962226640159
8fzz_B	0.05612244897959184
8g0h_D	0.056842105263157895
8g0n_A	0.5867768595041323
8g1e_A	0.3137254901960784
8g1h_A	0.4883720930232558
8g1n_A	0.11398963730569948
8g1r_C	0.1148036253776435
8g1r_E	0.22302158273381295
8g1y_A	0.20766129032258066
8g2z_1N	0.08423326133909287
8g3d_3D	0.569620253164557
8g3g_A	0.3111111111111111
8g4c_B	0.3790322580645161
8g4l_bm	0.6333333333333333
8g4s_M	0.11650485436893204
8g4s_Q	0.189873417721519
8g52_A	0.4121863799283154
8g5s_B	0.4818941504178273
8g5t_A	0.4095634095634096
8g64_A	0.591715976331361
8g6e_H	0.09349593495934959
8g6f_F	0.1087866108786611
8g6f_G	0.08906882591093117
8g7v_B	0.3202247191011236
8g84_A	0.5589225589225589
8g8i_A	0.04516129032258064
8g8v_A	0.1732283464566929
8g96_A	0.3891625615763547
8g9m_A	0.6604651162790698
8gap_H	0.3020833333333333
8gbe_A	0.05853658536585366
8gdl_A	0.11267605633802817
8ges_A	0.48627450980392156
8gex_A	0.2384428223844282
8ghh_A	0.41304347826086957
8ght_A	0.07236842105263158
8gi2_A	0.2925170068027211
8gic_A	0.45408163265306123
8giu_1	0.05627705627705628
8gja_F	0.4269005847953216
8gjg_A	0.2839506172839506
8gju_F	0.3825301204819277
8gjy_A	0.16279069767441862
8gk3_A	0.12684989429175475
8gk6_B	0.2076923076923077
8gl6_D	0.5
8glb_D	0.040106951871657755
8glj_D	0.5466666666666666
8glk_D	0.4533333333333333
8glk_F	0.36239782016348776
8glv_6F	0.1065989847715736
8glv_7X	0.16210045662100456
8glv_AE	0.10392156862745099
8glv_AF	0.36666666666666664
8glv_AG	0.30196078431372547
8glv_AH	0.6703296703296703
8glv_AS	0.20833333333333334
8glv_CP	0.08547008547008547
8glv_Cq	0.4627450980392157
8glv_D9	0.28991596638655465
8glv_DO	0.44871794871794873
8glv_Do	0.4980392156862745
8glv_Dp	0.35490196078431374
8glv_Eb	0.4372549019607843
8glv_Ez	0.6333333333333333
8glv_Gy	0.0851063829787234
8glv_HB	0.4728682170542636
8glv_HX	0.2607843137254902
8glv_Hi	0.16627634660421545
8glv_JZ	0.2753623188405797
8glv_Kb	0.5179153094462541
8glv_LO	0.47058823529411764
8glv_LY	0.36470588235294116
8glv_LZ	0.32941176470588235
8glv_Me	0.09607843137254903
8gmo_0	0.12903225806451613
8gmo_a	0.11566265060240964
8gol_B	0.4422535211267606
8gps_A	0.34649122807017546
8gpv_A	0.3607843137254902
8gq4_A	0.04416403785488959
8gqe_B	0.44559585492227977
8gqq_A	0.23232323232323232
8gqz_A	0.04308390022675737
8gr2_A	0.5308056872037915
8gr7_A	0.07668711656441718
8grf_C	0.07331378299120235
8gs1_A	0.07920792079207921
8gs1_D	0.16071428571428573
8gs5_H	0.30547550432276654
8gsm_H	0.30158730158730157
8gsu_B	0.11688311688311688
8gta_A	0.16791044776119404
8gtj_A	0.06596306068601583
8gtu_A	0.538135593220339
8gty_A	0.3008474576271186
8gug_A	0.08333333333333333
8gul_A	0.3297413793103448
8gun_A	0.12048192771084337
8gvl_B	0.2013888888888889
8gw3_A	0.3377926421404682
8gwh_A	0.19661016949152543
8gxj_D	0.4656084656084656
8gxq_p	0.2784313725490196
8gxv_A	0.025495750708215296
8gy0_A	0.04777070063694268
8gy2_A	0.403921568627451
8gy2_B	0.2702078521939954
8gy2_C	0.05555555555555555
8gy9_A	0.4859437751004016
8gyg_B	0.46229508196721314
8gym_A2	0.19387755102040816
8gym_A9	0.5470588235294118
8gym_M1	0.1676300578034682
8gym_M2	0.17295597484276728
8gym_N2	0.08611111111111111
8gym_N4	0.1188118811881188
8gym_S2	0.04524886877828054
8gyr_B	0.5628415300546448
8gyw_A	0.11578947368421053
8gz0_B	0.2625
8gz3_H	0.018691588785046728
8gzu_46	0.3805774278215223
8gzu_81	0.07254901960784314
8h0l_A	0.125
8h0m_A	0.3163265306122449
8h1i_A	0.208
8h1l_B	0.38534278959810875
8h1q_A	0.434010152284264
8h24_A	0.6828478964401294
8h2b_D	0.3972972972972973
8h2h_D	0.08823529411764706
8h2i_aM	0.17660550458715596
8h2i_bB	0.054901960784313725
8h2i_bC	0.16082474226804125
8h2i_bG	0.1884920634920635
8h2i_cR	0.17794486215538846
8h2i_dp	0.2344139650872818
8h2m_A	0.08627450980392157
8h3u_A	0.4019607843137255
8h3x_C	0.26330532212885155
8h41_B	0.453781512605042
8h4a_B	0.5304878048780488
8h4p_A	0.10429447852760736
8h4v_A	0.14189189189189189
8h56_A	0.24675324675324675
8h58_F	0.5707317073170731
8h5s_A	0.3481781376518219
8h6h_A	0.1588235294117647
8h6s_A	0.24509803921568626
8h6u_A	0.05621301775147929
8h79_A	0.18220338983050846
8h7q_A	0.04950495049504951
8h7q_C	0.056856187290969896
8h8p_B	0.4225352112676056
8h92_B	0.029850746268656716
8h94_A	0.2803921568627451
8h94_B	0.3869209809264305
8h97_A	0.46078431372549017
8hap_A	0.22746781115879827
8har_A	0.5546218487394958
8hb2_B	0.26666666666666666
8hbh_B	0.2411764705882353
8hbt_A	0.1716937354988399
8hc0_A	0.1
8hci_B	0.48986486486486486
8hcj_D	0.4133949191685912
8hcn_D	0.4810606060606061
8hd2_A	0.47770700636942676
8hdl_A	0.1417624521072797
8he1_A	0.48
8heh_B	0.5306122448979592
8hep_B	0.10843373493975904
8hf3_A	0.05084745762711865
8hfc_B	0.036036036036036036
8hfd_A	0.37389380530973454
8hfq_m	0.25925925925925924
8hfr_CW	0.2646370023419204
8hfw_A	0.5964912280701754
8hge_B	0.1179245283018868
8hgn_A	0.29461756373937675
8hgq_A	0.6104651162790697
8hgu_A	0.6067796610169491
8hgx_A	0.2805755395683453
8hhd_A	0.48660714285714285
8hhe_B	0.08431372549019608
8hhj_A	0.13131313131313133
8hi7_A	0.15985130111524162
8hif_F3	0.045454545454545456
8hif_y3	0.12949640287769784
8hif_y4	0.028846153846153848
8hii_A	0.30120481927710846
8hil_C	0.06666666666666667
8hil_H	0.09154929577464789
8hjw_A	0.5215686274509804
8hk0_B	0.20580474934036938
8hk0_C	0.21676300578034682
8hkb_A	0.45695364238410596
8hke_A	0.13137254901960785
8hkr_B	0.4166666666666667
8hku_ARF1	0.3793103448275862
8hky_AL3P	0.035398230088495575
8hky_AL4P	0.043824701195219126
8hky_AL6P	0.11602209944751381
8hkz_S17P	0.34234234234234234
8hl4_AS5P	0.09803921568627451
8hl4_L13P	0.14285714285714285
8hl4_S10P	0.05
8hle_A	0.10526315789473684
8hlg_A	0.3357664233576642
8hlk_A	0.24705882352941178
8hm5_B	0.5408805031446541
8hmd_B	0.35490196078431374
8hmf_E	0.4
8hmg_I	0.4724137931034483
8hmm_A	0.4
8hnc_A	0.19607843137254902
8hnk_R	0.1447811447811448
8hok_A	0.45021645021645024
8hp3_A	0.37583892617449666
8hp7_A	0.43983402489626555
8hpi_A	0.0657439446366782
8hpj_D	0.4065656565656566
8hpo_J	0.09569377990430622
8hpo_K	0.33171912832929784
8hqo_a	0.34375
8hqq_A	0.3442211055276382
8hqr_A	0.48314606741573035
8hqz_p	0.30686695278969955
8hr7_M	0.11176470588235295
8hra_C	0.19411764705882353
8hre_A	0.3509803921568627
8hs2_B	0.42201834862385323
8hs2_R	0.14285714285714285
8hsi_A	0.14074074074074075
8huc_B	0.3153846153846154
8hui_C	0.48120300751879697
8huz_B	0.075
8hv4_A	0.3717105263157895
8hvi_B	0.37383177570093457
8hwa_A	0.09411764705882353
8hwi_B	0.05649717514124294
8hwn_B	0.5092592592592593
8hwo_A	0.3719512195121951
8hx8_A	0.2725490196078431
8hxc_A	0.1890547263681592
8hxn_A	0.5217391304347826
8hxs_A	0.48
8hy9_A	0.0440251572327044
8hzx_D	0.44509803921568625
8hzz_A	0.42920353982300885
8i03_I	0.1783783783783784
8i07_A	0.43333333333333335
8i28_A	0.33432835820895523
8i2f_B	0.3813559322033898
8i3d_A	0.3176470588235294
8i3p_B	0.42771084337349397
8i3y_D	0.28450106157112526
8i4l_E	0.13761467889908258
8i4m_A	0.13137254901960785
8i4t_V	0.07465618860510806
8i5a_A	0.16666666666666666
8i5f_A	0.18706697459584296
8i5m_A	0.2161290322580645
8i6v_D	0.08823529411764706
8i82_B	0.3146853146853147
8i8b_C	0.021834061135371178
8i8b_D	0.10404624277456648
8i8b_E	0.04852320675105485
8i8b_J	0.310126582278481
8i8x_F	0.23036649214659685
8i8y_A	0.39436619718309857
8i93_B	0.03333333333333333
8i98_F	0.36363636363636365
8i9i_A	0.16025641025641027
8i9p_CB	0.09665427509293681
8i9r_Cd	0.19020172910662825
8i9z_CF	0.22040816326530613
8ia0_CN	0.08130081300813008
8ia0_CW	0.3607843137254902
8ia8_A	0.15734265734265734
8iab_A	0.0784313725490196
8iah_3	0.0958904109589041
8iau_A	0.37325349301397204
8ibt_A	0.42745098039215684
8ibx_C	0.10588235294117647
8ic1_A	0.3966597077244259
8ic7_B	0.11764705882352941
8ic8_H	0.25067385444743934
8id9_A	0.39086294416243655
8idc_C	0.2542372881355932
8ide_A	0.26666666666666666
8idf_A	0.20261437908496732
8idq_A	0.4439461883408072
8idz_A	0.4
8ie2_E	0.10392156862745099
8ieu_B	0.20238095238095238
8iew_A	0.15863453815261044
8if6_A	0.6450980392156863
8if7_A	0.35964912280701755
8if8_B	0.13725490196078433
8iff_A	0.25098039215686274
8ifu_A	0.19305019305019305
8igl_A	0.041176470588235294
8ih6_C	0.16981132075471697
8ih6_I	0.21011673151750973
8ih7_B	0.3249211356466877
8ih8_B	0.6186440677966102
8ih8_D	0.47692307692307695
8ihe_A	0.37537537537537535
8iic_B	0.12470588235294118
8iis_A	0.40930232558139534
8ij8_A	0.624
8ij9_A	0.5357142857142857
8ijo_A	0.1320754716981132
8ik2_A	0.5666666666666667
8ikj_R	0.12941176470588237
8ikr_A	0.17010309278350516
8ila_A	0.42424242424242425
8ilq_A	0.08782435129740519
8ily_A	0.37272727272727274
8im7_A	0.20784313725490197
8im8_A	0.3058823529411765
8imd_A	0.2946859903381642
8imk_M	0.2413793103448276
8imy_T	0.11568627450980393
8in1_B	0.3803921568627451
8inf_J	0.013452914798206279
8inh_A	0.41629955947136565
8ioz_B	0.16607773851590105
8ip8_bl	0.2906178489702517
8ip9_ha	0.531055900621118
8ipr_A	0.2857142857142857
8ipr_C	0.29411764705882354
8ips_B	0.2568627450980392
8iqe_A	0.49411764705882355
8iqi_C	0.12941176470588237
8iqu_A	0.4235294117647059
8ir2_B	0.30303030303030304
8irn_A	0.06274509803921569
8is5_A	0.4778761061946903
8itg_A	0.357630979498861
8iue_3	0.06149732620320856
8iuf_E1	0.43777777777777777
8iuf_E3	0.4097222222222222
8iuf_Qa	0.28991596638655465
8iuj_C2	0.28061224489795916
8iuj_QB	0.18681318681318682
8ivd_A	0.11678832116788321
8ivi_A	0.4768856447688564
8ivq_A	0.2
8iwb_D	0.27848101265822783
8iwl_B	0.4820846905537459
8ixi_A	0.24915824915824916
8iyj_E	0.09060402684563758
8iyl_E	0.1568627450980392
8iyl_F	0.3394495412844037
8iyl_G	0.10344827586206896
8iys_A	0.29577464788732394
8j07_11	0.27058823529411763
8j07_5	0.801980198019802
8j07_Z	0.13551401869158877
8j07_d0	0.38235294117647056
8j07_d2	0.396078431372549
8j07_i5	0.4392156862745098
8j07_k1	0.3862745098039216
8j07_k2	0.426
8j07_k3	0.10261569416498995
8j07_o2	0.37058823529411766
8j07_s	0.2206896551724138
8j07_u7	0.7058823529411765
8j07_w	0.8131067961165048
8j0j_A	0.13262599469496023
8j12_A	0.27122641509433965
8j22_C	0.17192982456140352
8j2f_A	0.4635416666666667
8j3p_A	0.5026737967914439
8j4u_L	0.29177057356608477
8j4u_O	0.16470588235294117
8j53_E	0.2901960784313726
8j5d_A	0.37203791469194314
8j5d_D	0.17277486910994763
8j5y_A	0.12549019607843137
8j5z_A	0.11568627450980393
8j69_A	0.03111111111111111
8j6e_A	0.5104477611940299
8j80_A	0.23103448275862068
8j9h_V1	0.22420634920634921
8j9h_V2	0.3333333333333333
8j9i_A9	0.4628099173553719
8j9i_N1	0.03870967741935484
8j9i_N2	0.02364864864864865
8j9i_N4	0.12133891213389121
8j9i_N5	0.12941176470588237
8j9i_S7	0.32338308457711445
8j9j_1A	0.11931818181818182
8j9j_E4	0.5726495726495726
8j9j_E7	0.0975609756097561
8j9o_A	0.14027149321266968
8j9q_A	0.136986301369863
8j9v_A	0.13529411764705881
8ja7_C	0.361323155216285
8ja7_E	0.3227990970654628
8jan_m	0.10784313725490197
8jan_y	0.13846153846153847
8jb1_A	0.297008547008547
8jbc_A	0.32051282051282054
8jbd_A	0.08860759493670886
8jbf_B	0.17375886524822695
8jbq_A	0.11764705882352941
8jbr_A	0.20392156862745098
8jd6_R	0.43137254901960786
8jed_B	0.030405405405405407
8jek_A	0.10980392156862745
8jfi_A	0.6008064516129032
8jh7_D	0.1902552204176334
8jhe_A	0.23622047244094488
8jhq_A	0.3452914798206278
8jhu_A	0.1411764705882353
8ji2_A	0.15833333333333333
8jiy_A	0.4027777777777778
8jj5_D	0.16929133858267717
8jjm_A	0.3367768595041322
8jjn_C	0.6165644171779141
8jkz_A	0.23529411764705882
8jma_A	0.13123359580052493
8jme_B	0.07125307125307126
8jmq_A	0.4853801169590643
8jmq_B	0.5263157894736842
8jmv_S	0.08641975308641975
8jmw_A	0.5137254901960784
8jn0_A	0.25842696629213485
8jnx_A	0.3764705882352941
8jou_B	0.5168539325842697
8jou_a	0.4117647058823529
8jov_A	0.17254901960784313
8jov_L	0.22549019607843138
8jov_M	0.3275862068965517
8jov_r	0.054901960784313725
8jov_t	0.2300469483568075
8joz_A	0.6575875486381323
8jpj_A	0.09215686274509804
8jpx_A	0.11764705882352941
8jqb_E	0.2605210420841683
8jqe_A	0.36486486486486486
8jtc_A	0.4296675191815857
8jtp_A	0.6153846153846154
8ju8_A	0.6618705035971223
8juk_A	0.3700440528634361
8jun_A	0.28627450980392155
8jup_A	0.3368055555555556
8jw3_A	0.03636363636363636
8jwu_C	0.1941747572815534
8jwz_A	0.12666666666666668
8jxz_A	0.20449897750511248
8jzf_c	0.27906976744186046
8k1f_C	0.6262626262626263
8k1i_B	0.47413793103448276
8k1l_B	0.1541095890410959
8k39_D	0.08529411764705883
8k3b_A	0.48398576512455516
8k4r_A	0.45652173913043476
8k53_A	0.6
8k5l_A	0.572139303482587
8k5p_M	0.1784313725490196
8k6z_A	0.0958904109589041
8k76_A	0.5648535564853556
8k7x_A	0.3
8k80_A	0.1728110599078341
8k9n_A	0.44
8ka5_A	0.4612794612794613
8kc7_A	0.3694581280788177
8kca_A	0.4046242774566474
8kho_A	0.27526132404181186
8khq_A	0.16862745098039217
8kih_A	0.05154639175257732
8odq_D	0.4097560975609756
8odt_A	0.17391304347826086
8odz_D	0.5215686274509804
8oe0_C	0.4515463917525773
8oe4_C	0.4709897610921502
8of7_A	0.18705035971223022
8ofd_A	0.5087281795511222
8og1_A	0.296078431372549
8ogh_A	0.4137254901960784
8oh5_C	0.3784313725490196
8oh8_BBB	0.04950495049504951
8oi4_C	0.24296675191815856
8oi9_B	0.41040462427745666
8oie_A	0.2627450980392157
8oin_Aa	0.18110236220472442
8oip_AJ	0.3577981651376147
8oiv_A	0.2935153583617747
8oj9_C	0.08823529411764706
8ok6_A	0.04076086956521739
8ok7_D	0.0886426592797784
8ok8_C	0.014925373134328358
8ok9_A	0.24186046511627907
8ok9_C	0.07627118644067797
8okh_A	0.1566265060240964
8oks_B	0.10810810810810811
8ol1_L	0.2669683257918552
8olu_N	0.15
8om2_W	0.23134328358208955
8om4_3	0.11673151750972763
8om4_4	0.04950495049504951
8om4_5	0.15120274914089346
8om4_8	0.2698072805139186
8om4_D	0.06744868035190615
8om4_I	0.18614718614718614
8om4_K	0.12582781456953643
8omr_B	0.2513089005235602
8omw_A	0.5794392523364486
8on7_A	0.049019607843137254
8onf_A	0.3643410852713178
8onj_A	0.20216606498194944
8ont_A	0.08447488584474885
8onz_A	0.17922077922077922
8ooo_E	0.08277404921700224
8oou_M	0.07407407407407407
8ooy_A	0.15098039215686274
8opr_A	0.4372549019607843
8opz_A	0.26666666666666666
8oq0_A	0.3254901960784314
8oq1_A	0.5058823529411764
8oq3_A	0.5117647058823529
8oqx_A	0.4028268551236749
8ork_AAA	0.4782608695652174
8os3_A	0.6213592233009708
8osd_A	0.6407766990291263
8osg_B	0.28173374613003094
8osi_A	0.11
8otb_A	0.35490196078431374
8otx_A	0.09215686274509804
8ou1_B	0.09655172413793103
8oue_C	0.18781725888324874
8ouw_5	0.22549019607843138
8ouw_E	0.22549019607843138
8ouw_F	0.0603448275862069
8ouy_C	0.474025974025974
8ov0_A	0.11818181818181818
8ove_Bl	0.2152777777777778
8ovn_A	0.38293650793650796
8ow4_B	0.3277027027027027
8ow8_A	0.1546134663341646
8oys_A	0.4
8oyw_A	0.11797752808988764
8oyx_A	0.27155172413793105
8oyy_A	0.27467811158798283
8oz1_A	0.5361930294906166
8p0c_B	0.3924731182795699
8p0p_A	0.2529411764705882
8p23_B	0.08627450980392157
8p25_A	0.375
8p2a_A	0.25842696629213485
8p2j_C	0.4402730375426621
8p35_A	0.71
8p49_A	0.15649867374005305
8p4a_M	0.1952662721893491
8p4e_O	0.2529411764705882
8p4i_B	0.4069400630914827
8p53_E	0.39487179487179486
8p5d_LDD	0.10091743119266056
8p5d_SA0	0.18636363636363637
8p5o_A	0.4205128205128205
8p5v_A	0.1607843137254902
8p60_LCC	0.3333333333333333
8p60_LV0	0.14184397163120568
8p60_RU0	0.14
8p60_RW0	0.0859375
8p84_B	0.2777777777777778
8p8k_AAA	0.38768115942028986
8p94_D	0.15666666666666668
8p94_E	0.06179775280898876
8paq_B	0.15
8pbz_A	0.052941176470588235
8pbz_E	0.10196078431372549
8pcx_A	0.09913793103448276
8pdj_AAA	0.33766233766233766
8pdz_M	0.49557522123893805
8pe3_A	0.27461139896373055
8pe8_H	0.09411764705882353
8pfh_B	0.3902439024390244
8phj_X	0.1875
8phu_BU	0.16613418530351437
8phv_C	0.08766233766233766
8pi1_B	0.5978260869565217
8pk0_z	0.3987138263665595
8pm4_A	0.11372549019607843
8pm6_A	0.16470588235294117
8pnl_C	0.40329218106995884
8po5_A	0.168
8pof_A	0.07476635514018691
8ppl_Ix	0.02857142857142857
8ppu_B	0.07450980392156863
8pql_H	0.45098039215686275
8psq_B	0.08235294117647059
8pt7_A	0.0671462829736211
8puw_B	0.2627450980392157
8pv3_Ch	0.4577319587628866
8pv4_CT	0.43037974683544306
8pv6_CV	0.40980392156862744
8pvs_A	0.3568627450980392
8pw4_A	0.10843373493975904
8pxc_A	0.1349206349206349
8pxl_A	0.37965260545905705
8pxu_A	0.35490196078431374
8pz4_A	0.39914163090128757
8q0e_A	0.06611570247933884
8q1b_B	0.3054187192118227
8q1b_a	0.1588235294117647
8q1k_A	0.4523809523809524
8q1o_A	0.19662921348314608
8q2c_A	0.44242424242424244
8q3b_B	0.013725490196078431
8q3b_C	0.17270194986072424
8q3b_D	0.11607142857142858
8q3b_E	0.14634146341463414
8q3p_m	0.24821002386634844
8q3z_A	0.39588100686498856
8q4e_A	0.19083969465648856
8q4h_A	0.13916500994035785
8q4k_CCC	0.11219512195121951
8q59_A	0.4357142857142857
8q6j_E	0.32941176470588235
8q6o_R	0.008310249307479225
8q6s_A	0.3915211970074813
8q6t_N	0.052941176470588235
8q6t_P	0.5823529411764706
8q70_A	0.12878787878787878
8qa9_B	0.36363636363636365
8qb1_B	0.375
8qdo_B	0.1146067415730337
8qf8_A	0.34509803921568627
8qfn_A	0.535483870967742
8qj7_A	0.22745098039215686
8qky_C	0.2805755395683453
8qmn_A	0.4859550561797753
8qnd_A	0.48484848484848486
8qo1_CG	0.2057142857142857
8qo9_I	0.16304347826086957
8qo9_v	0.4032258064516129
8qoh_B	0.24087591240875914
8qox_B	0.4523281596452328
8qp0_E	0.0803921568627451
8qsk_A	0.24705882352941178
8qto_A	0.4658119658119658
8qyn_I	0.11355311355311355
8qys_V	0.07468879668049792
8qys_a	0.15725806451612903
8r1a_A	0.2
8r2c_A	0.01775147928994083
8r7a_A	0.6
8rbx_j	0.1627450980392157
8rbx_m	0.09803921568627451
8rc4_e	0.1392156862745098
8rc4_f	0.3156862745098039
8rd2_B	0.035
8rd6_A	0.5
8rd8_D	0.4
8rdw_B	0.3695652173913043
8re3_A	0.0696629213483146
8rfh_A	0.39019607843137255
8rh3_A	0.5128205128205128
8rjd_5	0.5168539325842697
8rjd_6	0.47530864197530864
8s0u_A	0.22568093385214008
8s91_A	0.2411764705882353
8s91_D	0.1980392156862745
8s9m_A	0.4979253112033195
8s9p_B	0.3784313725490196
8sam_A	0.24901960784313726
8sbg_A	0.3201754385964912
8sbm_B	0.5555555555555556
8sc0_A	0.5564516129032258
8sdb_C	0.3784313725490196
8sea_A	0.3843137254901961
8sff_H	0.043137254901960784
8sg1_A	0.3317972350230415
8sgr_A	0.24427480916030533
8shj_A	0.48502994011976047
8si6_A	0.15490196078431373
8sk0_B	0.603030303030303
8sk6_A	0.39501779359430605
8sl0_A	0.039473684210526314
8sl1_A	0.27647058823529413
8sl7_D	0.28823529411764703
8slg_B	0.19686800894854586
8sm6_D	0.3870056497175141
8snb_4A	0.5294117647058824
8snb_4J	0.15343915343915343
8snh_D	0.15632754342431762
8snh_F	0.215
8snh_J	0.1724137931034483
8snh_Z	0.23195876288659795
8snj_A	0.3945945945945946
8soi_B	0.10784313725490197
8soj_A	0.1588235294117647
8sok_D	0.15490196078431373
8soy_A	0.41350210970464135
8spc_A	0.11891891891891893
8sqx_A	0.4523809523809524
8ssc_A	0.5784313725490197
8st7_A	0.12735849056603774
8std_E	0.45161290322580644
8sug_L	0.07644628099173553
8sut_A	0.1782178217821782
8svc_A	0.4
8sw0_A	0.22745098039215686
8swi_A	0.30155210643015523
8swq_A	0.34105960264900664
8swt_A	0.3776978417266187
8sx2_A	0.051118210862619806
8sxn_A	0.3380281690140845
8sxs_A	0.4523809523809524
8sy3_A	0.10047846889952153
8sy8_A	0.6355140186915887
8syd_B	0.568733153638814
8syn_A	0.24705882352941178
8syn_C	0.336996336996337
8szh_A	0.3411764705882353
8szt_B	0.40555555555555556
8t0j_A	0.4925925925925926
8t1u_A	0.3342776203966006
8t26_A	0.44246031746031744
8t2i_N	0.007058823529411765
8t2s_D	0.14910025706940874
8t2v_A	0.4137254901960784
8t2v_B	0.30196078431372547
8t3p_A	0.2851153039832285
8t4c_A	0.5833333333333334
8t53_A	0.27638190954773867
8t66_B	0.5705128205128205
8t74_B	0.20588235294117646
8t7j_A	0.3972602739726027
8t85_A	0.4388059701492537
8t8d_A	0.36619718309859156
8t8z_A	0.12903225806451613
8t9c_A	0.023310023310023312
8t9n_A	0.1259259259259259
8t9w_C	0.4861751152073733
8ta5_A	0.09607843137254903
8taf_J	0.041935483870967745
8tcf_C	0.5333333333333333
8tek_g	0.10695187165775401
8tfs_A	0.475177304964539
8tg3_A	0.12834224598930483
8tgb_A	0.16666666666666666
8tge_J	0.5670103092783505
8the_A	0.403921568627451
8tid_F	0.6616052060737527
8tid_G	0.7710144927536232
8tid_H	0.056862745098039215
8tid_W	0.3568627450980392
8tid_Z	0.40784313725490196
8tid_w	0.33137254901960783
8tie_a	0.1450980392156863
8tie_r	0.1627450980392157
8tj5_M	0.10980392156862745
8tjc_B	0.3958333333333333
8tkf_A	0.1
8tn8_B	0.04743083003952569
8tne_B	0.4836795252225519
8tno_B	0.13186813186813187
8tqo_I	0.3247863247863248
8ttb_B	0.3215962441314554
8tu0_5	0.047058823529411764
8tu9_A	0.09411764705882353
8tug_M	0.005964214711729622
8tvs_M	0.004608294930875576
8tvy_M	0.4117647058823529
8twj_A	0.09900990099009901
8tx1_A	0.3431372549019608
8tzl_E	0.28285714285714286
8tzp_A	0.06976744186046512
8tzp_B	0.17137096774193547
8u00_A	0.4214876033057851
8u01_A	0.4411764705882353
8u0k_A	0.3805668016194332
8u0v_B	0.09215686274509804
8u18_B	0.39198218262806234
8u18_C	0.13157894736842105
8u1o_o	0.2725490196078431
8u1u_A	0.16939890710382513
8u1x_B	0.3442622950819672
8u2o_A	0.3391003460207612
8u3n_B	0.12303664921465969
8u49_A	0.2529411764705882
8u61_B	0.2607843137254902
8u7i_A	0.27647058823529413
8u7n_A	0.075
8uci_A	0.15748031496062992
8uf0_A	0.43
8ufj_B	0.04954954954954955
8ufl_A	0.16730038022813687
8ufo_A	0.02214022140221402
8ug1_B	0.4360655737704918
8uh1_A	0.18867924528301888
8uhb_A	0.1518987341772152
8uhf_B	0.11616161616161616
8uiv_A	0.2773333333333333
8ujw_A	0.1813186813186813
8umo_K	0.08849557522123894
8upi_A	0.31176470588235294
8uq9_a	0.07852193995381063
8urw_C	0.041176470588235294
8usp_A	0.38235294117647056
8uu8_I	0.14728682170542637
8uua_v	0.37559808612440193
8uz7_B	0.4344262295081967
8v1k_A	0.15135135135135136
8v4h_B	0.5497076023391813
8v9k_z	0.3434065934065934
8v9l_z	0.3893333333333333
8vc1_C	0.12020460358056266
8vc5_A	0.14959016393442623
8vd5_B	0.15436241610738255
8vdb_A	0.4233128834355828
8vj2_A	0.32432432432432434
8vjr_C	0.11764705882352941
8vr2_B	0.6043613707165109
8vr5_B	0.42021276595744683
8w41_A	0.07058823529411765
8w7f_B	0.2815533980582524
8w7m_E	0.19607843137254902
8w7p_A	0.252
8w84_C	0.30319148936170215
8w8q_C	0.17770034843205576
8w9t_A	0.08685446009389672
8w9w_A	0.13257575757575757
8wab_A	0.42696629213483145
8wb2_A	0.19553072625698323
8wct_A	0.0514018691588785
8wej_B	0.2568627450980392
8wg5_M	0.040268456375838924
8wi9_b	0.37662337662337664
8wl5_A	0.6689655172413793
8wm7_C	0.45294117647058824
8wo8_A	0.20086393088552915
8wpe_A	0.14705882352941177
8wpk_B	0.07322654462242563
8wqr_B	0.4297752808988764
8wu3_B	0.03333333333333333
8wwo_A	0.17587939698492464
8wwu_B	0.07520325203252033
8wy1_D	0.12156862745098039
8x38_A	0.30465116279069765
8x6v_A	0.5708812260536399
8x7t_D	0.3137254901960784
8xat_B	0.5
8xgc_9	0.31176470588235294
8xgc_I	0.11176470588235295
8xmz_A	0.6496350364963503
8y33_A	0.09239130434782608
8y4u_A	0.2214765100671141
8y6b_D	0.396078431372549
8ya7_A	0.3881401617250674
